source,source_id,doi,title,abstract,published,authors,venue,record_type,cited_by_count,url
OpenAlex,https://openalex.org/W2151905266,10.1177/154193120605000909,Nasa-Task Load Index (NASA-TLX); 20 Years Later,"NASA-TLX is a multi-dimensional scale designed to obtain workload estimates from one or more operators while they are performing a task or immediately afterwards. The years of research that preceded subscale selection and the weighted averaging approach resulted in a tool that has proven to be reasonably easy to use and reliably sensitive to experimentally important manipulations over the past 20 years. Its use has spread far beyond its original application (aviation), focus (crew complement), and language (English). This survey of 550 studies in which NASA-TLX was used or reviewed was undertaken to provide a resource for a new generation of users. The goal was to summarize the environments in which it has been applied, the types of activities the raters performed, other variables that were measured that did (or did not) covary, methodological issues, and lessons learned",2006-10-01,Sandra G. Hart,Proceedings of the Human Factors and Ergonomics Society Annual Meeting,article,4196,https://doi.org/10.1177/154193120605000909
OpenAlex,https://openalex.org/W4245990317,10.1037/e577632012-009,Nasa-task load index (NASA-TLX); 20 years later,,2006-01-01,Sandra G. Hart,PsycEXTRA Dataset,dataset,855,https://doi.org/10.1037/e577632012-009
OpenAlex,https://openalex.org/W2904707672,10.1177/0018720818809590,"Workload and Performance: Associations, Insensitivities, and Dissociations","OBJECTIVE: The aim of this study was to distill and define those influences under which change in objective performance level and the linked cognitive workload reflections of subjective experience and physiological variation either associate, dissociate, or are insensitive, one to another. BACKGROUND: Human factors/ergonomics frequently employs users' self-reports of their own conscious experience, as well as their physiological reactivity, to augment the understanding of changing performance capacity. Under some circumstances, these latter workload responses are the only available assessment information to hand. How such perceptions and physiological responses match, fail to match, or are insensitive to the change in primary-task performance can prove critical to operational success. The reasons underlying these associations, dissociations, and insensitivities are central to the success of future effective human-machine interaction. METHOD: Using extant research on the relations between differing methods of workload assessment, factors influencing their association, dissociation, and insensitivity are identified. RESULTS: Dissociations and insensitivities occur more frequently than extant explanatory theories imply. Methodological and conceptual reasons for these patterns of incongruity are identified and evaluated. APPLICATION: We often seek convergence of results in order to provide coherent explanations as bases for future prediction and practical design implementation. Identifying and understanding the causes as to why different reflections of workload diverge can help practitioners toward operational success.",2018-12-06,Peter A. Hancock; Gerald Matthews,Human Factors The Journal of the Human Factors and Ergonomics Society,article,140,https://doi.org/10.1177/0018720818809590
OpenAlex,https://openalex.org/W4235786747,10.1109/icse.2013.6606617,"Expectations, outcomes, and challenges of modern code review","Code review is a common software engineering practice employed both in open source and industrial contexts. Review today is less formal and more “lightweight” than the code inspections performed and studied in the 70s and 80s. We empirically explore the motivations, challenges, and outcomes of tool-based code reviews. We observed, interviewed, and surveyed developers and managers and manually classified hundreds of review comments across diverse teams at Microsoft. Our study reveals that while finding defects remains the main motivation for review, reviews are less about defects than expected and instead provide additional benefits such as knowledge transfer, increased team awareness, and creation of alternative solutions to problems. Moreover, we find that code and change understanding is the key aspect of code reviewing and that developers employ a wide range of mechanisms to meet their understanding needs, most of which are not met by current tools. We provide recommendations for practitioners and researchers.",2013-05-01,Alberto Bacchelli; Christian Bird,,conference-paper,595,https://doi.org/10.1109/icse.2013.6606617
OpenAlex,https://openalex.org/W3135708166,10.1145/3454122.3454124,The SPACE of Developer Productivity,"Developer productivity is about more than an individual's activity levels or the efficiency of the engineering systems relied on to ship software, and it cannot be measured by a single metric or dimension. The SPACE framework captures different dimensions of productivity, and here we demonstrate how this framework can be used to understand productivity in practice and why using it will help teams better understand developer productivity and create better measures to inform their work and teams.",2021-02-28,Nicole Forsgren; Margaret‐Anne Storey; Chandra Maddila; Thomas Zimmermann; Brian Houck; Jenna Butler,Queue,article,152,https://doi.org/10.1145/3454122.3454124
OpenAlex,https://openalex.org/W4320854981,10.48550/arxiv.2302.06590,The Impact of AI on Developer Productivity: Evidence from GitHub Copilot,"Generative AI tools hold promise to increase human productivity. This paper presents results from a controlled experiment with GitHub Copilot, an AI pair programmer. Recruited software developers were asked to implement an HTTP server in JavaScript as quickly as possible. The treatment group, with access to the AI pair programmer, completed the task 55.8% faster than the control group. Observed heterogenous effects show promise for AI pair programmers to help people transition into software development careers.",2023-02-13,Sida Peng; Eirini Kalliamvakou; Peter Cihon; Mert Demirer,arXiv (Cornell University),preprint,262,http://arxiv.org/abs/2302.06590
OpenAlex,https://openalex.org/W2091990486,10.5555/2486788.2486882,"Expectations, outcomes, and challenges of modern code review","Abstract—Code review is a common software engineering practice employed both in open source and industrial contexts. Review today is less formal and more &amp;quot;lightweight &amp;quot; than the code inspections performed and studied in the 70s and 80s. We empirically explore the motivations, challenges, and outcomes of tool-based code reviews. We observed, interviewed, and surveyed developers and managers and manually classified hundreds of review comments across diverse teams at Microsoft. Our study reveals that while finding defects remains the main motivation for review, reviews are less about defects than expected and instead provide additional benefits such as knowledge transfer, increased team awareness, and creation of alternative solutions to problems. Moreover, we find that code and change understanding is the key aspect of code reviewing and that developers employ a wide range of mechanisms to meet their understanding needs, most of which are not met by current tools. We provide recommendations for practitioners and researchers. I.",2013-05-18,Alberto Bacchelli; Christian Bird,,article,443,http://citeseerx.ist.psu.edu/viewdoc/summary?doi=10.1.1.362.5866
OpenAlex,https://openalex.org/W2019257047,10.1007/s10664-015-9381-9,An empirical study of the impact of modern code review practices on software quality,,2015-04-24,Shane McIntosh; Yasutaka Kamei; Bram Adams; Ahmed E. Hassan,Empirical Software Engineering,article,334,https://doi.org/10.1007/s10664-015-9381-9
OpenAlex,https://openalex.org/W2344367508,10.1109/tse.2015.2500238,Automatically Recommending Peer Reviewers in Modern Code Review,"Code review is an important part of the software development process. Recently, many open source projects have begun practicing code review through “modern” tools such as GitHub pull-requests and Gerrit. Many commercial software companies use similar tools for code review internally. These tools enable the owner of a source code change to request individuals to participate in the review, i.e., reviewers. However, this task comes with a challenge. Prior work has shown that the benefits of code review are dependent upon the expertise of the reviewers involved. Thus, a common problem faced by authors of source code changes is that of identifying the best reviewers for their source code change. To address this problem, we present an approach, namely cHRev, to automatically recommend reviewers who are best suited to participate in a given review, based on their historical contributions as demonstrated in their prior reviews. We evaluate the effectiveness of cHRev on three open source systems as well as a commercial codebase at Microsoft and compare it to the state of the art in reviewer recommendation. We show that by leveraging the specific information in previously completed reviews (i.e.,quantification of review comments and their recency), we are able to improve dramatically on the performance of prior approaches, which (limitedly) operate on generic review information (i.e., reviewers of similar source code file and path names) or source coderepository data. We also present the insights into why our approach cHRev outperforms the existing approaches.",2015-11-12,Motahareh Bahrami Zanjani; Huzefa Kagdi; Christian Bird,IEEE Transactions on Software Engineering,article,178,https://doi.org/10.1109/tse.2015.2500238
OpenAlex,https://openalex.org/W2915232514,10.1109/tse.2019.2900308,What Predicts Software Developers’ Productivity?,"Organizations have a variety of options to help their software developers become their most productive selves, from modifying office layouts, to investing in better tools, to cleaning up the source code. But which options will have the biggest impact? Drawing from the literature in software engineering and industrial/organizational psychology to identify factors that correlate with productivity, we designed a survey that asked 622 developers across 3 companies about these productivity factors and about self-rated productivity. Our results suggest that the factors that most strongly correlate with self-rated productivity were non-technical factors, such as job enthusiasm, peer support for new ideas, and receiving useful feedback about job performance. Compared to other knowledge workers, our results also suggest that software developers' self-rated productivity is more strongly related to task variety and ability to work remotely.",2019-02-19,Emerson Murphy-Hill; Ciera Jaspan; Caitlin Sadowski; David Shepherd; Michael Phillips; Collin Winter; Andrea Knight; Edward K. Smith; Matthew Jorde,IEEE Transactions on Software Engineering,article,98,https://doi.org/10.1109/tse.2019.2900308
OpenAlex,https://openalex.org/W2808429234,10.1145/3183519.3183525,Modern code review,"Employing lightweight, tool-based code review of code changes (aka modern code review) has become the norm for a wide variety of open-source and industrial systems. In this paper, we make an exploratory investigation of modern code review at Google. Google introduced code review early on and evolved it over the years; our study sheds light on why Google introduced this practice and analyzes its current status, after the process has been refined through decades of code changes and millions of code reviews. By means of 12 interviews, a survey with 44 respondents, and the analysis of review logs for 9 million reviewed changes, we investigate motivations behind code review at Google, current practices, and developers' satisfaction and challenges.",2018-05-27,Caitlin Sadowski; Emma Söderberg; Luke Church; Michal Sipko; Alberto Bacchelli,,conference-paper,275,https://doi.org/10.1145/3183519.3183525
OpenAlex,https://openalex.org/W2546705944,10.1145/2950290.2983989,Disrupting developer productivity one bot at a time,"Bots are used to support different software development activities, from automating repetitive tasks to bridging knowledge and communication gaps in software teams. We anticipate the use of Bots will increase and lead to improvements in software quality and developer and team productivity, but what if the disruptive effect is not what we expect?",2016-11-01,Margaret‐Anne Storey; Alexey Zagalsky,,conference-paper,149,https://doi.org/10.1145/2950290.2983989
OpenAlex,https://openalex.org/W1976847375,10.1109/2.536783,The effect of object-oriented frameworks on developer productivity,"Cost and time estimation are difficult problems in software development projects. Software metrics tackle this problem by assuming a statistical correlation between the size of a software project and the amount of effort typically required to realize it. To be useful in estimating cost, a size metric must take into account the inherent complexity of the system. Such metrics have been applied with varying degrees of success, but the nature of software development has been changing, and some of the assumptions behind the established cost-estimation techniques are slowly being invalidated. The System Meter (SM) is a new software sizing approach based on the notion of system description. System descriptions encompass all kinds of software artifacts, from requirement documents to final code. For each kind or level of artifacts, there is a corresponding flavor of SM. In our studies we used the first operational flavor, the SM at the preliminary analysis level, or Pre-SM. In contrast to the well-known Function Point (FP) metric, which is measurable after the more detailed but costly phase of domain analysis only, the SM explicitly takes OO concepts into account. It also distinguishes between components to be developed and those to be reused, thus reflecting the idea of incremental functionality. We present results of a field study of 36 projects developed using object technology. We measured both FP and the Pre-SM method in all 36 projects and compared their correlation to the development effort.",1996-01-01,Simon Moser; Oscar Nierstrasz,Computer,article,112,https://doi.org/10.1109/2.536783
OpenAlex,https://openalex.org/W2733560047,10.1016/j.jss.2018.02.041,What happens when software developers are (un)happy,"The growing literature on affect among software developers mostly reports on the linkage between happiness, software quality, and developer productivity. Understanding happiness and unhappiness in all its components – positive and negative emotions and moods – is an attractive and important endeavor. Scholars in industrial and organizational psychology have suggested that understanding happiness and unhappiness could lead to cost-effective ways of enhancing working conditions, job performance, and to limiting the occurrence of psychological disorders. Our comprehension of the consequences of (un)happiness among developers is still too shallow, being mainly expressed in terms of development productivity and software quality. In this paper, we study what happens when developers are happy and unhappy while developing software. Qualitative data analysis of responses given by 317 questionnaire participants identified 42 consequences of unhappiness and 32 of happiness. We found consequences of happiness and unhappiness that are beneficial and detrimental for developers’ mental well-being, the software development process, and the produced artifacts. Our classification scheme, available as open data enables new happiness research opportunities of cause-effect type, and it can act as a guideline for practitioners for identifying damaging effects of unhappiness and for fostering happiness on the job.",2018-02-27,Daniel Graziotin; Fabian Fagerholm; Xiaofeng Wang; Pekka Abrahamsson,Journal of Systems and Software,article,250,https://doi.org/10.1016/j.jss.2018.02.041
OpenAlex,https://openalex.org/W2574100359,10.1109/icsme.2016.65,Search-Based Peer Reviewers Recommendation in Modern Code Review,"Code review is of primary importance in modern software development. It is widely recognized that peer review is an efficient and effective practice for improving software quality and reducing defect proneness. For successful review process, peer reviewers should have a deep experience and knowledge with the code being reviewed, and familiar to work and collaborate together. However, one of the main challenging tasks in modern code review is to find the most appropriate reviewers for submitted code changes. So far, reviewers assignment is still a manual, costly and time-consuming task. In this paper, we introduce a search-based approach, namely RevRec, to provide decision-making support for code change submitters and/or reviewers assigners to identify most appropriate peer reviewers for their code changes. RevRec aims at finding reviewers to be assigned for a code change based on their expertise and collaboration in past reviews using genetic algorithm (GA). We evaluated our approach on a benchmark of three open-source software systems, Android, OpenStack, and Qt. Results indicate that RevRec accurately recommends code reviewers with up to 59% of precision and 74% of recall. Our experiments provide evidence that leveraging reviewers expertise from their prior reviews and the socio-technical aspects of the team work and collaboration is relevant in improving the performance of peer reviewers recommendation in modern code review.",2016-10-01,Ali Ouni; Raula Gaikovina Kula; Katsuro Inoue,,conference-paper,89,https://doi.org/10.1109/icsme.2016.65
OpenAlex,https://openalex.org/W2883571047,10.1145/3194164.3194178,Technical debt cripples software developer productivity,"Software companies need to continuously deliver customer value, both from a short- and long-term perspective. However, software development can be impeded by what has been described as Technical Debt (TD). The aim of this study is to explore the negative consequences of TD in terms of wasted software development time. This study also investigates on which additional activities this wasted time is spent and whether different types of TD impact the wasted time differently. This study also sets out to examine the benefits of tracking and communicating the amount of wasted time, both from a developer's and manager's perspective. This paper reports the results of a longitudinal study, surveying 43 software developers, together with follow-up interviews with 16 industrial software practitioners. The analysis of the reported wasted time revealed that developers waste, on average, 23% of their development time due to TD and that they are frequently forced to introduce new TD due to already existing TD. The most common activity on which additional time is spent is performing additional testing.",2018-05-27,Terese Besker; Antonio Martini; Jan Bosch,,conference-paper,50,https://doi.org/10.1145/3194164.3194178
OpenAlex,https://openalex.org/W2949102124,10.1016/j.jss.2019.06.004,Software developer productivity loss due to technical debt—A replication and extension study examining developers’ development work,,2019-06-06,Terese Besker; Antonio Martini; Jan Bosch,Journal of Systems and Software,article,75,https://doi.org/10.1016/j.jss.2019.06.004
OpenAlex,https://openalex.org/W2374812233,10.1145/2884781.2884852,Revisiting code ownership and its relationship with software quality in the scope of modern code review,"Code ownership establishes a chain of responsibility for modules in large software systems. Although prior work uncovers a link between code ownership heuristics and software quality, these heuristics rely solely on the authorship of code changes. In addition to authoring code changes, developers also make important contributions to a module by reviewing code changes. Indeed, recent work shows that reviewers are highly active in modern code review processes, often suggesting alternative solutions or providing updates to the code changes. In this paper, we complement traditional code ownership heuristics using code review activity. Through a case study of six releases of the large Qt and OpenStack systems, we find that: (1) 67%--86% of developers did not author any code changes for a module, but still actively contributed by reviewing 21%--39% of the code changes, (2) code ownership heuristics that are aware of reviewing activity share a relationship with software quality, and (3) the proportion of reviewers without expertise shares a strong, increasing relationship with the likelihood of having post-release defects. Our results suggest that reviewing activity captures an important aspect of code ownership, and should be included in approximations of it in future studies.",2016-05-13,Patanamon Thongtanunam; Shane McIntosh; Ahmed E. Hassan; Hajimu Iida,,conference-paper,139,https://doi.org/10.1145/2884781.2884852
OpenAlex,https://openalex.org/W1997548934,10.1145/2597073.2597082,Modern code reviews in open-source projects: which problems do they fix?,"Code review is the manual assessment of source code by humans, mainly intended to identify defects and quality problems. Modern Code Review (MCR), a lightweight variant of the code inspections investigated since the 1970s, prevails today both in industry and open-source software (OSS) systems. The objective of this paper is to increase our understanding of the practical benefits that the MCR process produces on reviewed source code. To that end, we empirically explore the problems fixed through MCR in OSS systems. We manually classified over 1,400 changes taking place in reviewed code from two OSS projects into a validated categorization scheme. Surprisingly, results show that the types of changes due to the MCR process in OSS are strikingly similar to those in the industry and academic systems from literature, featuring the similar 75:25 ratio of maintainability-related to functional problems. We also reveal that 7–35% of review comments are discarded and that 10–22% of the changes are not triggered by an explicit review comment. Patterns emerged in the review data; we investigated them revealing the technical factors that influence the number of changes due to the MCR process. We found that bug-fixing tasks lead to fewer changes and tasks with more altered files and a higher code churn have more changes. Contrary to intuition, the person of the reviewer had no impact on the number of changes.",2014-05-20,Moritz Beller; Alberto Bacchelli; Andy Zaidman; Elmar Juergens,,conference-paper,262,https://doi.org/10.1145/2597073.2597082
OpenAlex,https://openalex.org/W2404549181,10.1109/saner.2016.107,Leveraging Biometric Data to Boost Software Developer Productivity,"Producing great software requires great productive developers. Yet, what does it really mean for an individual developer to be productive, and what can we do to best help developers to be productive? To answer these questions, research has traditionally focused on measuring a developer's output and therefore suffered from two drawbacks: the measures can only be calculated after a developer finished her work and these measures do not account for individual differences between developers. The recent advances in biometric sensor technology offer new opportunities to measure a developer's cognitive and emotional states in real-time and thus allow us to know more about what an individual developer is currently experiencing and what might foster or impede the developer's productivity. Results from recent research studies demonstrate the potential that biometric data has to accurately predict aspects of a developer's work, such as perceived task and code difficulty, progress and interruptibility of a developer. This opens up new opportunities for better supporting developers in their work and, for instance, prevent bugs from entering the code, reduce costly interruptions, and foster a better and more productive work day. Our vision is that biometric sensing will be integrated into a developer's work and that biometrics can be used to boost the productivity of each individual developer.",2016-03-01,Thomas Fritz; S. Müller,,conference-paper,45,https://doi.org/10.1109/saner.2016.107
OpenAlex,https://openalex.org/W2105070072,10.7717/peerj.289,Happy software developers solve problems better: psychological measurements in empirical software engineering,"For more than thirty years, it has been claimed that a way to improve software developers' productivity and software quality is to focus on people and to provide incentives to make developers satisfied and happy. This claim has rarely been verified in software engineering research, which faces an additional challenge in comparison to more traditional engineering fields: software development is an intellectual activity and is dominated by often-neglected human factors (called human aspects in software engineering research). Among the many skills required for software development, developers must possess high analytical problem-solving skills and creativity for the software construction process. According to psychology research, affective states-emotions and moods-deeply influence the cognitive processing abilities and performance of workers, including creativity and analytical problem solving. Nonetheless, little research has investigated the correlation between the affective states, creativity, and analytical problem-solving performance of programmers. This article echoes the call to employ psychological measurements in software engineering research. We report a study with 42 participants to investigate the relationship between the affective states, creativity, and analytical problem-solving skills of software developers. The results offer support for the claim that happy developers are indeed better problem solvers in terms of their analytical abilities. The following contributions are made by this study: (1) providing a better understanding of the impact of affective states on the creativity and analytical problem-solving capacities of developers, (2) introducing and validating psychological measurements, theories, and concepts of affective states, creativity, and analytical-problem-solving skills in empirical software engineering, and (3) raising the need for studying the human factors of software engineering by employing a multidisciplinary viewpoint.",2014-03-11,Daniel Graziotin; Xiaofeng Wang; Pekka Abrahamsson,PeerJ,article,204,https://doi.org/10.7717/peerj.289
OpenAlex,https://openalex.org/W2116484544,10.1109/icse.2009.5070509,Succession: Measuring transfer of code and developer productivity,"Code ownership transfer or succession is a crucial ingredient in open source code reuse and in offshoring projects. Measuring succession can help understand factors that affect the success of such transfers and suggest ways to make them more efficient. We propose and evaluate several methods to measure succession based on the chronology and traces of developer activities. Using ten instances of offshoring succession identified through interviews, we find that the best succession measure can accurately pinpoint the most likely mentors. We model the productivity ratio of more than 1000 developer pairs involved in the succession to test conjectures formulated using the organizational socialization theory and find the ratio to decrease for instances of offshoring and for mentors who have worked primarily on a single project or have transferred ownership for their non-primary project code, thus supporting a theory-based conjectures and providing practical suggestions on how to improve succession.",2009-01-01,Audris Mockus,,conference-paper,61,https://doi.org/10.1109/icse.2009.5070509
OpenAlex,https://openalex.org/W2543971965,10.1007/s10664-016-9452-6,Review participation in modern code review,,2016-10-20,Patanamon Thongtanunam; Shane McIntosh; Ahmed E. Hassan; Hajimu Iida,Empirical Software Engineering,article,119,https://doi.org/10.1007/s10664-016-9452-6
OpenAlex,https://openalex.org/W3031254793,10.1007/s11432-020-3278-4,How does working from home affect developer productivity? — A case study of Baidu during the COVID-19 pandemic,,2022-03-14,Lingfeng Bao; Tao Li; Xin Xia; Kaiyu Zhu; Hui Li; Xiaohu Yang,Science China Information Sciences,article,121,https://doi.org/10.1007/s11432-020-3278-4
OpenAlex,https://openalex.org/W2045389451,10.1147/sj.231.0036,A comparative study of system response time on program developer productivity,Skilled programmer time and computer time and resources are valuable. Earlier studies had shown that added computer resources can decrease system response time and increase programmer productivity significantly. A controlled study has been made to determine whether that finding is true for the particular conditions in another program development organization. That study is reported here. Programmer productivity increased sixty-two percent with subsecond system response time. A new finding is that individual group project offices lead to greater efficiency than large open rooms.,1984-01-01,Gareth Lambert,IBM Systems Journal,article,63,https://doi.org/10.1147/sj.231.0036
OpenAlex,https://openalex.org/W2548718128,10.1145/2950290.2983955,Bing developer assistant: improving developer productivity by recommending sample code,"In programming practice, developers often need sample code in order to learn how to solve a programming-related problem. For example, how to reuse an Application Programming Interface (API) of a large-scale software library and how to implement a certain functionality. We believe that previously written code can help developers understand how others addressed the similar problems and can help them write new programs. We develop a tool called Bing Developer Assistant (BDA), which improves developer productivity by recommending sample code mined from public software repositories (such as GitHub) and web pages (such as Stack Overflow). BDA can automatically mine code snippets that implement an API or answer a code search query. It has been implemented as a free-downloadable extension of Microsoft Visual Studio and has received more than 670K downloads since its initial release in December 2014. BDA is publicly available at: http://aka.ms/devassistant.",2016-11-01,Hongyu Zhang; Anuj Kumar Jain; Gaurav Khandelwal; Chandrashekhar Kaushik; Scott Ge; Wenxiang Hu,,conference-paper,48,https://doi.org/10.1145/2950290.2983955
OpenAlex,https://openalex.org/W1998900885,10.1109/saner.2015.7081824,Who should review my code? A file location-based code-reviewer recommendation approach for Modern Code Review,"Software code review is an inspection of a code change by an independent third-party developer in order to identify and fix defects before an integration. Effectively performing code review can improve the overall software quality. In recent years, Modern Code Review (MCR), a lightweight and tool-based code inspection, has been widely adopted in both proprietary and open-source software systems. Finding appropriate code-reviewers in MCR is a necessary step of reviewing a code change. However, little research is known the difficulty of finding code-reviewers in a distributed software development and its impact on reviewing time. In this paper, we investigate the impact of reviews with code-reviewer assignment problem has on reviewing time. We find that reviews with code-reviewer assignment problem take 12 days longer to approve a code change. To help developers find appropriate code-reviewers, we propose RevFinder, a file location-based code-reviewer recommendation approach. We leverage a similarity of previously reviewed file path to recommend an appropriate code-reviewer. The intuition is that files that are located in similar file paths would be managed and reviewed by similar experienced code-reviewers. Through an empirical evaluation on a case study of 42,045 reviews of Android Open Source Project (AOSP), OpenStack, Qt and LibreOffice projects, we find that RevFinder accurately recommended 79% of reviews with a top 10 recommendation. RevFinder also correctly recommended the code-reviewers with a median rank of 4. The overall ranking of RevFinder is 3 times better than that of a baseline approach. We believe that RevFinder could be applied to MCR in order to help developers find appropriate code-reviewers and speed up the overall code review process.",2015-03-01,Patanamon Thongtanunam; Chakkrit Tantithamthavorn; Raula Gaikovina Kula; Norihiro Yoshida; Hajimu Iida; Kenichi Matsumoto,,conference-paper,228,https://doi.org/10.1109/saner.2015.7081824
OpenAlex,https://openalex.org/W1797215191,10.1007/3-540-44870-5_27,Pair-Programming Effect on Developers Productivity,,2003-01-01,Sven Heiberg; Uuno Puus; Priit Salumaa; Asko Seeba,Lecture notes in computer science,conference-paper,42,https://doi.org/10.1007/3-540-44870-5_27
OpenAlex,https://openalex.org/W2905605441,10.7892/boris.104638,The Effect of Object-Oriented Frameworks on Developer Productivity Measuring the Effects of Object-Oriented Frameworks on the Software Process,"A field study of over thirty projects using Object Technology has shown that the availability (or absence) of reusable frameworks has substantial productivity impacts. This can make it more difficult to reliably estimate the size and cost of such projects early in the software process. The newly proposed System Meter method tackles this problem by distinguishing functionality to be implemented from functionality supported by reusable components. It therefore yields more uniform and predictable productivity measures. Moreover, it can also be applied already after a preliminary analysis phase, in contrast to the more traditional Function Points approach.",1996-09-01,Simon Moser; Oscar Nierstrasz,Open MIND,article,55,https://boris-portal.unibe.ch/handle/20.500.12422/199359
OpenAlex,https://openalex.org/W3109504448,10.1016/j.asoc.2020.106908,WhoReview: A multi-objective search-based approach for code reviewers recommendation in modern code review,,2020-11-30,Moataz Chouchen; Ali Ouni; Mohamed Wiem Mkaouer; Raula Gaikovina Kula; Katsuro Inoue,Applied Soft Computing,article,58,https://doi.org/10.1016/j.asoc.2020.106908
OpenAlex,https://openalex.org/W16905354,10.1080/07421222.1996.11518117,User-Developed Applications: An Empirical Study of Application Quality and Developer Productivity,":As inexpensive microcomputers and easy-to-use software have proliferated throughout organizations, increasing numbers of employees are developing applications. The end-user computing (EUC) literature contains many prescriptions for managing this activity, but there has been little direct empirical examination of the effectiveness of end users as application developers. This paper describes a study in which five different applications were developed independently by paired teams of end users and IS students acting as surrogate IS professionals. This permitted comparison of end users and surrogate IS professionals on the quality of the finished applications and on productivity. The quality analysis focused on technical design and implementation factors as measured by defect counting and a subjective quality attribute rating. Productivity was measured by function point analysis and lines-of-code metrics.The results of the study indicate that the surrogate IS professionals were much more productive and produced higher-quality applications than did the end users. The fact that student surrogates significantly outperformed the end users is particularly interesting since experienced IS professionals might be expected to show even greater differences in productivity and quality. The study should be replicated using IS professionals to confirm the preliminary findings. The results suggest that additional research on the efficacy of end users as application developers is needed.",1996-06-01,Dana Edberg; Brent J. Bowman,Journal of Management Information Systems,article,52,https://doi.org/10.1080/07421222.1996.11518117
OpenAlex,https://openalex.org/W4226169266,10.1109/tse.2022.3158252,GPT2SP: A Transformer-Based Agile Story Point Estimation Approach,"Story point estimation is a task to estimate the overall effort required to fully implement a product backlog item. Various estimation approaches (e.g., Planning Poker, Analogy, and expert judgment) are widely-used, yet they are still inaccurate and may be subjective, leading to ineffective sprint planning. Recent work proposed Deep-SE, a deep learning-based Agile story point estimation approach, yet it is still inaccurate, not transferable to other projects, and not interpretable. In this paper, we propose GPT2SP, a Transformer-based Agile Story Point Estimation approach. Our GPT2SP employs a GPT-2 pre-trained language model with a GPT-2 Transformer-based architecture, allowing our GPT2SP models to better capture the relationship among words while considering the context surrounding a given word and its position in the sequence and be transferable to other projects, while being interpretable. Through an extensive evaluation on 23,313 issues that span across 16 open-source software projects with 10 existing baseline approaches for within- and cross-project scenarios, our results show that our GPT2SP approach achieves a median MAE of 1.16, which is (1) 34%-57% more accurate than existing baseline approaches for within-project estimations; (2) 39%-49% more accurate than existing baseline approaches for cross-project estimations. The ablation study also shows that the GPT-2 architecture used in our approach substantially improves Deep-SE by 6%-47%, highlighting the significant advancement of the AI for Agile story point estimation. Finally, we develop a proof-of-concept tool to help practitioners better understand the most important words that contributed to the story point estimation of the given issue with the best supporting examples from past estimates. Our survey study with 16 Agile practitioners shows that the story point estimation task is perceived as an extremely challenging task. In addition, our AI-based story point estimation with explanations is perceived as more useful and trustworthy than without explanations, highlighting the practical need of our Explainable AI-based story point estimation approach.",2022-03-10,Michael C. Fu; Chakkrit Tantithamthavorn,IEEE Transactions on Software Engineering,article,69,https://doi.org/10.1109/tse.2022.3158252
OpenAlex,https://openalex.org/W2107643286,10.1109/tse.2003.1191795,Empirical analysis of CK metrics for object-oriented design complexity: implications for software defects,"To produce high quality object-oriented (OO) applications, a strong emphasis on design aspects, especially during the early phases of software development, is necessary. Design metrics play an important role in helping developers understand design aspects of software and, hence, improve software quality and developer productivity. In this paper, we provide empirical evidence supporting the role of OO design complexity metrics, specifically a subset of the Chidamber and Kemerer (1991, 1994) suite (CK metrics), in determining software defects. Our results, based on industry data from software developed in two popular programming languages used in OO development, indicate that, even after controlling for the size of the software, these metrics are significantly associated with defects. In addition, we find that the effects of these metrics on defects vary across the samples from two programming languages-C++ and Java. We believe that these results have significant implications for designing high-quality software products using the OO approach.",2003-04-01,Ramanath Subramanyam; Mayuram S. Krishnan,IEEE Transactions on Software Engineering,article,672,https://doi.org/10.1109/tse.2003.1191795
OpenAlex,https://openalex.org/W2055777130,10.1007/s10664-015-9366-8,Investigating technical and non-technical factors influencing modern code review,,2015-03-30,Olga Baysal; Oleksii Kononenko; Reid Holmes; Michael W. Godfrey,Empirical Software Engineering,article,109,https://doi.org/10.1007/s10664-015-9366-8
OpenAlex,https://openalex.org/W3017338766,10.1007/s10664-020-09820-z,Code and commit metrics of developer productivity: a study on team leaders perceptions,,2020-04-13,Edson Oliveira; Eduardo Fernandes; Igor Steinmacher; Marco Cristo; Tayana Conte; Alessandro Garcia,Empirical Software Engineering,article,42,https://doi.org/10.1007/s10664-020-09820-z
OpenAlex,https://openalex.org/W3164546521,10.1145/3453928,The SPACE of developer productivity,There's more to it than you think.,2021-05-24,Nicole Forsgren; Margaret‐Anne Storey; Chandra Maddila; Thomas Zimmermann; Brian Houck; Jenna Butler,Communications of the ACM,article,19,https://doi.org/10.1145/3453928
OpenAlex,https://openalex.org/W3096443795,10.1109/icsme46990.2020.00055,How Does Modern Code Review Impact Software Design Degradation? An In-depth Empirical Study,"Software design is an important concern in modern code review through which multiple developers actively discuss and improve each single code change. However, there is little understanding of the impact of such developers' reviews on continuously reducing design degradation over time. It is even less clear to what extent and how design degradation is reversed during the process of each single code change's review. In summary, existing studies have not assessed how the process of design degradation evolution is impacted along: (i) within each single review, and (ii) across multiple reviews. As a consequence, one cannot understand how certain code review practices consistently contribute to either reduce or further increase design degradation as the project evolves. We aim at addressing these gaps through a multi-project retrospective study. By investigating 14,971 code reviews from seven software projects, we report the first study that characterizes how the process of design degradation evolves within each review and across multiple reviews. Moreover, we analyze a comprehensive suite of metrics to enable us to observe the influence of certain code review practices on combating or even accelerating design degradation. Our results show that the majority of code reviews had little to no design degradation impact in the analyzed projects. Even worse, this observation also applies, to some extent, to reviews with an explicit concern on design. Surprisingly, the practices of long discussions and high proportion of review disagreement in code reviews were found to increase design degradation. Finally, we also discuss how the study findings shed light on how to improve the research and practice of modern code review.",2020-09-01,Anderson Uchôa; Caio Barbosa; Willian Oizumi; Publio Blenílio; Rafael Lima; Alessandro Garcia; Carla Bezerra,,conference-paper,57,https://doi.org/10.1109/icsme46990.2020.00055
OpenAlex,https://openalex.org/W4401641057,10.1145/3687299,"A Systematic Literature Review on the Influence of Enhanced Developer Experience on Developers' Productivity: Factors, Practices, and Recommendations","Context and Motivation – Developer eXperience (Dev-X) is a recent research area that focuses on developers perceptions, feelings, and values with respect to software development and software quality. Research suggests that factors and practices related to Dev-X can have a substantial impact on developer productivity (Dev-P). However, despite a large and diverse body of literature on factors that can impact Dev-P in general, there is no coherent and comprehensive characterization of how Dev-X-specific insights can influence developer productivity. Aims – In the presented research, we aim to provide a coherent, comprehensive characterization of factors and practices related to Dev-X, with a particular focus on those factors and practices that potentially affect Dev-P. Method – To this end, we performed a systematic literature review and identified 218 relevant papers in this area. We characterize the papers based on the related frameworks and concepts common to Dev-X and Dev-P as presented in the existing literature. Dev-X factors such as “work fragmentation” and practices such as “collaboration with owner-developer” are identified using a grounded-in-the-literature, content-analysis method, guided by the theory. For each Dev-X factor, we identify attributes that might be used to assess/ measure the current status (of an organization or project) regarding that factor and how that factor and its effects on productivity have been evidenced in the literature (mentioned vs. considered in questionnaires vs. substantiated with a more positivist evaluation). Results – We identify 33 Dev-X-related factors and 41 Dev-X-related practices, which are organized into 10 themes to summarize their influence. The results suggest that the availability of required resources, relevant expertise re the allocated tasks, and fewer interruptions are among the top positively impacting factors. Conversely, factors such as code complexity, heterogeneous contexts of tasks, and non-adherence to standardization harm Dev-X and Dev-P. Top industrial practices employed to mitigate the negative influence of factors include characterization-based task assignments, mental model support, and the timely evolution of technologies. Conclusions – Overall, this research suggests that organizations can influence Dev-P through improved Dev-X, incorporating suitable practices to mediate relevant factors in their context. Important in this regard are practices such as fragmenting large tasks, highlighting the utility of proposed tasks/changes to the developers, and promoting (developer) ownership of artefacts. Finally, our results point to areas where further research seems appropriate, i.e., where Dev-X factors/practices have been proposed as being impactful on Dev-P but not yet fully substantiated or explored as such (factors like “Nature of Activity” and practices like choosing practices/protocols appropriately).",2024-08-16,Abdul Razzaq; Jim Buckley; Qin Lai; Tingting Yu; Goetz Botterweck,ACM Computing Surveys,review,33,https://doi.org/10.1145/3687299
OpenAlex,https://openalex.org/W3139213909,10.1016/j.jss.2021.110951,A systematic literature review and taxonomy of modern code review,,2021-03-23,Nicole Davila; Ingrid Nunes,Journal of Systems and Software,review,72,https://doi.org/10.1016/j.jss.2021.110951
OpenAlex,https://openalex.org/W4226423392,10.1109/tse.2022.3158543,Quality Evaluation of Modern Code Reviews Through Intelligent Biometric Program Comprehension,"Code review is an essential practice in software engineering to spot code defects in the early stages of software development. Modern code reviews (e.g., acceptance or rejection of pull requests with Git) have become less formal than classic Fagan's inspections, lightweight, and more reliant on individuals (i.e., reviewers). However, reviewers may encounter mentally demanding challenges during the code review, such as code comprehension difficulties or distractions that might affect the code review quality. This work proposes a novel approach that evaluates the quality of code reviews in terms of bug-finding effectiveness and provides the reviewers with a clear message of whether the review should be repeated, indicating the code regions that may not have been well-reviewed. The proposed approach utilizes biometric information collected from the reviewer during the review process using non-intrusive biofeedback devices (e.g., smartwatches). Biometric measures such as Heart Rate Variability (HRV) and task-evoked pupillary response are captured as a surrogate of the cognitive state of the reviewer (e.g., mental workload) and inexpensive desktop eye-trackers compatible with the software development settings. This work uses Artificial Intelligence techniques to predict the cognitive load from the extracted biomarkers and classify each code region according to a set of features. The final evaluation considers various factors such as code complexity, time of the code review, the experience level of the reviewer, and other factors. Our experimental results show the approach could predict the review quality with 87.77%±4.65 accuracy and a Spearman correlation coefficient of 0.85 (p-value < 0.001) between the predicted and the actual review performance. This evaluation validates the cognitive load measurement using electroencephalography (EEG) signals as ground truth for the HRV and pupil signals.",2022-03-11,Haytham Hijazi; João Durães; Ricardo Couceiro; João Castelhano; Raul Barbosa; Júlio Medeiros; Miguel Castelo‐Branco; P. Carvalho; Henrique Madeira,IEEE Transactions on Software Engineering,article,29,https://doi.org/10.1109/tse.2022.3158543
OpenAlex,https://openalex.org/W169546524,,Lean-Agile Software Development: Achieving Enterprise Agility,"Agile techniques have demonstrated immense potential for developing more effective, higher-quality software. However,scaling these techniques to the enterprise presents many challenges. The solution is to integrate the principles and practices of Lean Software Development with Agiles ideology and methods. By doing so, software organizations leverage Leans powerful capabilities for optimizing the whole and managing complex enterprise projects. A combined Lean-Agile approach can dramatically improve both developer productivity and the softwares business value.In this book, three expert Lean software consultants draw from their unparalleled experience to gather all the insights, knowledge, and new skills you need to succeed with Lean-Agile development. Lean-Agile Software Development shows how to extend Scrum processes with an Enterprise view based on Lean principles. The authors present crucial technical insight into emergent design, and demonstrate how to apply it to make iterative development more effective. They also identify several common development anti-patterns that can work against your goals, and they offer actionable, proven alternatives. Lean-Agile Software Development shows how to Transition to Lean Software Development quickly and successfully Manage the initiation of product enhancements Help project managers work together to manage product portfolios more effectively Manage dependencies across the software development organization and with its partners and colleagues Integrate development and QA roles to improve quality and eliminate waste Determine best practices for different software development teams The books companion Web site, www.netobjectives.com/lasd, provides updates, links to related materials, and supportfor discussions of the books content.",2009-10-22,Alan Shalloway; Guy Beaver; James R. Trott,CERN Document Server (European Organization for Nuclear Research),other,51,http://cds.cern.ch/record/1518303
OpenAlex,https://openalex.org/W3022625951,10.1016/j.jss.2020.110586,The influence of Technical Debt on software developer morale,,2020-04-29,Terese Besker; Hadi Ghanbari; Antonio Martini; Jan Bosch,Journal of Systems and Software,article,65,https://doi.org/10.1016/j.jss.2020.110586
OpenAlex,https://openalex.org/W2082638814,10.1145/1882291.1882313,Developer fluency,"Outsourcing and offshoring lead to a rapid influx of new developers in software projects. That, in turn, manifests in lower productivity and project delays. To address this common problem we study how the developers become fluent in software projects. We found that developer productivity in terms of number of tasks per month increases with project tenure and plateaus within a few months in three small and medium projects and it takes up to 12 months in a large project. When adjusted for the task difficulty, developer productivity did not plateau but continued to increase over the entire three year measurement interval. We also discovered that tasks vary according to their importance(centrality) to a project. The increase in task centrality along four dimensions: customer, system-wide, team, and future impact was approximately linear over the entire period. By studying developer fluency we contribute by determining dimensions along which developer expertise is acquired, finding ways to measure them, and quantifying the trajectories of developer learning.",2010-11-07,Minghui Zhou; Audris Mockus,,conference-paper,100,https://doi.org/10.1145/1882291.1882313
OpenAlex,https://openalex.org/W2125279207,10.1109/icsm.2015.7332457,Investigating code review quality: Do people and participation matter?,"Code review is an essential element of any mature software development project; it aims at evaluating code contributions submitted by developers. In principle, code review should improve the quality of code changes (patches) before they are committed to the project's master repository. In practice, bugs are sometimes unwittingly introduced during this process. In this paper, we report on an empirical study investigating code review quality for Mozilla, a large open-source project. We explore the relationships between the reviewers' code inspections and a set of factors, both personal and social in nature, that might affect the quality of such inspections. We applied the SZZ algorithm to detect bug-inducing changes that were then linked to the code review information extracted from the issue tracking system. We found that 54% of the reviewed changes introduced bugs in the code. Our findings also showed that both personal metrics, such as reviewer workload and experience, and participation metrics, such as the number of involved developers, are associated with the quality of the code review process.",2015-09-01,Oleksii Kononenko; Olga Baysal; Latifa Guerrouj; Yaxin Cao; Michael W. Godfrey,,conference-paper,154,https://doi.org/10.1109/icsm.2015.7332457
OpenAlex,https://openalex.org/W3106531190,,Chat activity is a better predictor than chat sentiment on software developers productivity,"Recent works have proposed that software developers’ positive emotion has a positive impact on software developers’ productivity. In this paper we investigate two data sources: developers chat messages (from Slack and Hipchat) and source code commits of a single co-located Agile team over 200 working days. Our regression analysis shows that the number of chat messages is the best predictor and predicts productivity measured both in the number of commits and lines of code with R2 of 0.33 and 0.27 respectively. We then add sentiment analysis variables until AIC of our model no longer improves and gets R2 values of 0.37 (commits) and 0.30 (lines of code). Thus, analyzing chat sentiment improves productivity prediction over chat activity alone but the difference is not massive. This work supports the idea that emotional state and productivity are linked in software development. We find that three positive sentiment metrics, but surprisingly also one negative sentiment metric is associated with higher productivity.",2020-01-01,Miikka Kuutila; Mika Mäntylä; Maëlick Claes,University of Oulu Repository (University of Oulu),article,20,http://urn.fi/urn:nbn:fi-fe2020100176316
OpenAlex,https://openalex.org/W2063800122,10.4018/jossp.2010040104,Impact of Programming Language Fragmentation on Developer Productivity,"Programmers often develop software in multiple languages. In an effort to study the effects of programming language fragmentation on productivity—and ultimately on a developer’s problem-solving abilities—the authors present a metric, language entropy, for characterizing the distribution of a developer’s programming efforts across multiple programming languages. This paper presents an observational study examining the project contributions of a random sample of 500 SourceForge developers. Using a random coefficients model, the authors find a statistically (alpha level of 0.001) and practically significant correlation between language entropy and the size of monthly project contributions. Results indicate that programming language fragmentation is negatively related to the total amount of code contributed by developers within SourceForge, an open source software (OSS) community.",2010-04-01,Jonathan L. Krein; Alexander MacLean; Charles D. Knutson; Daniel P. Delorey; Dennis L. Eggett,International Journal of Open Source Software and Processes,article,21,https://doi.org/10.4018/jossp.2010040104
OpenAlex,https://openalex.org/W2753663421,10.5120/ijais12-450574,Effort Estimation in Agile Software Development using Story Points,"Agile software development has been gaining popularity and replacing the traditional methods of developing software. However, estimating the size and effort in Agile Software development still remains a challenge. This paper gives an overview of the different size estimation methods traditionally used and discusses in details the method based on Story Points, which is at present the most widely used estimation technique in Agile Software Development. The paper describes the steps followed in Story Point based method and highlights the area which needs to be looked into further.",2012-08-13,Evita Coelho; Anirban Basu,International Journal of Applied Information Systems,article,82,https://doi.org/10.5120/ijais12-450574
OpenAlex,https://openalex.org/W3209001851,10.1016/j.infsof.2021.106756,Early Prediction for Merged vs Abandoned Code Changes in Modern Code Reviews,"The modern code review process is an integral part of the current software development practice. Considerable effort is given here to inspect code changes, find defects, suggest an improvement, and address the suggestions of the reviewers. In a code review process, usually, several iterations take place where an author submits code changes and a reviewer gives feedback until is happy to accept the change. In around 12% cases, the changes are abandoned, eventually wasting all the efforts. In this research, our objective is to design a tool that can predict whether a code change would be merged or abandoned at an early stage to reduce the waste of efforts of all stakeholders (e.g., program author, reviewer, project management, etc.) involved. The real-world demand for such a tool was formally identified by a study by Fan et al. [1]. We have mined 146,612 code changes from the code reviews of three large and popular open-source software and trained and tested a suite of supervised machine learning classifiers, both shallow and deep learning based. We consider a total of 25 features in each code change during the training and testing of the models. The best performing model named PredCR (Predicting Code Review), a LightGBM-based classifier achieves around 85% AUC score on average and relatively improves the state-of-the-art [1] by 14-23%. In our empirical study on the 146,612 code changes from the three software projects, we find that (1) The new features like reviewer dimensions that are introduced in PredCR are the most informative. (2) Compared to the baseline, PredCR is more effective towards reducing bias against new developers. (3) PredCR uses historical data in the code review repository and as such the performance of PredCR improves as a software system evolves with new and more data.",2019-12-07,Md. Khairul Islam; Toufique Ahmed; Rifat Shahriyar; Anindya Iqbal; Gias Uddin,arXiv (Cornell University),preprint,27,http://arxiv.org/abs/1912.03437
OpenAlex,https://openalex.org/W4398795735,10.1145/3664646.3665664,AI-Assisted Assessment of Coding Practices in Modern Code Review,"Modern code review is a process in which an incremental code contribution made by a code author is reviewed by one or more peers before it is committed to the version control system. An important element of modern code review is verifying that code contributions adhere to best practices. While some of these best practices can be automatically verified, verifying others is commonly left to human reviewers. This paper reports on the development, deployment, and evaluation of AutoCommenter, a system backed by a large language model that automatically learns and enforces coding best practices. We implemented AutoCommenter for four programming languages (C++, Java, Python, and Go) and evaluated its performance and adoption in a large industrial setting. Our evaluation shows that an end-to-end system for learning and enforcing coding best practices is feasible and has a positive impact on the developer workflow. Additionally, this paper reports on the challenges associated with deploying such a system to tens of thousands of developers and the corresponding lessons learned.",2024-07-10,Manushree Vijayvergiya; Małgorzata Salawa; Ivan Budiselić; Daniel Zheng; Pascal Lamblin; Marko Ivanković; Juanjo Carin; Mateusz Lewko; Jovan Andonov; Goran Petrović; Daniel Tarlow; Petros Maniatis; René Just,,conference-paper,22,https://doi.org/10.1145/3664646.3665664
OpenAlex,https://openalex.org/W2288177242,10.1016/j.infsof.2016.01.004,Reviewer recommendation for pull-requests in GitHub: What can we learn from code review and bug assignment?,,2016-01-18,Yue Yu; Huaimin Wang; Gang Yin; Tao Wang,Information and Software Technology,article,244,https://doi.org/10.1016/j.infsof.2016.01.004
OpenAlex,https://openalex.org/W2041212365,10.1080/026839696345379,An empirical evaluation of the impact of CASE on developer productivity and software quality,"This paper presents the findings of research into the impact of computer aided software engineering (CASE) tools. It is based on a questionnaire survey of software developers in UK organizations. CASE had a positive effect on developer productivity and the quality of applications software. It particularly improved the reliability and accuracy of applications software, though this was sometimes offset by a deterioration in software efficiency. There was little evidence of productivity being ‘traded’ for quality, since developers citing productivity gains also tended to report quality improvements. The extent to which organizations were able to realize the benefits of CASE depended on the experience, competence and training of individual developers. This has significant implications for the selection and training of personnel and the use of consultants. Methodologically, the findings also serve to underline the importance of explicitly taking account of prior development environments, when using retrospective methods to evaluate different software technologies.",1996-06-01,Richard Timothy Coupe; N.M. Onodu,Journal of Information Technology,article,15,http://doi.org/10.1080/026839696345379
OpenAlex,https://openalex.org/W2580855102,10.1109/tse.2017.2656886,"The Work Life of Developers: Activities, Switches and Perceived Productivity","Many software development organizations strive to enhance the productivity of their developers. All too often, efforts aimed at improving developer productivity are undertaken without knowledge about how developers spend their time at work and how it influences their own perception of productivity. To fill in this gap, we deployed a monitoring application at 20 computers of professional software developers from four companies for an average of 11 full work day in situ. Corroborating earlier findings, we found that developers spend their time on a wide variety of activities and switch regularly between them, resulting in highly fragmented work. Our findings extend beyond existing research in that we correlate developers' work habits with perceived productivity and also show productivity is a personal matter. Although productivity is personal, developers can be roughly grouped into morning, low-at-lunch and afternoon people. A stepwise linear regression per participant revealed that more user input is most often associated with a positive, and emails, planned meetings and work unrelated websites with a negative perception of productivity. We discuss opportunities of our findings, the potential to predict high and low productivity and suggest design approaches to create better tool support for planning developers' work day and improving their personal productivity.",2017-01-23,André N. Meyer; Laura Barton; Gail C. Murphy; Thomas Zimmermann; Thomas Fritz,IEEE Transactions on Software Engineering,article,166,https://doi.org/10.1109/tse.2017.2656886
OpenAlex,https://openalex.org/W2266998582,,Story Point Approach based Agile Software Effort Estimation using Various SVR Kernel Methods.,"Abstract—Agile software development process represents a major departure from traditional, plan-based approaches to soft-ware engineering. Estimating effort of agile software accurately in early stage of software development life cycle is a major challenge in the software industry. For improving the estimation accuracy, various optimization techniques are used. The Support Vector Regression (SVR) is one of these techniques that helps in getting optimal estimated values. The main objective of the research work carried out in this paper is to estimate the effort of agile softwares using story point approach. An attempt has been made to optimize the results obtained from story point approach using various SVR kernel methods to achieve better prediction accuracy. A performance comparison of the models obtained using various SVR kernel methods is also presented in order to highlight performance achieved by each method.",2014-07-01,Shashank Mouli Satapathy; Aditi Panda; Santanu Kumar Rath,,article,32,http://citeseerx.ist.psu.edu/viewdoc/summary?doi=10.1.1.955.4711
OpenAlex,https://openalex.org/W2768272122,10.1145/3143434.3143450,Effort estimation for agile software development,"Agile methodologies have gained significant popularity among software development organizations during the last decade. Although agile methodologies are regarded as minimizing formal processes, they still utilize an estimation methodology for proper management. Story point is the most common input for agile effort estimation. Story point is an arbitrary measure; it reflects experiences of project participants. On the other hand, functional size is an alternative measure used in practice as an input for effort estimation. In this research, we collect and present the outcomes of three case studies which compared the effectiveness of COSMIC-based and story point based effort estimation in agile context. On selected projects of these organizations, software functional size was measured with COSMIC functional size measurement methodology. Effort prediction models were formed by using COSMIC size and actual effort spent; and the models were tested in terms of their effectiveness. The results show controversial outcomes. For all the cases, COSMIC based estimation was more precise. Therefore, COSMIC is an appropriate measure to estimate the effort in organizations that adopt agile software development. It is also observed that COSMIC allowed for computing productivity which has less disperse distribution than the productivity computed with SP. The data is also provided to help other researchers conduct their own studies.",2017-10-25,Murat Salmanoğlu; Tuna Hacaloğlu; Onur Demirörs,,conference-paper,49,https://doi.org/10.1145/3143434.3143450
OpenAlex,https://openalex.org/W4409720354,10.1145/3706599.3706670,Examining the Use and Impact of an AI Code Assistant on Developer Productivity and Experience in the Enterprise,,2025-04-23,Justin D. Weisz; Shraddha Kumar; Michael Müller; Karen-Ellen Browne; Arielle Goldberg; Katrin Ellice Heintze; Shagun Bajpai,,conference-paper,29,https://doi.org/10.1145/3706599.3706670
OpenAlex,https://openalex.org/W2767841318,10.1109/ase.2017.8115623,SentiCR: A customized sentiment analysis tool for code review interactions,"Sentiment Analysis tools, developed for analyzing social media text or product reviews, work poorly on a Software Engineering (SE) dataset. Since prior studies have found developers expressing sentiments during various SE activities, there is a need for a customized sentiment analysis tool for the SE domain. On this goal, we manually labeled 2000 review comments to build a training dataset and used our dataset to evaluate seven popular sentiment analysis tools. The poor performances of the existing sentiment analysis tools motivated us to build SentiCR, a sentiment analysis tool especially designed for code review comments. We evaluated SentiCR using one hundred 10-fold cross-validations of eight supervised learning algorithms. We found a model, trained using the Gradient Boosting Tree (GBT) algorithm, providing the highest mean accuracy (83%), the highest mean precision (67.8%), and the highest mean recall (58.4%) in identifying negative review comments.",2017-10-01,Toufique Ahmed; Amiangshu Bosu; Anindya Iqbal; Shahram Rahimi,,conference-paper,135,https://doi.org/10.1109/ase.2017.8115623
OpenAlex,https://openalex.org/W4301142158,10.1145/3540250.3549135,Software security during modern code review: the developer’s perspective,"To avoid software vulnerabilities, organizations are shifting security to earlier stages of the software development, such as at code review time. In this paper, we aim to understand the developers’ perspective on assessing software security during code review, the challenges they encounter, and the support that companies and projects provide. To this end, we conduct a two-step investigation: we interview 10 professional developers and survey 182 practitioners about software security assessment during code review. The outcome is an overview of how developers perceive software security during code review and a set of identified challenges. Our study revealed that most developers do not immediately report to focus on security issues during code review. Only after being asked about software security, developers state to always consider it during review and acknowledge its importance. Most companies do not provide security training, yet expect developers to still ensure security during reviews. Accordingly, developers report the lack of training and security knowledge as the main challenges they face when checking for security issues. In addition, they have challenges with third-party libraries and to identify interactions between parts of code that could have security implications. Moreover, security may be disregarded during reviews due to developers’ assumptions about the security dynamic of the application they develop. Preprint: https://arxiv.org/abs/2208.04261 Data and materials: https://doi.org/10.5281/zenodo.6969369",2022-11-07,Larissa Braz; Alberto Bacchelli,Proceedings of the 30th ACM Joint European Software Engineering Conference and Symposium on the Foundations of Software Engineering,conference-paper,26,https://doi.org/10.1145/3540250.3549135
OpenAlex,https://openalex.org/W4237536189,10.1109/chase.2015.28,Real-Time Monitoring of Neural State in Assessing and Improving Software Developers' Productivity,"Productivity has always been considered a crucial factor for the success of any business, and the same applies to software development. As a result of software development being almost entirely a cognitive task, problems in cognition highly correlate to problems in productivity. Being able to monitor the neural state of developers in real-time can aid in detecting and handling such cognitive problems before they occur and cause any damage. This also means aiding software developers in taking sufficient breaks, assigning tasks appropriate to their knowledge level, managing deadlines and stress, and so on. In this paper we propose Emendo - a conceptual system for continuous monitoring of developers' neural state using an off-the-shelf device. Furthermore, we provide a pilot study on the usability and feasibility of the proposed device for continuous monitoring. We also provide a short discussion of the ethical and acceptance issues of monitoring systems. Our goal is to introduce the possibility of real-time neural state monitoring and its potential benefits to the research community, hopefully attracting more researchers in this research field.",2015-05-01,Stevche Radevski; Hideaki Hata; Kenichi Matsumoto,,conference-paper,15,https://doi.org/10.1109/chase.2015.28
OpenAlex,https://openalex.org/W4308643017,10.1145/3540250.3558940,What improves developer productivity at google? code quality,"Understanding what affects software developer productivity can help organizations choose wise investments in their technical and social environment. But the research literature either focuses on what correlates with developer productivity in ecologically valid settings or focuses on what causes developer productivity in highly constrained settings. In this paper, we bridge the gap by studying software developers at Google through two analyses. In the first analysis, we use panel data with 39 productivity factors, finding that code quality, technical debt, infrastructure tools and support, team communication, goals and priorities, and organizational change and process are all causally linked to self-reported developer productivity. In the second analysis, we use a lagged panel analysis to strengthen our causal claims. We find that increases in perceived code quality tend to be followed by increased perceived developer productivity, but not vice versa, providing the strongest evidence to date that code quality affects individual developer productivity.",2022-11-07,Lan Cheng; Emerson Murphy-Hill; Mark Canning; Ciera Jaspan; Collin Green; Andrea Knight; Nan Zhang; Elizabeth Kammer,Proceedings of the 30th ACM Joint European Software Engineering Conference and Symposium on the Foundations of Software Engineering,conference-paper,17,https://doi.org/10.1145/3540250.3558940
OpenAlex,https://openalex.org/W2773989484,10.1109/esem.2017.17,Characterizing Software Developers by Perceptions of Productivity,"Understanding developer productivity is important to deliver software on time and at reasonable cost. Yet, there are numerous definitions of productivity and, as previous research found, productivity means different things to different developers. In this paper, we analyze the variation in productivity perceptions based on an online survey with 413 professional software devel-opers at Microsoft. Through a cluster analysis, we identify and describe six groups of developers with similar perceptions of productivity: social, lone, focused, balanced, leading, and goal-oriented developers. We argue why personalized recommendations for improving software developers' work is important and discuss design implications of these clusters for tools to support developers' productivity.",2017-11-01,André N. Meyer; Thomas Zimmermann; Thomas Fritz,,conference-paper,35,https://doi.org/10.1109/esem.2017.17
OpenAlex,https://openalex.org/W3137814148,10.1109/saner50967.2021.00060,Anti-patterns in Modern Code Review: Symptoms and Prevalence,"Modern code review (MCR) is now broadly adopted as an established and effective software quality assurance practice, with an increasing number of open-source as well as commercial software projects identifying code review as a crucial practice. During the MCR process, developers review, provide constructive feedback, and/or critique each others&#x2019; patches before a code change is merged into the codebase. Nevertheless, code review is basically a human task that involves technical, personal and social aspects. Existing literature hint the existence of poor reviewing practices i.e., anti-patterns, that may contribute to a tense reviewing culture, degradation of software quality, slow down integration, and may affect the overall sustainability of the project. To better understand these practices, we present in this paper the concept of Modern Code Review Anti-patterns (MCRA) and take a first step to define a catalog that enumerates common poor code review practices. In detail we explore and characterize MCRA symptoms, causes, and impacts. We also conduct a series of preliminary experiments to investigate the prevalence and co-occurrences of such anti-patterns on a random sample of 100 code reviews from various OpenStack projects.",2021-03-01,Moataz Chouchen; Ali Ouni; Raula Gaikovina Kula; Dong Wang; Patanamon Thongtanunam; Mohamed Wiem Mkaouer; Kenichi Matsumoto,,conference-paper,40,https://doi.org/10.1109/saner50967.2021.00060
OpenAlex,https://openalex.org/W2810913898,10.1007/s10664-018-9646-1,The impact of human factors on the participation decision of reviewers in modern code review,,2018-09-06,Shade Ruangwan; Patanamon Thongtanunam; Akinori Ihara; Kenichi Matsumoto,Empirical Software Engineering,article,53,https://doi.org/10.1007/s10664-018-9646-1
OpenAlex,https://openalex.org/W3019951358,10.1145/3387940.3392224,Chat activity is a better predictor than chat sentiment on software developers productivity,"Recent works have proposed that software developers' positive emotion has a positive impact on software developers' productivity. In this paper we investigate two data sources: developers chat messages (from Slack and Hipchat) and source code commits of a single co-located Agile team over 200 working days. Our regression analysis shows that the number of chat messages is the best predictor and predicts productivity measured both in the number of commits and lines of code with R2 of 0.33 and 0.27 respectively. We then add sentiment analysis variables until AIC of our model no longer improves and gets R2 values of 0.37 (commits) and 0.30 (lines of code). Thus, analyzing chat sentiment improves productivity prediction over chat activity alone but the difference is not massive. This work supports the idea that emotional state and productivity are linked in software development. We find that three positive sentiment metrics, but surprisingly also one negative sentiment metric is associated with higher productivity.",2020-06-27,Miikka Kuutila; Mika V. Mãntylã; Maëlick Claes,,conference-paper,12,https://doi.org/10.1145/3387940.3392224
OpenAlex,https://openalex.org/W2807823292,10.1145/3183440.3183446,Fostering software developers' productivity at work through self-monitoring and goal-setting,"Software development organizations strive to enhance the productivity of their developers. While research has looked into various ways for improving developer productivity, little is known about the activities they pursue at work, how these activities influence the fragmentation of work, and how these insights could be leveraged to foster productivity at work. In my PhD thesis, I address software developer productivity by taking a mixed-method approach to investigate developers' perceptions of productivity in the field and to examine the individual differences of each developer's work. My goal is to increase developers' awareness about their own work habits and productivity, and to encourage productive behavior changes at work through the provision of two persuasive technologies, self-monitoring and goal-setting.",2018-05-27,André N. Meyer,,conference-paper,12,https://doi.org/10.1145/3183440.3183446
OpenAlex,https://openalex.org/W2076906103,10.5555/2819321.2819339,Real-time monitoring of neural state in assessing and improving software developers' productivity,"Productivity has always been considered a crucial factor for the success of any business, and the same applies to software development. As a result of software development being almost entirely a cognitive task, problems in cognition highly correlate to problems in productivity. Being able to monitor the neural state of developers in real-time can aid in detecting and handling such cognitive problems before they occur and cause any damage. This also means aiding software developers in taking sufficient breaks, assigning tasks appropriate to their knowledge level, managing deadlines and stress, and so on. In this paper we propose Emendo - a conceptual system for continuous monitoring of developers' neural state using an off-the-shelf device. Furthermore, we provide a pilot study on the usability and feasibility of the proposed device for continuous monitoring. We also provide a short discussion of the ethical and acceptance issues of monitoring systems. Our goal is to introduce the possibility of real-time neural state monitoring and its potential benefits to the research community, hopefully attracting more researchers in this research field.",2015-05-16,Stevche Radevski; Hideaki Hata; Kenichi Matsumoto,International Conference on Software Engineering,conference-paper,12,http://dblp.uni-trier.de/db/conf/icse/chase2015.html#RadevskiHM15
OpenAlex,https://openalex.org/W4392180481,10.1109/ms.2023.3340831,"Developer Productivity for Humans, Part 8: Creativity in Software Engineering","Creativity is an essential part of software engineering. In this column, we describe our approach and insights into how software developers define creativity in their work. Our findings suggest that creativity in software engineering centers on the concepts of clever reuse over pure novelty.",2024-02-26,Sarah Inman; Sarah D’Angelo; Bogdan Vasilescu,IEEE Software,article,9,https://doi.org/10.1109/ms.2023.3340831
OpenAlex,https://openalex.org/W3122049621,10.5120/ijca2021921014,Study on Agile Story Point Estimation Techniques and Challenges,"Agile Scrum Estimations are incredibly crucial for planning and managing Agile Scrum teams. Most of the Agile projects overrun and budgets due to a lack of proper estimates. Lack of proper estimates leads to imprecise planning, design, development, and management of the project, which may deliver the unsatisfied product/project to the customer and thereby unsatisfied customer/end-user. The project risks were not identified when the initial phase of the project leads to indecorous estimates. The primary objective is to present various Agile Story Point estimation techniques used in development environments and their challenges. Helps the development teams to adopt proper estimation methodology in their projects. Various estimation techniques are available to estimate the Agile projects. Various Agile estimation models are Planning Poker, T-Shirt Size, Dot Voting, Bucket System, Large / Uncertain / Small, Ordering Method, Divide Until Maximum Size, or Less. The paper elaborates on each of the Scrum estimation models and includes challenges for each Agile estimation technique.",2021-01-15,Ravi Kiran Mallidi; Manmohan Sharma,International Journal of Computer Applications,article,21,https://doi.org/10.5120/ijca2021921014
OpenAlex,https://openalex.org/W1719563529,10.1016/j.procs.2015.07.474,Empirical Validation of Neural Network Models for Agile Software Effort Estimation based on Story Points,"Now-a-days agile software development process has become famous in industries and substituting the traditional methods of software development. However, an accurate estimation of effort in this paradigm still remains a dispute in industries. Hence, the industry must be able to estimate the effort necessary for software development using agile methodology efficiently. For this, different techniques like expert opinion, analogy, disaggregation etc. are adopted by researchers and practitioners. But no proper mathematical model exists for this. The existing techniques are ad-hoc and are thus prone to be incorrect. One popular approach of calculating effort of agile projects mathematically is the Story Point Approach (SPA). In this study, an effort has been made to enhance the prediction accuracy of agile software effort estimation process using SPA. For doing this, different types of neural networks (General Regression Neural Network (GRNN), Probabilistic Neural Network (PNN), Group Method of Data Handling (GMDH) Polynomial Neural Network and Cascade-Correlation Neural Network) are used. Finally performance of the models generated using various neural networks are compared and analyzed.",2015-01-01,Aditi Panda; Shashank Mouli Satapathy; Santanu Kumar Rath,Procedia Computer Science,conference-paper,72,https://doi.org/10.1016/j.procs.2015.07.474
OpenAlex,https://openalex.org/W2408052243,10.1145/2889160.2889243,A study of the quality-impacting practices of modern code review at Sony mobile,"Nowadays, a flexible, lightweight variant of the code review process (i.e., the practice of having other team members critique software changes) is adopted by open source and proprietary software projects. While this flexibility is a blessing (e.g., enabling code reviews to span the globe), it does not mandate minimum review quality criteria like the formal code inspections of the past. Recent work shows that lax reviewing can impact the quality of open source systems. In this paper, we investigate the impact that code reviewing practices have on the quality of a proprietary system that is developed by Sony Mobile. We begin by replicating open source analyses of the relationship between software quality (as approximated by post-release defect-proneness) and: (1) code review coverage, i.e., the proportion of code changes that have been reviewed and (2) code review participation, i.e., the degree of reviewer involvement in the code review process. We also perform a qualitative analysis, with a survey of 93 stakeholders, semi-structured interviews with 15 stakeholders, and a follow-up survey of 25 senior engineers. Our results indicate that while past measures of review coverage and participation do not share a relationship with defect-proneness at Sony Mobile, reviewing measures that are aware of the Sony Mobile development context are associated with defect-proneness. Our results have lead to improvements of the Sony Mobile code review process.",2016-05-14,Junji Shimagaki; Yasutaka Kamei; Shane McIntosh; Ahmed E. Hassan; Naoyasu Ubayashi,,conference-paper,46,https://doi.org/10.1145/2889160.2889243
OpenAlex,https://openalex.org/W3098073345,10.1007/978-3-642-39259-7_7,Are Happy Developers More Productive?,,2013-01-01,Daniel Graziotin; Xiaofeng Wang; Pekka Abrahamsson,Lecture notes in computer science,conference-paper,73,https://doi.org/10.1007/978-3-642-39259-7_7
OpenAlex,https://openalex.org/W4402572443,10.1109/innocomp63224.2024.00073,A Novel Deep Learning Model for Effective Story Point Estimation in Agile Software Development,"Effort estimation is crucial for successful software project management, with accuracy being pivotal for planning and monitoring. While traditional projects have seen extensive research in this area, agile development, particularly in estimating user stories and critical issues, lacks sufficient exploration. To address this gap, our paper introduces a tailored dataset for story points-based estimation, comprising 23,313 issues from 16 open-source projects. We propose a novel deep learning model, the Long-Deep Recurrent Neural Network (LD-RNN), combining LSTM and recurrent highway network (RHN) architectures. This end-to-end trainable system outperforms existing baselines and alternatives, enhancing accuracy in agile contexts. Our article provides a detailed analysis, covering dataset creation, LD-RNN model intricacies, experimental results, and implications for agile development. The findings contribute to the evolving landscape of agile software development, improving effort estimation through innovative deep learning methodologies. The LD-RNN model offers a promising avenue for more precise project planning and resource allocation in agile environments, addressing the unique challenges posed by user stories and issues.",2024-05-25,Harish Mittal; Mohd Arsalan; Puneet Garg,,conference-paper,16,https://doi.org/10.1109/innocomp63224.2024.00073
OpenAlex,https://openalex.org/W3208981664,10.1556/606.2021.00372,The impact of the software architecture on the developer productivity,"Abstract Distinct technological trends seriously influence the modern software architectures. In this paper, four different software architectures and framework combinations were generally compared. The basis for the analysis is the developer's productivity. In a 3 year-long research and development project, a real-world telemedicine application was efficiently implemented four times with various software architectures and architectural patterns. More than 5,000 person-hours were spent on carrying out them. At present, a unique dataset is available, which provides the opportunity to compare the cost of spent person-hours in different approaches. The goal of this research is to describe the measurement approach, the dataset and the applied architectures considering the software developer's productivity.",2021-11-02,Grácián Kokrehel; Vilmos Bilicki,Pollack Periodica,article,5,https://doi.org/10.1556/606.2021.00372
OpenAlex,https://openalex.org/W4293870746,10.48550/arxiv.2005.13167,How does Working from Home Affect Developer Productivity? -- A Case Study of Baidu During COVID-19 Pandemic,"Nowadays, working from home (WFH) has become a popular work arrangement due to its many potential benefits for both companies and employees (e.g., increasing job satisfaction and retention of employees). Many previous studies have investigated the impact of working from home on the productivity of employees. However, most of these studies usually use a qualitative analysis method such as survey and interview, and the studied participants do not work from home for a long continuing time. Due to the outbreak of coronavirus disease 2019 (COVID-19), a large number of companies asked their employees to work from home, which provides us an opportunity to investigate whether working from home affects their productivity. In this study, to investigate the difference of developer productivity between working from home and working onsite, we conduct a quantitative analysis based on a dataset of developers' daily activities from Baidu Inc, one of the largest IT companies in China. In total, we collected approximately four thousand records of 139 developers' activities of 138 working days. Out of these records, 1,103 records are submitted when developers work from home due to COVID-19 pandemic. We find that WFH has both positive and negative impacts on developer productivity in terms of different metrics, e.g., the number of builds/commits/code reviews. We also notice that working from home has different impacts on projects with different characteristics including programming language, project type/age/size. For example, working from home has a negative impact on developer productivity for large projects. Additionally, we find that productivity varies for different developers. Based on these findings, we get some feedbacks from developers of Baidu and understand some reasons why WFH has different impacts on developer productivity.",2020-05-27,Lingfeng Bao; Tao Li; Xin Xia; Kaiyu Zhu; Hui Li; Xiaohu Yang,arXiv (Cornell University),preprint,29,http://arxiv.org/abs/2005.13167
OpenAlex,https://openalex.org/W4327969900,10.3390/math11061477,Effort and Cost Estimation Using Decision Tree Techniques and Story Points in Agile Software Development,"Early effort estimation is important for efficiently planning the use of resources in an Information Technology (IT) project. However, limited research has been conducted on the topic of effort estimation in agile software development using artificial intelligence. This research project contributes to strengthening the use of hybrid models composed of algorithmic models and learning oriented techniques as a project-level effort estimation method in agile frameworks. Effort estimation in agile methods such as Scrum uses a story point approach that measures, using an arithmetic scale, the effort required to complete a release of the system. This project relied on labeled historical data to estimate the completion time measured in days and the total cost of a project set in Pakistani rupees (PKR). using a decision tree, random forest and AdaBoost to improve the accuracy of predictions. Models were trained using 10-fold cross-validation and the relative error was used as a comparison with literature results. The bootstrap aggregation (bagging) ensemble made of the three techniques provides the highest accuracy, and project classification also improves the estimates.",2023-03-17,Eduardo Rodríguez Sánchez; Eduardo Filemón Vázquez Santacruz; Humberto Cervantes,Mathematics,article,65,https://doi.org/10.3390/math11061477
OpenAlex,https://openalex.org/W4402275888,10.2139/ssrn.4945566,The Effects of Generative AI on High Skilled Work: Evidence from Three Field Experiments with Software Developers,,2024-01-01,Zheyuan Cui; Mert Demirer; Sonia Jaffe; Leon Musolff; Sida Peng; Tobias Salz,SSRN Electronic Journal,preprint,60,https://doi.org/10.2139/ssrn.4945566
OpenAlex,https://openalex.org/W2340482529,10.1016/j.advengsoft.2016.04.001,"Investigating the impact of developer productivity, task interdependence type and communication overhead in a multi-objective optimization approach for software project planning",,2016-04-25,Constantinos Stylianou; Andreas S. Andreou,Advances in Engineering Software,article,18,https://doi.org/10.1016/j.advengsoft.2016.04.001
OpenAlex,https://openalex.org/W2108769867,10.1145/2597073.2597076,"The impact of code review coverage and code review participation on software quality: a case study of the qt, VTK, and ITK projects","Software code review, i.e., the practice of having third-party team members critique changes to a software system, is a well-established best practice in both open source and proprietary software domains. Prior work has shown that the formal code inspections of the past tend to improve the quality of software delivered by students and small teams. However, the formal code inspection process mandates strict review criteria (e.g., in-person meetings and reviewer checklists) to ensure a base level of review quality, while the modern, lightweight code reviewing process does not. Although recent work explores the modern code review process qualitatively, little research quantitatively explores the relationship between properties of the modern code review process and software quality. Hence, in this paper, we study the relationship between software quality and: (1) code review coverage, i.e., the proportion of changes that have been code reviewed, and (2) code review participation, i.e., the degree of reviewer involvement in the code review process. Through a case study of the Qt, VTK, and ITK projects, we find that both code review coverage and participation share a significant link with software quality. Low code review coverage and participation are estimated to produce components with up to two and five additional post-release defects respectively. Our results empirically confirm the intuition that poorly reviewed code has a negative impact on software quality in large systems using modern reviewing tools.",2014-05-20,Shane McIntosh; Yasutaka Kamei; Bram Adams; Ahmed E. Hassan,,conference-paper,357,https://doi.org/10.1145/2597073.2597076
OpenAlex,https://openalex.org/W3091115553,10.1145/3377811.3380335,Mitigating turnover with code review recommendation,"Developer turnover is inevitable on software projects and leads to knowledge loss, a reduction in productivity, and an increase in defects. Mitigation strategies to deal with turnover tend to disrupt and increase workloads for developers. In this work, we suggest that through code review recommendation we can distribute knowledge and mitigate turnover with minimal impacton the development process. We evaluate review recommenders in the context of ensuring expertise during review, Expertise, reducing the review workload of the core team, CoreWorkload, and reducing the Files at Risk to turnover, FaR. We find that prior work that assigns reviewers based on file ownership concentrates knowledge on a small group of core developers increasing risk of knowledge loss from turnover by up to 65%. We propose learning and retention aware review recommenders that when combined are effective at reducing the risk of turnover by -29% but they unacceptably reduce the overall expertise during reviews by -26%. We develop the Sofia recommender that suggests experts when none of the files under review are hoarded by developers, but distributes knowledge when files are at risk. In this way, we are able to simultaneously increase expertise during review with a ΔExpertise of 6%, with a negligible impact on workload of ΔCoreWorkload of 0.09%, and reduce the files at risk by ΔFaR -28%. Sofia is integrated into GitHub pull requests allowing developers to select an appropriate expert or ""learner"" based on the context of the review. We release the Sofia bot as well as the code and data for replication purposes.",2020-06-27,Ehsan Mirsaeedi; Peter C. Rigby,,conference-paper,53,https://doi.org/10.1145/3377811.3380335
OpenAlex,https://openalex.org/W2763622888,10.1145/3127005.3127014,A Large-Scale Study of Modern Code Review and Security in Open Source Projects,"Background: Evidence for the relationship between code review process and software security (and software quality) has the potential to help improve code review automation and tools, as well as provide a better understanding of the economics for improving software security and quality. Prior work in this area has primarily been limited to case studies of a small handful of software projects. Aims: We investigate the effect of modern code review on software security. We extend and generalize prior work that has looked at code review and software quality. Method: We gather a very large dataset from GitHub (3,126 projects in 143 languages, with 489,038 issues and 382,771 pull requests), and use a combination of quantification techniques and multiple regression modeling to study the relationship between code review coverage and participation and software quality and security. Results: We find that code review coverage has a significant effect on software security. We confirm prior results that found a relationship between code review coverage and software defects. Most notably, we find evidence of a negative relationship between code review of pull requests and the number of security bugs reported in a project. Conclusions: Our results suggest that implementing code review policies within the pull request model of development may have a positive effect on the quality and security of software.",2017-10-06,Christopher Thompson; David Wagner,,conference-paper,40,https://doi.org/10.1145/3127005.3127014
OpenAlex,https://openalex.org/W3085452918,10.1145/3387904.3389270,Knowledge Transfer in Modern Code Review,"Knowledge transfer is one of the main goals of modern code review, as shown by several studies that surveyed and interviewed developers. While knowledge transfer is a clear expectation of the code review process, there are no analytical studies using data mined from software repositories to assess the effectiveness of code review in ""training"" developers and improve their skills over time. We present a mining-based study investigating how and whether the code review process helps developers to improve their contributions to open source projects over time. We analyze 32,062 peer-reviewed pull requests (PRs) made across 4,981 GitHub repositories by 728 developers who created their GitHub account in 2015. We assume that PRs performed in the past by a developer D that have been subject to a code review process have ""transferred knowledge"" to D. Then, we verify if over time (i.e., when more and more reviewed PRs are made by D), the quality of the contributions made by D to open source projects increases (as assessed by proxies we defined, such as the acceptance of PRs, or the polarity of the sentiment in the review comments left for the submitted PRs). With the above measures, we were unable to capture the positive impact played by the code review process on the quality of developers' contributions. This might be due to several factors, including the choices we made in our experimental design.Additional investigations are needed to confirm or contradict such a negative result.",2020-07-13,Maria Caulo; Bin Lin; Gabriele Bavota; Giuseppe Scanniello; Michele Lanza,,conference-paper,21,https://doi.org/10.1145/3387904.3389270
OpenAlex,https://openalex.org/W4313461212,10.1109/ms.2022.3212165,A Human-Centered Approach to Developer Productivity,"Measuring the productivity of software developers is inheritently difficult; it requires measuring humans doing a complex, creative task. They are affected by both technological and sociological aspects of their job, and these need to be evaluated in concert to deeply understand developer productivity.",2022-12-20,Ciera Jaspan; Collin Green,IEEE Software,article,8,https://doi.org/10.1109/ms.2022.3212165
OpenAlex,https://openalex.org/W3135365795,10.1145/3434643,Toward an Objective Measure of Developers’ Cognitive Activities,"Understanding how developers carry out different computer science activities with objective measures can help to improve productivity and guide the use and development of supporting tools in software engineering. In this article, we present two controlled experiments involving 112 students to explore multiple computing activities (code comprehension, code review, and data structure manipulations) using three different objective measures including neuroimaging (functional near-infrared spectroscopy (fNIRS) and functional magnetic resonance imaging (fMRI)) and eye tracking. By examining code review and prose review using fMRI, we find that the neural representations of programming languages vs. natural languages are distinct. We can classify which task a participant is undertaking based solely on brain activity, and those task distinctions are modulated by expertise. We leverage insights from the psychological notion of spatial ability to decode the neural representations of several fundamental data structures and their manipulations using fMRI, fNIRS, and eye tracking. We examine list, array, tree, and mental rotation tasks and find that data structure and spatial operations use the same focal regions of the brain but to different degrees: they are related but distinct neural tasks. We demonstrate best practices and describe the implication and tradeoffs between fMRI, fNIRS, eye tracking, and self-reporting for software engineering research.",2021-03-09,Zohreh Sharafi; Yu Huang; Kevin Leach; Westley Weimer,ACM Transactions on Software Engineering and Methodology,article,28,https://doi.org/10.1145/3434643
OpenAlex,https://openalex.org/W2972246936,10.1109/tse.2019.2938525,Enabling Good Work Habits in Software Developers through Reflective Goal-Setting,"Software developers are generally interested in developing better habits to increase their workplace productivity and well-being, but have difficulties identifying concrete goals and actionable strategies to do so. In several areas of life, such as the physical activity and health domain, self-reflection has been shown to be successful at increasing people's awareness about a problematic behavior, motivating them to define a self-improvement goal, and fostering goal-achievement. We therefore designed a reflective goal-setting study to learn more about developers' goals and strategies to improve or maintain good habits at work. In our study, 52 professional software developers self-reflected about their work on a daily basis during two to three weeks, which resulted in a rich set of work habit goals and actionable strategies that developers pursue at work. We also found that purposeful, continuous self-reflection not only increases developers' awareness about productive and unproductive work habits (84.5 percent), but also leads to positive self-improvements that increase developer productivity and well-being (79.6 percent). We discuss how tools could support developers with a better trade-off between the cost and value of workplace self-reflection and increase long-term engagement.",2019-09-03,André N. Meyer; Gail C. Murphy; Thomas Zimmermann; Thomas Fritz,IEEE Transactions on Software Engineering,article,43,https://doi.org/10.1109/tse.2019.2938525
OpenAlex,https://openalex.org/W4397008809,10.1016/j.infsof.2024.107490,Automating modern code review processes with code similarity measurement,,2024-05-17,Yusuf Kartal; Eyüp Kaan Akdeniz; Kemal Özkan,Information and Software Technology,article,10,https://doi.org/10.1016/j.infsof.2024.107490
OpenAlex,https://openalex.org/W2625836133,10.1007/s11334-017-0288-z,Empirical assessment of machine learning models for agile software development effort estimation using story points,,2017-06-12,Shashank Mouli Satapathy; Santanu Kumar Rath,Innovations in Systems and Software Engineering,article,61,https://doi.org/10.1007/s11334-017-0288-z
OpenAlex,https://openalex.org/W2907904533,10.1007/s10664-018-9676-8,Associating working memory capacity and code change ordering with code review performance,,2019-01-02,Tobias Baum; Kurt Schneider; Alberto Bacchelli,Empirical Software Engineering,article,41,https://doi.org/10.1007/s10664-018-9676-8
OpenAlex,https://openalex.org/W2601633364,10.1515/jisys-2016-0294,A Novel Hybrid ABC-PSO Algorithm for Effort Estimation of Software Projects Using Agile Methodologies,"Abstract In modern software development processes, software effort estimation plays a crucial role. The success or failure of projects depends greatly on the accuracy of effort estimation and schedule results. Many studies focused on proposing novel models to enhance the accuracy of predicted results; however, the question of accurate estimation of effort has been a challenging issue with regards to researchers and practitioners, especially when it comes to projects using agile methodologies. This study aims at introducing a novel formula based on team velocity and story point factors. The parameters of this formula are then optimized by employing swarm optimization algorithms. We also propose an improved algorithm combining the advantages of the artificial bee colony and particle swarm optimization algorithms. The experimental results indicated that our approaches outperformed methods in other studies in terms of the accuracy of predicted results.",2017-03-23,Thanh Tung Khuat; Le Thi My Hanh,Journal of Intelligent Systems,article,54,https://doi.org/10.1515/jisys-2016-0294
OpenAlex,https://openalex.org/W3173529525,10.1109/msr52588.2021.00059,Predicting Design Impactful Changes in Modern Code Review: A Large-Scale Empirical Study,"Companies have adopted modern code review as a key technique for continuously monitoring and improving the quality of software changes. One of the main motivations for this is the early detection of design impactful changes, to prevent that design-degrading ones prevail after each code review. Even though design degradation symptoms often lead to changes' rejections, practices of modern code review alone are actually not sufficient to avoid or mitigate design decay. Software design degrades whenever one or more symptoms of poor structural decisions, usually represented by smells, end up being introduced by a change. Design degradation may be related to both technical and social aspects in collaborative code reviews. Unfortunately, there is no study that investigates if code review stakeholders, e.g, reviewers, could benefit from approaches to distinguish and predict design impactful changes with technical and/or social aspects. By analyzing 57,498 reviewed code changes from seven open-source systems, we report an investigation on prediction of design impactful changes in modern code review. We evaluated the use of six ML algorithms to predict design impactful changes. We also extracted and assessed 41 different features based on both social and technical aspects. Our results show that Random Forest and Gradient Boosting are the best algorithms. We also observed that the use of technical features results in more precise predictions. However, the use of social features alone, which are available even before the code review starts (e.g., for team managers or change assigners), also leads to highly-accurate prediction. Therefore social and/or technical prediction models can be used to support further design inspection of suspicious changes early in a code review process. Finally, we provide an enriched dataset that allows researchers to investigate the context behind design impactful changes during the code review process.",2021-05-01,Anderson Uchôa; Caio Barbosa; Daniel Coutinho; Willian Oizumi; Wesley K. G. Assunção; Sílvia Regina Vergílio; Juliana Alves Pereira; Anderson Oliveira; Alessandro Garcia,,conference-paper,43,https://doi.org/10.1109/msr52588.2021.00059
OpenAlex,https://openalex.org/W2978168822,10.5220/0008068800750082,Influence of Emotions on Software Developer Productivity,"The Software developer productivity is an important indicator that has attracted the attention of the industry over the years. It has been established that improving software productivity enhances the performance of organizations. Despite its importance, a full understanding of contextual factors and how they influence productivity is not attained. One such important factor is the developer’s emotions. In this paper, we conduct an experiment on 11 participants where they attempt to solve 10 ACM-style problems as we monitor their emotions and behaviour in the background. The experiments performed achieve an accuracy of 55.4% on the test set using a random forest classifier. There is room for multiple improvements such as increasing dataset size, performing class balancing, and utilizing different aggregation methods for the data. This paper opens a different track for experimentation relating to the relationship between emotions and software productivity. Achieving a better understanding of this relationship can aid further research that would utilize it to build context aware and pervasive systems that can automatically react to developers’ emotions when going through a low productivity phase and orient them towards emotions that are correlated with positive productivity.",2019-01-01,Mohammed R. Anany; Heba Hussien; Sherif G. Aly; Nourhan Sakr,,conference-paper,4,https://doi.org/10.5220/0008068800750082
OpenAlex,https://openalex.org/W2170842698,10.1109/icis.2010.126,Model-Based Dynamic Cost Estimation and Tracking Method for Agile Software Development,"In this paper, we present a software cost estimation model for agile development which can help estimate concrete development costs for the desired features of a product and track the project progress dynamically. In general, existing cost estimation methods for agile developments used a story point. Because it is relative value, the estimation results tend to be easily fluctuated by the small variation of the baseline story point. For tracking project’s progress, the velocity was measured to check the progress and was used to make plan for the iteration and the releases of the project. The proposed method in this paper provides the systematic estimation and dynamic tracking methodology for agile projects. To estimate the effort of a project development, function points are used in addition to the story point. The function points are determined based on the user stories of desired features of the product. We adopt the Kalman filter algorithm for tracking project progress. The remaining function points at a certain point during the project are modeled as the state space model for the Kalman filter. The daily variation of the function point is observed and inputted to the Kalman Filter for providing concrete estimation and velocity. Moreover we validate the better performance of our model by comparing with traditional methods through a case study.",2010-08-01,Sungjoo Kang; Okjoo Choi; Jongmoon Baik,,conference-paper,42,https://doi.org/10.1109/icis.2010.126
OpenAlex,https://openalex.org/W3014741181,10.2172/1606662,Advancing Scientific Productivity through Better Scientific Software: Developer Productivity and Software Sustainability Report,"The Exascale Computing Project (ECP) provides a unique opportunity to advance computational science and engineering (CSE) through an accelerated growth phase in extreme-scale computing. Central to the project is the development of next-generation applications and software technologies that can exploit emerging architectures for optimal performance and provide high-fidelity, multiphysics, multiscale capabilities. However, disruptive changes in computer architectures and the complexities of tackling new frontiers in extreme-scale modeling, simulation, and analysis present daunting challenges to the productivity of software developers and the sustainability of software artifacts. Members of the CSE community - especially at extreme scales but more broadly at all scales of computing - face an urgent need to improve developer productivity, positively impacting product quality, development time, and staffing resources, and software sustainability, reducing the cost of maintaining, sustaining, and evolving software capabilities.",2020-01-28,IDEAS-ECP Team Collaborators; Michael A. Heroux; Lois Curfman McInnes; David E. Bernholdt; Anshu Dubey; Elsa Gonsiorowski; Osni Marques; D. Moulton; Boyana Norris; Elaine M. Raybourn; Satish Balay; Roscoe Bartlett; Lisa Childers; Todd Gamblin; Patricia Grubel; Rinku Gupta; Rebecca Hartman‐Baker; Judith Hill; Stephen D. Hudson; Christoph Junghans; Alicia Klinvex; Reed Milewicz; Mark A. Miller; Hai Ah Nam; Jared O’Neal; Katherine Riley; Ben Sims; Jean Schuler; Barry Smith; Louis James Vernon; Gregory R. Watson; James Willenbring; Paul Wolfenbarger,,report,8,https://doi.org/10.2172/1606662
OpenAlex,https://openalex.org/W3046227412,10.1145/3377929.3390057,Recommending peer reviewers in modern code review,"Modern code review is a common practice used by software developers to ensure high software quality in open source and industrial projects. During code review, developers submit their code changes which should be reviewed, via tool-based code review platforms, before being integrated into the codebase. Then, reviewers provide their feedback to developers, and may request further modifications before finally accepting or rejecting the submitted code changes. However, the identification of appropriate reviewers is still a tedious task as the number of code reviews to be performed is inflated with the increasing number of code changes and the increasing size of software development teams in today's large and active software projects. To help developers with the review process, we introduce a multi-objective search-based approach to find the appropriate set of reviewers. We use the Non-dominated Sorting Genetic Algorithm (NSGA-II) to optimize two conflicting objectives (i) maximize reviewers expertise with the changed files, and (ii) minimize reviewers workload in terms of their current open code reviews. We conduct a preliminary evaluation on two open source projects to evaluate our approach. Results indicate that our approach is efficient as compared to state-of-the-art approaches.",2020-07-08,Motaz Chouchen; Ali Ouni; Mohamed Wiem Mkaouer; Raula Gaikovina Kula; Katsuro Inoue,,conference-paper,6,https://doi.org/10.1145/3377929.3390057
OpenAlex,https://openalex.org/W3010266232,10.1145/3378936.3378953,Software Engineering Wastes - A Perspective of Modern Code Review,"Identification and eradication of waste are the principal emphases of lean thinking. Waste is defined as any activity that consumes resources but does not deliver any value to the stakeholder and it can also be demarcated as an impediment to process flow. Lean thinking has been applied in the software engineering domain concerning overall software development, however, still, there is a need to take action regarding waste identification and elimination concerning specific software engineering activities. This paper describes the wastes generated during Modern Code Review (MCR). MCR is a socio-technical software engineering activity and acknowledged as a lightweight process for defect identification, code improvement and software quality enhancement. It involves coordination and communication among multiple software engineers having different personalities, preferences, and technical skills, thus it can generate multiple types of wastes. Therefore, the study has two objectives that are to recognize and report various wastes generated during MCR and to map the identified MCR wastes on the existing software engineering wastes. Systematic Literature Review and grounded theory has been utilized to recognize and produce a unique list of the waste generated during MCR. The identified unique list of MCR wastes and their mapping on existing software engineering wastes are validated through software engineering experts. The study findings report 28 unique wastes out of which 25 wastes map to the existing software engineering wastes. However, 3 wastes such as negative emotions, inequality/biasness and insignificant feedback are not reported in the existing software engineering literature. The study will be useful for researchers to identify the wastes in same context or for other software engineering activities and to provide the strategies to minimize the generation of identified wastes.",2020-01-12,Nargis Fatima; Sumaira Nazir; Suriayati Chuprat,,conference-paper,12,https://doi.org/10.1145/3378936.3378953
OpenAlex,https://openalex.org/W4399397087,10.1145/3644033.3644374,Leveraging Large Language Models to Boost Dafny’s Developers Productivity,"This research idea paper proposes leveraging Large Language Models (LLMs) to enhance the productivity of Dafny developers. Although the use of verification-aware languages, such as Dafny, has increased considerably in the last decade, these are still not widely adopted. Often the cost of using such languages is too high, due to the level of expertise required from the developers and challenges that they often face when trying to prove a program correct. Even though Dafny automates a lot of the verification process, sometimes there are steps that are too complex for Dafny to perform on its own. One such case is that of missing lemmas, i.e. Dafny is unable to prove a result without being given further help in the form of a theorem that can assist it in the proof of the step.",2024-04-14,Álvaro Silva; Alexandra Mendes; João F. Ferreira,,conference-paper,10,https://doi.org/10.1145/3644033.3644374
OpenAlex,https://openalex.org/W2805836090,10.1145/3202667.3202694,Exploring How Software Developers Work with Mention Bot in GitHub,"Recently, major software development platforms have started to provide automatic reviewer recommendation (ARR) services for pull requests, to improve the collaborative coding review process. However, the user experience of ARR is under-investigated. In this paper, we use a two-stage mixed-methods approach to study how software developers perceive and work with the Facebook mention bot, one of the most popular ARR bots in GitHub. Specifically, in Stage I, we conduct archival analysis on projects employing mention bot and a user survey to investigate the bot's performance. A year later, in Stage II, we revisit these projects and conduct additional surveys and interviews with three user groups: project owners, contributors and reviewers. Results show that developers appreciate mention bot saving their effort, but are bothered by its unstable setting and unbalanced workload allocation. We conclude with design considerations for improving ARR services.",2018-04-21,Zhenhui Peng; Jeehoon Yoo; Meng Xia; Sunghun Kim; Xiaojuan Ma,,conference-paper,26,https://doi.org/10.1145/3202667.3202694
OpenAlex,https://openalex.org/W3095946184,10.1109/hydcon48903.2020.9242913,A platform for enhancing application developer productivity using microservices and micro-frontends,"In recent years, the software development practices have been changing rapidly. Microservices and micro-frontends are one of the most important system architectures that have the potential to enhance developer productivity in building complex and scalable applications. One of the major challenges in this regard is related to establishing and managing communication and transparency among producers and consumers in arriving at the set of microservices and micro-frontends to be built and maintained for various development teams within an organization. This paper presents the details of a proposed platform to assist development teams of an organization in enhancing their productivity. This platform offers assistance in various operations involved in the consumption and production of microservices and micro-frontends for the development of required software applications. In addition, the platform provides data visualization to aid understanding of the dependencies among applications and the set of microservices and micro-frontends.",2020-09-11,P Yedhu Tilak; Vaibhav Yadav; Shah Dhruv Dharmendra; Narasimha Bolloju,,conference-paper,10,https://doi.org/10.1109/hydcon48903.2020.9242913
OpenAlex,https://openalex.org/W4210729440,10.1016/j.infsof.2022.106855,An empirical study on self-admitted technical debt in modern code review,,2022-02-05,Yutaro Kashiwa; Ryoma Nishikawa; Yasutaka Kamei; Masanari Kondo; Emad Shihab; Ryosuke Sato; Naoyasu Ubayashi,Information and Software Technology,article,28,https://doi.org/10.1016/j.infsof.2022.106855
OpenAlex,https://openalex.org/W3085144993,10.1007/s10664-020-09870-3,An Empirical Investigation of Relevant Changes and Automation Needs in Modern Code Review,"Abstract Recent research has shown that available tools for Modern Code Review (MCR) are still far from meeting the current expectations of developers. The objective of this paper is to investigate the approaches and tools that, from a developer’s point of view , are still needed to facilitate MCR activities. To that end, we first empirically elicited a taxonomy of recurrent review change types that characterize MCR. The taxonomy was designed by performing three steps: (i) we generated an initial version of the taxonomy by qualitatively and quantitatively analyzing 211 review changes/commits and 648 review comments of ten open-source projects; then (ii) we integrated into this initial taxonomy, topics, and MCR change types of an existing taxonomy available from the literature; finally, (iii) we surveyed 52 developers to integrate eventually missing change types in the taxonomy. Results of our study highlight that the availability of new emerging development technologies (e.g., Cloud-based technologies) and practices (e.g., Continuous delivery) has pushed developers to perform additional activities during MCR and that additional types of feedback are expected by reviewers. Our participants provided recommendations, specified techniques to employ, and highlighted the data to analyze for building recommender systems able to automate the code review activities composing our taxonomy. We surveyed 14 additional participants (12 developers and 2 researchers), not involved in the previous survey, to qualitatively assess the relevance and completeness of the identified MCR change types as well as assess how critical and feasible to implement are some of the identified techniques to support MCR activities. Thus, with a study involving 21 additional developers, we qualitatively assess the feasibility and usefulness of leveraging natural language feedback (automation considered critical/feasible to implement) in supporting developers during MCR activities. In summary, this study sheds some more light on the approaches and tools that are still needed to facilitate MCR activities, confirming the feasibility and usefulness of using summarization techniques during MCR activities. We believe that the results of our work represent an essential step for meeting the expectations of developers and supporting the vision of full or partial automation in MCR.",2020-09-13,Sebastiano Panichella; Nik Zaugg,Empirical Software Engineering,article,26,https://doi.org/10.1007/s10664-020-09870-3
OpenAlex,https://openalex.org/W3182772968,10.1007/s10664-021-09997-x,Understanding shared links and their intentions to meet information needs in modern code review:,"Abstract Code reviews serve as a quality assurance activity for software teams. Especially for Modern Code Review, sharing a link during a review discussion serves as an effective awareness mechanism where “Code reviews are good FYIs [for your information].”. Although prior work has explored link sharing and the information needs of a code review, the extent to which links are used to properly conduct a review is unknown. In this study, we performed a mixed-method approach to investigate the practice of link sharing and their intentions. First, through a quantitative study of the OpenStack and Qt projects, we identify 19,268 reviews that have 39,686 links to explore the extent to which the links are shared, and analyze a correlation between link sharing and review time. Then in a qualitative study, we manually analyze 1,378 links to understand the role and usefulness of link sharing. Results indicate that internal links are more widely referred to (93% and 80% for the two projects). Importantly, although the majority of the internal links are referencing to reviews, bug reports and source code are also shared in review discussions. The statistical models show that the number of internal links as an explanatory factor does have an increasing relationship with the review time. Finally, we present seven intentions of link sharing, with providing context being the most common intention for sharing links. Based on the findings and a developer survey, we encourage the patch author to provide clear context and explore both internal and external resources, while the review team should continue link sharing activities. Future research directions include the investigation of causality between sharing links and the review process, as well as the potential for tool support.",2021-07-08,Dong Wang; Tao Xiao; Patanamon Thongtanunam; Raula Gaikovina Kula; Kenichi Matsumoto,Empirical Software Engineering,article,29,https://doi.org/10.1007/s10664-021-09997-x
OpenAlex,https://openalex.org/W4392121835,10.1109/tse.2024.3366753,"Factoring Expertise, Workload, and Turnover Into Code Review Recommendation","Developer turnover is inevitable on software projects and leads to knowledge loss, a reduction in productivity, and an increase in defects. Mitigation strategies to deal with turnover tend to disrupt and increase workloads for developers. In this work, we suggest that through code review recommendation we can distribute knowledge and mitigate turnover while more evenly distributing review workload. We conduct historical analyses to understand the natural concentration of review workload and the degree of knowledge spreading that is inherent in code review. Even though review workload is highly concentrated, we show that code review natural spreads knowledge thereby reducing the files at risk to turnover. Using simulation, we evaluate existing code review recommenders and develop novel recommenders to understand their impact on the level of expertise during review, the workload of reviewers, and the files at risk to turnover. Our simulations use seeded random replacement of reviewers to allow us to compare the reviewer recommenders without the confounding variation of different reviewers being replaced for each recommender. We find that prior work that assigns reviewers based on file ownership concentrates knowledge on a small group of core developers increasing the risk of knowledge loss from turnover. Recent work, WhoDo, that considers developer workload, assigns developers that are not sufficiently committed to the project and we see an increase in files at risk to turnover. We propose learning and retention aware review recommenders that when combined are effective at reducing the risk of turnover, but they unacceptably reduce the overall expertise during reviews. Combining recommenders, we develop theSofiaWLrecommender that suggests experts with low active review workload when none of the files under review are known by only one developer. In contrast, when knowledge is concentrated on one developer, it sends the review to other reviewers to spread knowledge. For the projects we study, we are able to globally increase expertise during reviews,$+3$%, reduce workload concentration,$-12$%, and reduce the files at risk,$-28$%. We make our scripts and data available in our replication package[1]. Developers can optimize for a particular outcome measure based on the needs of their project, or use our GitHub bot to automatically balance the outcomes[2].",2024-02-23,Fahimeh Hajari; Samaneh Malmir; Ehsan Mirsaeedi; Peter C. Rigby,IEEE Transactions on Software Engineering,article,13,https://doi.org/10.1109/tse.2024.3366753
OpenAlex,https://openalex.org/W2764192850,10.48550/arxiv.1306.1772,Are Happy Developers more Productive? The Correlation of Affective States of Software Developers and their self-assessed Productivity,"For decades now, it has been claimed that a way to improve software developers' productivity is to focus on people. Indeed, while human factors have been recognized in Software Engineering research, few empirical investigations have attempted to verify the claim. Development tasks are undertaken through cognitive processing abilities. Affective states - emotions, moods, and feelings - have an impact on work-related behaviors, cognitive processing activities, and the productivity of individuals. In this paper, we report an empirical study on the impact of affective states on software developers' performance while programming. Two affective states dimensions are positively correlated with self-assessed productivity. We demonstrate the value of applying psychometrics in Software Engineering studies and echo a call to valorize the human, individualized aspects of software developers. We introduce and validate a measurement instrument and a linear mixed-effects model to study the correlation of affective states and the productivity of software developers.",2013-06-07,Daniel Graziotin; Xiaofeng Wang; Pekka Abrahamsson,arXiv (Cornell University),preprint,21,http://arxiv.org/abs/1306.1772
OpenAlex,https://openalex.org/W3036656830,10.1109/icetas48360.2019.9117444,"Knowledge sharing, a key sustainable practice is on risk: An insight from Modern Code Review","Knowledge is the foremost asset to succeed in the area of green sustainable software engineering. Effective knowledge sharing is a crucial objective of companies. However, individuals are not motivated to share knowledge. This study explores knowledge sharing in the context of Modern Code Review (MCR) where engineers assess source code composed by other developers to improve the product quality through knowledge exchange among developers (Author and reviewer). The procedure is profoundly subject to individual associations among developers regarding contribute to the outcomes of MCR such as identifying alternative solutions, code improvement, and knowledge sharing. Knowledge sharing is supposed as an important outcome of MCR; however, developers involved in MCR activities are confronted with a lack of knowledge sharing challenge due to a dearth of knowledge sharing motivation. There are different individual factors that might encourage or hinder developers to engage in knowledge sharing. Studies have been performed dependent on information investigation gathered from surveys, interviews and review tools concerning elements affecting MCR, still the literature lacks research regarding factors impacting knowledge sharing aspect in MCR. Hence, this examination performs a Systematic Literature Review (SLR) that distinguish individual factors impacting knowledge sharing in MCR. The examination discoveries 34 individual factors such as biasness, cognitive load, time pressure, expertise, etc. The factors are grouped into 7 broad categories utilizing grounded theory. Study discoveries have suggestions for programming specialists involved in MCR activities and researchers interested to perform research in this area to broaden the examination and perform MCR exercises adequately by considering and beating the negative effect of recognized variables.",2019-12-01,Nargis Fatima; Sumaira Nazir; Suriayati Chuprat,2019 IEEE 6th International Conference on Engineering Technologies and Applied Sciences (ICETAS),conference-paper,8,https://doi.org/10.1109/icetas48360.2019.9117444
OpenAlex,https://openalex.org/W4388212670,10.1109/issre59848.2023.00026,LLaMA-Reviewer: Advancing Code Review Automation with Large Language Models through Parameter-Efficient Fine-Tuning,"The automation of code review activities, a long-standing pursuit in software engineering, has been primarily addressed by numerous domain-specific pre-trained models. Despite their success, these models frequently demand extensive resources for pre-training from scratch. In contrast, Large Language Models (LLMs) provide an intriguing alternative, given their remarkable capabilities when supplemented with domain-specific knowledge. However, their potential for automating code review tasks remains largely unexplored.In response to this research gap, we present LLaMA-Reviewer, an innovative framework that leverages the capabilities of LLaMA, a popular LLM, in the realm of code review. Mindful of resource constraints, this framework employs parameter-efficient fine-tuning (PEFT) methods, delivering high performance while using less than 1% of trainable parameters.An extensive evaluation of LLaMA-Reviewer is conducted on two diverse, publicly available datasets. Notably, even with the smallest LLaMA base model consisting of 6.7B parameters and a limited number of tuning epochs, LLaMA-Reviewer equals the performance of existing code-review-focused models.The ablation experiments provide insights into the influence of various fine-tuning process components, including input representation, instruction tuning, and different PEFT methods. To foster continuous progress in this field, the code and all PEFT-weight plugins have been made open-source.",2023-10-09,Junyi Lu; Lei Yu; LI Xiao-jia; Yang Li; Chun Zuo,,conference-paper,103,https://doi.org/10.1109/issre59848.2023.00026
OpenAlex,https://openalex.org/W2892329723,10.1109/tse.2018.2868367,Does Reviewer Recommendation Help Developers?,"Selecting reviewers for code changes is a critical step for an efficient code review process. Recent studies propose automated reviewer recommendation algorithms to support developers in this task. However, the evaluation of recommendation algorithms, when done apart from their target systems and users (i.e., code review tools and change authors), leaves out important aspects: perception of recommendations, influence of recommendations on human choices, and their effect on user experience. This study is the first to evaluate a reviewer recommender in vivo. We compare historical reviewers and recommendations for over 21,000 code reviews performed with a deployed recommender in a company environment and set out to measure the influence of recommendations on users' choices, along with other performance metrics. Having found no evidence of influence, we turn to the users of the recommender. Through interviews and a survey we find that, though perceived as relevant, reviewer recommendations rarely provide additional value for the respondents. We confirm this finding with a larger study at another company. The confirmation of this finding brings up a case for more user-centric approaches to designing and evaluating the recommenders. Finally, we investigate information needs of developers during reviewer selection and discuss promising directions for the next generation of reviewer recommendation tools. Preprint: https://doi.org/10.5281/zenodo.1404814.",2018-09-03,Vladimir Kovalenko; Nava Tintarev; Evgeny Pasynkov; Christian Bird; Alberto Bacchelli,IEEE Transactions on Software Engineering,article,52,https://doi.org/10.1109/tse.2018.2868367
OpenAlex,https://openalex.org/W4389156576,10.48550/arxiv.2311.16429,The Transformative Influence of LLMs on Software Development &amp; Developer Productivity,"The increasing adoption and commercialization of generalized Large Language Models (LLMs) have profoundly impacted various aspects of our daily lives. Initially embraced by the computer science community, the versatility of LLMs has found its way into diverse domains. In particular, the software engineering realm has witnessed the most transformative changes. With LLMs increasingly serving as AI Pair Programming Assistants spurred the development of specialized models aimed at aiding software engineers. Although this new paradigm offers numerous advantages, it also presents critical challenges and open problems. To identify the potential and prevailing obstacles, we systematically reviewed contemporary scholarly publications, emphasizing the perspectives of software developers and usability concerns. Preliminary findings underscore pressing concerns about data privacy, bias, and misinformation. Additionally, we identified several usability challenges, including prompt engineering, increased cognitive demands, and mistrust. Finally, we introduce 12 open problems that we have identified through our survey, covering these various domains.",2023-11-28,Sajed Jalil,arXiv (Cornell University),preprint,4,http://arxiv.org/abs/2311.16429
OpenAlex,https://openalex.org/W2906997596,10.1109/cist.2018.8596370,Support Vector Regression Based on Grid-Search Method for Agile Software Effort Prediction,"The existing literature on software development effort estimation is extensive and focuses particularly on traditional software projects, while few studies have been devoted to agile projects, especially estimating the effort needed for completing the whole software projects. Story points and team velocity are among the commonly effort drivers used for planning and predicting when a software will be completed. In this paper, we propose an improved model for estimating the software effort based on support vector regression (SVR) optimized by grid search method (GS). The story point and velocity were used as inputs of the prediction model. The empirical evaluation is carried out using 21 historical agile software projects through leave-one-out cross validation method. The obtained results demonstrate that our approach was able to improve the performance of SVR technique. Moreover, it outperforms, in terms of Pred(0.25), MMRE and MdMRE, some recent methods reported in the recent literature.",2018-10-01,Abdelali Zakrani; Assia Najm; Abdelaziz Marzak,2018 IEEE 5th International Congress on Information Science and Technology (CiSt),conference-paper,33,https://doi.org/10.1109/cist.2018.8596370
OpenAlex,https://openalex.org/W2137876303,10.1109/icsme.2014.106,ReDA: A Web-Based Visualization Tool for Analyzing Modern Code Review Dataset,"ReDA (http://reda.naist.jp/) is a web-based visualization tool for analyzing Modern Code Review (MCR) datasets for large Open Source Software (OSS) projects. MCR is a commonly practiced and lightweight inspection of source code using a support tool such as Gerrit system. Recently, mining code review history of such systems has received attention as a potentially effective method of ensuring software quality. However, due to increasing size and complexity of softwares being developed, these datasets are becoming unmanageable. ReDA aims to assist researchers of mining code review data by enabling better understand of dataset context and identifying abnormalities. Through real-time data interaction, users can quickly gain insight into the data and hone in on interesting areas to investigate. A video highlighting the main features can be found at: http://youtu.be/ fEoTRRas0U.",2014-09-01,Patanamon Thongtanunam; Xin Yang; Norihiro Yoshida; Raula Gaikovina Kula; Ana Erika Camargo Cruz; Kenji Fujiwara; Hajimu Iida,,conference-paper,24,https://doi.org/10.1109/icsme.2014.106
OpenAlex,https://openalex.org/W2624637914,10.1145/3084226.3084247,Using Metrics to Track Code Review Performance,"During 2015, some members of the Xen Project Advisory Board became worried about the performance of their code review process. The Xen Project is a free, open source software project developing one of the most popular virtualization platforms in the industry. They use a pre-commit peer review process similar to that in the Linux kernel, based on email messages. They had observed a large increase over time in the number of messages related to code review, and were worried about how this could be a signal of problems with their code review process.",2017-06-09,Daniel Izquierdo-Cortázar; Nelson Sekitoleko; Jesus M. Gonzalez-Barahona; Lars Kurth,,conference-paper,19,https://doi.org/10.1145/3084226.3084247
OpenAlex,https://openalex.org/W4390097284,10.1109/ms.2023.3324830,"Developer Productivity for Humans, Part 7: Software Quality","There are three facets of developer productivity: speed, ease, and quality. In this column, we explore software quality, what has made it so difficult to define and measure, and theorize that there are four types of quality which influence each other.",2023-12-22,Collin Green; Ciera Jaspan; Maggie Hodges; Jessica Lin,IEEE Software,article,3,https://doi.org/10.1109/ms.2023.3324830
OpenAlex,https://openalex.org/W2259095193,,Lean-Agile Acceptance Test-Driven Development: Better Software Through Collaboration,"Praise for Lean-Agile Acceptance Test-Driven DevelopmentLean-Agile Acceptance Test-Driven Development tells a tale about three fictive project stakeholders as they use agile techniques to plan and execute their project. The format works well for the book; this book is easy to read, easy to understand, and easy to apply. Johannes Brodwall, Chief Scientist, Steria NorwayAgile development, some say, is all about pairing, and, yes, Im a believer in the power of pairing. After reading this book, however, I became a fan of the triadthe customer or business analyst + the developer + the tester, who work collaboratively on acceptance tests to drive software development. Ive written some patterns for customer interaction and some patterns for testing and I like what Ken Pugh has chosen to share with his readers in this down-to-earth, easy-to-read book. Its a book full of stories, real case studies, and his own good experience. Wisdom worth reading! Linda Rising, Coauthor of Fearless Change: Patterns for Introducing New IdeasThe Agile Manifesto, Extreme Programming, User Stories, and Test-Driven Development have enabled tremendous gains in software development; however, theyre not enough. The question now becomes How can I ensure clear requirements, correct implementation, complete test coverage, and more importantly, customer satisfaction and acceptance? The missing link is acceptance as defined by the customer in their own domain language. Lean-Agile Acceptance Test-Driven Development is the answer. Bob Bogetti, Lead Systems Designer, Baxter HealthcareKen Pughs Lean-Agile Acceptance Test-Driven Development shows you how to integrate essential requirements thinking, user acceptance tests and sounds, and lean-agile practices, so you can deliver product requirements correctly and efficiently. Kens book shows you how table-driven specification, intertwined with requirements modeling, drives out acceptance criteria. Lean-Agile Acceptance Test-Driven Development is an essential guide for lean-agile team members to define clear, unambiguous requirements while also validating needs with acceptance tests. Ellen Gottesdiener, EBG Consulting, www.ebgconsulting.com, Author of Requirements by Collaboration and The Software Requirements Memory JoggerIf you are serious about giving Agile Testing a chance and only have time to read one book, read this one. David Vydra, http://testdriven.comThis book provides clear, straightforward guidance on how to use business-facing tests to drive software development. Im excited about the excellent information in this book. Its a great combination of the authors experiences, references to other experts and research, and an example project that covers many angles of ATDD. A wide range of readers will learn a lot that they can put to use, whether they work on projects that call themselves lean or agile or simply want to deliver the best possible software product. Lisa Crispin, Agile Tester, ePlan Services, Inc., Author of Agile TestingWithin the framework of Acceptance Test-Driven-Development (ATDD), customers, developers, and testers collaborate to create acceptance tests that thoroughly describe how software should work from the customers viewpoint. By tightening the links between customers and agile teams, ATDD can significantly improve both software quality and developer productivity. This is the first start-to-finish, real-world guide to ATDD for every agile project participant. Leading agile consultant Ken Pugh begins with a dialogue among a customer, developer, and tester, explaining the what, why, where, when, and how of ATDD and illuminating the experience of participating in it. Next, Pugh presents a practical, complete reference to each facet of ATDD, from creating simple tests to evaluating their results. He concludes with five diverse case studies, each identifying a realistic set of problems and challenges with proven solutions. Coverage includes How to develop software with fully testable requirements How to simplify and componentize tests and use them to identify missing logic How to test user interfaces, service implementations, and other tricky elements of a software systemHow to identify requirements that are best handled outside software How to present test results, evaluate them, and use them to assess a projects overall progress How to build acceptance tests that are mutually beneficial for development organizations and customers How to scale ATDD to large projects",2010-12-22,Ken Pugh,CERN Document Server (European Organization for Nuclear Research),other,27,http://cds.cern.ch/record/1518476
OpenAlex,https://openalex.org/W4235296083,10.1109/chase.2015.21,Gamifying Software Engineering Tasks Based on Cognitive Principles: The Case of Code Review,"Code review is an important task in software development. However, performing code review is perceived, for the most part, as an undesired task, presenting several challenges to the required collaboration and knowledge transfer between programmers and reviewers. In order to overcome these challenges and improve the effectiveness of code review, we developed SCRUT: Social Code Review Unifying Tool. By recruiting relevant cognitive theories and implementing gamification elements to motivate collaboration and knowledge sharing between programmers and reviewers, we plan to enhance the task of code review. This paper presents our vision for enhancing software engineering via gamification, and the theoretical cognitive foundation on which this vision is based, starting with the example of code review.",2015-05-01,Naomi Unkelos‐Shpigel; Irit Hadar,,conference-paper,11,https://doi.org/10.1109/chase.2015.21
OpenAlex,https://openalex.org/W1969211076,10.1145/2000259.2000291,Towards a process for architectural modelling in agile software development,"Agile methods and architectural modelling have been considered to be mutually exclusive. On the one hand, agile methods try to reduce overheads by avoiding activities that do not directly contribute to the immediate needs of the current project. This often leads to bad cross-project reuse. On the other hand, architectural modelling is considered a pre requisite for the systematic cross-project reuse and for the resulting increase in software developer productivity. The theme of this paper is to address the relationship between agile methods and architectural modelling and to propose a novel process for agile architectural modelling, which drives requirements elicitation through the use of patterns and components. This process is in-line with agile principles and is illustrated on an example application. Additionally, the paper points out the challenges connected to the process validation and proposes an approach for the empirical validation addressing these challenges.",2011-06-20,Zoya Durdik,,conference-paper,17,https://doi.org/10.1145/2000259.2000291
OpenAlex,https://openalex.org/W4254741915,10.1109/icse.2015.73,From Developer Networks to Verified Communities: A Fine-Grained Approach,"Effective software engineering demands a coordinated effort. Unfortunately, a comprehensive view on developer coordination is rarely available to support software-engineering decisions, despite the significant implications on software quality, software architecture, and developer productivity. We present a fine-grained, verifiable, and fully automated approach to capture a view on developer coordination, based on commit information and source-code structure, mined from version-control systems. We apply methodology from network analysis and machine learning to identify developer communities automatically. Compared to previous work, our approach is fine-grained, and identifies statistically significant communities using order-statistics and a community-verification technique based on graph conductance. To demonstrate the scalability and generality of our approach, we analyze ten open-source projects with complex and active histories, written in various programming languages. By surveying 53 open-source developers from the ten projects, we validate the authenticity of inferred community structure with respect to reality. Our results indicate that developers of open-source projects form statistically significant community structures and this particular view on collaboration largely coincides with developers' perceptions of real-world collaboration.",2015-05-01,Mitchell Joblin; Wolfgang Mauerer; Sven Apel; Janet Siegmund; Dirk Riehle,,conference-paper,56,https://doi.org/10.1109/icse.2015.73
OpenAlex,https://openalex.org/W2944163500,10.1007/978-1-4842-4221-6_15,How Team Awareness Influences Perceptions of Developer Productivity,"While tools which help developers make sense of everything that goes on in a software project are necessary to enable developer awareness, these tools currently favour quantitative information over qualitative information. To accuractly represent what goes on in a software project, awareness tools need to focus on summarizing instead of measuring information and be careful when presenting numbers which could be used as an unintended proxy for productivity measures. We argue for the use of natural language and text processing techniques to automatically summarize information from a software project in textual form. Based on the findings of our study, we suggest that such tools should categorize the events in a software project according to whether they are expected or unexpected, and use natural language processing to provide meaningful summaries rather than numbers and graphs which are likely to be misinterpreted as productivity measures.",2019-01-01,Christoph Treude; Fernando Figueira Filho,Apress eBooks,book-chapter,5,https://doi.org/10.1007/978-1-4842-4221-6_15
OpenAlex,https://openalex.org/W4205601502,10.1109/ase51524.2021.9678580,Explainable AI for Software Engineering,"The success of software engineering projects largely depends on complex decision-making. For example, which tasks should a developer do first, who should perform this task, is the software of high quality, is a software system reliable and resilient enough to deploy, etc. However, erroneous decision-making for these complex questions is costly in terms of money and reputation. Thus, Artificial Intelligence/Machine Learning (AI/ML) techniques have been widely used in software engineering for developing software analytics tools and techniques to improve decision-making, developer productivity, and software quality. However, the predictions of such AI/ML models for software engineering are still not practical (i.e., coarse-grained), not explainable, and not actionable. These concerns often hinder the adoption of AI/ML models in software engineering practices. In addition, many recent studies still focus on improving the accuracy, while a few of them focus on improving explainability. Are we moving in the right direction? How can we better improve the SE community (both research and education)?In this tutorial, we first provide a concise yet essential introduction to the most important aspects of Explainable AI and a hands-on tutorial of Explainable AI tools and techniques. Then, we introduce the fundamental knowledge of defect prediction (an example application of AI for Software Engineering). Finally, we demonstrate three successful case studies on how Explainable AI techniques can be used to address the aforementioned challenges by making the predictions of software defect prediction models more practical, explainable, and actionable. The materials are available at https://xai4se.github.io.",2021-11-01,Chakkrit Tantithamthavorn; Jirayus Jiarpakdee,2021 36th IEEE/ACM International Conference on Automated Software Engineering (ASE),conference-paper,69,https://doi.org/10.1109/ase51524.2021.9678580
OpenAlex,https://openalex.org/W4414690271,10.48550/arxiv.2507.09089,Measuring the Impact of Early-2025 AI on Experienced Open-Source Developer Productivity,"Despite widespread adoption, the impact of AI tools on software development in the wild remains understudied. We conduct a randomized controlled trial (RCT) to understand how AI tools at the February-June 2025 frontier affect the productivity of experienced open-source developers. 16 developers with moderate AI experience complete 246 tasks in mature projects on which they have an average of 5 years of prior experience. Each task is randomly assigned to allow or disallow usage of early 2025 AI tools. When AI tools are allowed, developers primarily use Cursor Pro, a popular code editor, and Claude 3.5/3.7 Sonnet. Before starting tasks, developers forecast that allowing AI will reduce completion time by 24%. After completing the study, developers estimate that allowing AI reduced completion time by 20%. Surprisingly, we find that allowing AI actually increases completion time by 19%--AI tooling slowed developers down. This slowdown also contradicts predictions from experts in economics (39% shorter) and ML (38% shorter). To understand this result, we collect and evaluate evidence for 20 properties of our setting that a priori could contribute to the observed slowdown effect--for example, the size and quality standards of projects, or prior developer experience with AI tooling. Although the influence of experimental artifacts cannot be entirely ruled out, the robustness of the slowdown effect across our analyses suggests it is unlikely to primarily be a function of our experimental design.",2025-07-12,"Becker, Joel; Nate Rush; Elizabeth A. Barnes; David B. Rein",arXiv (Cornell University),preprint,8,http://arxiv.org/abs/2507.09089
OpenAlex,https://openalex.org/W4390480971,10.1109/tse.2023.3348172,Code Review Automation: Strengths and Weaknesses of the State of the Art,"The automation of code review has been tackled by several researchers with the goal of reducing its cost. The adoption of deep learning in software engineering pushed the automation to new boundaries, with techniquesimitatingdevelopers in generative tasks, such as commenting on a code change as a reviewer would do or addressing a reviewer's comment by modifying code. The performance of these techniques is usually assessed through quantitative metrics,e.g.,the percentage of instances in the test set for which correct predictions are generated, leaving many open questions on the techniques’ capabilities. For example, knowing that an approach is able to correctly address a reviewer's comment in 10% of cases is of little value without knowing what was asked by the reviewer: What if in all successful cases the code change required to address the comment was just the removal of an empty line? In this paper we aim at characterizing the cases in which three code review automation techniques tend to succeed or fail in the two above-described tasks. The study has a strong qualitative focus, with$\sim$105 man-hours of manual inspection invested in manually analyzing correct and wrong predictions generated by the three techniques, for a total of 2,291 inspected predictions. The output of this analysis are two taxonomies reporting, for each of the two tasks, the types of code changes on which the experimented techniques tend to succeed or to fail, pointing to areas for future work. A result of our manual analysis was also the identification of several issues in the datasets used to train and test the experimented techniques. Finally, we assess the importance of researching in techniques specialized for code review automation by comparing their performance with ChatGPT, a general purpose large language model, finding that ChatGPT struggles in commenting code as a human reviewer would do.",2024-01-01,Rosalia Tufano; Ozren Dabić; Antonio Mastropaolo; Matteo Ciniselli; Gabriele Bavota,IEEE Transactions on Software Engineering,article,45,https://doi.org/10.1109/tse.2023.3348172
OpenAlex,https://openalex.org/W4312414609,10.1145/3524610.3527890,Estimating developers' cognitive load at a fine-grained level using eye-tracking measures,"The comprehension of source code is a task inherent to many software development activities. Code change, code review and debugging are examples of these activities that depend heavily on developers' understanding of the source code. This ability is threatened when developers' cognitive load approaches the limits of their working memory, which in turn affects their understanding and makes them more prone to errors. Measures capturing humans' behavior and changes in their physiological state have been proposed in a number of studies to investigate developers' cognitive load. However, the majority of the existing approaches operate at a coarse-grained task level estimating the difficulty of the source code as a whole. Hence, they cannot be used to pinpoint the mentally demanding parts of it. We address this limitation in this paper through a non-intrusive approach based on eye-tracking. We collect users' behavioral and physiological features while they are engaging with source code and train a set of machine learning models to estimate the mentally demanding parts of code. The evaluation of our models returns F1, recall, accuracy and precision scores up to 85.65%, 84.25%, 86.24% and 88.61%, respectively, when estimating the mental demanding fragments of code. Our approach enables a fine-grained analysis of cognitive load and allows identifying the parts challenging the comprehension of source code. Such an approach provides the means to test new hypotheses addressing the characteristics of specific parts within the source code and paves the road for novel techniques for code review and adaptive e-learning.",2022-05-16,Amine Abbad Andaloussi; Thierry Sorg; Barbara Weber,,conference-paper,26,https://doi.org/10.1145/3524610.3527890
OpenAlex,https://openalex.org/W4383498472,10.1109/ms.2023.3275268,"Developer Productivity for Humans, Part 4: Build Latency, Predictability, and Developer Productivity","On the surface, build latency is a purely technical problem. But humans experience and respond to it in interesting ways: forming expectations, making choices, and organizing work around build latency and similar factors.",2023-07-01,Ciera Jaspan; Collin Green,IEEE Software,article,3,https://doi.org/10.1109/ms.2023.3275268
OpenAlex,https://openalex.org/W4229336258,10.1007/s10664-022-10123-8,Do explicit review strategies improve code review performance? Towards understanding the role of cognitive load,"Abstract Code review is an important process in software engineering – yet, a very expensive one. Therefore, understanding code review and how to improve reviewers’ performance is paramount. In the study presented in this work, we test whether providing developers with explicit reviewing strategies improves their review effectiveness and efficiency. Moreover, we verify if review guidance lowers developers’ cognitive load. We employ an experimental design where professional developers have to perform three code review tasks. Participants are assigned to one of three treatments: ad hoc reviewing, checklist, and guided checklist. The guided checklist was developed to provide an explicit reviewing strategy to developers. While the checklist is a simple form of signaling (a method to reduce cognitive load), the guided checklist incorporates further methods to lower cognitive demands of the task such as segmenting and weeding. The majority of the participants are novice reviewers with low or no code review experience. Our results indicate that the guided checklist is a more effective aid for a simple review,while the checklist supports reviewers’ efficiency and effectiveness in a complex task. However, we did not identify a strong relationship between the guidance provided and code review performance. The checklist has the potential to lower developers’ cognitive load, but higher cognitive load led to better performance possibly due to the generally low effectiveness and efficiency of the study participants. Data and materials: 10.5281/zenodo.5653341 . Registered report: 10.17605/OSF.IO/5FPTJ .",2022-05-07,Pavlína Wurzel Gonçalves; Enrico Fregnan; Tobias Baum; Kurt Schneider; Alberto Bacchelli,Empirical Software Engineering,article,14,https://doi.org/10.1007/s10664-022-10123-8
OpenAlex,https://openalex.org/W4233832782,10.1177/026839629601100207,An Empirical Evaluation of the Impact of Case on Developer Productivity and Software Quality,"This paperpresents the findings of research into the impact of computer aided software engineering (CASE) tools. It is based on a questionnaire survey of software developers in UK organizations. CASE had a positive effect on developer productivity and the quality of applications software. It particularly improved the reliability and accuracy of applications software, though this was sometimes offset by a deterioration in software efficiency. There was little evidence of productivity being ‘traded’ for quality, since developers citing productivity gains also tended to report quality improvements. The extent to which organizations were able to realize the benefits of CASE depended on the experience, competence and training of individual developers. This has significant implications for the selection and training of personnel and the use of consultants. Methodologically, the findings also serve to underline the importance of explicitly taking account of prior development environments, when using retrospective methods to evaluate different software technologies.",1996-06-01,Richard Timothy Coupe; N.M. Onodu,Journal of Information Technology,article,3,https://doi.org/10.1177/026839629601100207
OpenAlex,https://openalex.org/W4321016696,10.1109/ms.2022.3229418,"Developer Productivity for Humans, Part 2: Hybrid Productivity","The COVID-19 pandemic and its relationship to employee privacy, employee productivity, and future hybrid work are discussed in this installment.",2023-02-16,Ciera Jaspan; Collin Green,IEEE Software,article,5,https://doi.org/10.1109/ms.2022.3229418
OpenAlex,https://openalex.org/W4286532184,10.1109/saner53432.2022.00101,Investigating the Effectiveness of Clustering for Story Point Estimation,"Automated techniques to estimate Story Points (SP) for user stories in agile software development came to the fore a decade ago. Yet, the state-of-the-art estimation techniques&#x0027; accuracy has room for improvement. In this paper, we present a new approach for SP estimation, based on analysing textual features of software issues by employing latent Dirichlet allocation (LDA) and clustering. We first use LDA to represent issue reports in a new space of generated topics. We then use hierarchical clustering to agglomerate issues into clusters based on their topic similarities. Next, we build estimation models using the issues in each cluster. Then, we find the closest cluster to the new coming issue and use the model from that cluster to estimate the SP. Our approach is evaluated on a dataset of 26 open source projects with a total of 31,960 issues and compared against both baselines and state-of-the-art SP estimation techniques. The results show that the estimation performance of our proposed approach is as good as the state-of-the-art. However, none of these approaches is statistically significantly better than more naive estimators in all cases, which does not justify their additional complexity. We therefore encourage future work to develop alternative strategies for story points estimation. The experimental data and scripts we used in this work are publicly available to allow for replication and extension.",2022-03-01,Vali Tawosi; Afnan Al-Subaihin; Federica Sarro,"2022 IEEE International Conference on Software Analysis, Evolution and Reengineering (SANER)",conference-paper,21,https://doi.org/10.1109/saner53432.2022.00101
OpenAlex,https://openalex.org/W4389230460,10.1109/ms.2023.3305718,"Developer Productivity for Humans, Part 6: Measuring Flow, Focus, and Friction for Developers","In this article, we describe our human-centered approach to understanding flow, focus, and friction as developers experience them. We emphasized the developer’s point of view by 1) understanding developers’ subjective experiences; 2) identifying logs-based signals that most closely represent these experiences; and 3) validating our metrics against self-reported data. We hope our approach and these examples will inspire others to adopt a holistic view developer experience, one that carefully considers the human in the loop.",2023-11-01,Adam Brown; Alison Chang; Ben Holtz; Sarah D’Angelo,IEEE Software,article,5,https://doi.org/10.1109/ms.2023.3305718
OpenAlex,https://openalex.org/W2709414589,10.1109/icsaw.2017.48,Towards Recovering the Software Architecture of Microservice-Based Systems,"Today the microservice architectural style is being adopted by many key technological players such as Netflix, Amazon, The Guardian. A microservice architecture is composed of a large set of small services, each running in its own process and communicating with lightweight mechanisms (often via REST APIs). If on one side having a large set of independently developed services helps in terms of developer productivity, scalability, maintainability, on the other side it is very difficult to have a clear understanding of the overall architecture of a microservice-based software system, specially when the deployment and operation of the involved microservices evolves at run-time. In this paper we present MicroART, an architecture recovery approach for microservice-based systems. By using Model-Driven Engineering techniques, we leverage a suitably defined domain-specific language for representing the key aspects of the architecture of a microservice-based system and provide a tool-chain for automatically extracting architecture models of the system. The only inputs of MicroART are: (i) a GitHub repository containing the source code of the system and (ii) a reference to the container engine managing it. We validated MicroART on a publicly available benchmark system, with promising results.",2017-04-01,Giona Granchelli; Mario Cardarelli; Paolo Di Francesco; Ivano Malavolta; Ludovico Iovino; Amleto Di Salle,,conference-paper,87,https://doi.org/10.1109/icsaw.2017.48
OpenAlex,https://openalex.org/W2901363067,10.1109/icscee.2018.8538393,Challenges and Benefits of Modern Code Review-Systematic Literature Review Protocol,"Software quality is major concern of all the stakeholders either acquirer of the software or supplier of the software. Software inspection is the static verification technique that can contribute to the quality development of the software. As the development trend is focused towards open source software development the smart and light weight techniques are emerged. One of them is modern code review, a light weight software inspection technique. The modern code review is informal, static code analysis performed by small team using collaborative tools. It is argued that modern code review provides benefits other than defect detection and is also subject to various challenges such as lack of trust, communication issues, effective knowledge sharing, personal conflicts and varying situations etc. There has been little research with respect to systematizing and identifying the challenges faced by, and benefits gained by Modern Code Review (MCR) team. There is dire need to recognize and organize these challenges and benefits based on modern code review literature. The aim is to highlight and organize the challenges and benefits regarding modern code review context. It will be beneficial for software quality assurance practitioners and researchers by providing classified list of challenges and benefits.",2018-07-01,Nargis Fatima; Suriayati Chuprat; Sumaira Nazir,,review,17,https://doi.org/10.1109/icscee.2018.8538393
OpenAlex,https://openalex.org/W2528583031,10.5194/gmd-9-3533-2016,"LAND-SE: a software for statistically based landslide susceptibilityzonation, version 1.0","Abstract. Landslide susceptibility (LS) assessment provides a relative estimate of landslide spatial occurrence based on local terrain conditions. A literature review revealed that LS evaluation has been performed in many study areas worldwide using different methods, model types, different partition of the territory (mapping units) and a large variety of geo-environmental data. Among the different methods, statistical models have been largely used to evaluate LS, but the minority of articles presents a complete and comprehensive LS assessment that includes model performance analysis, prediction skills evaluation, and estimation of the errors and uncertainty. The aim of this paper is to describe LAND-SE (LANDslide Susceptibility Evaluation) software that performs susceptibility modelling and zonation using statistical models, quantifies the model performances, and the associated uncertainty. The software is implemented in R, a free software environment for statistical computing and graphics. This provides users with the possibility to implement and improve the code with additional models, evaluation tools, or output types. The paper describes the software structure, explains input and output, and illustrates specific applications with maps and graphs. The LAND-SE script is delivered with a basic user guide and three example data sets.",2016-10-04,Mauro Rossi; Paola Reichenbach,Geoscientific model development,article,120,https://doi.org/10.5194/gmd-9-3533-2016
OpenAlex,https://openalex.org/W3215717857,10.5167/uzh-126890,Using Biometric Sensors to Increase Developers' Productivity,"The development of software is a cost- and people-intensive process. For years, the software development industry has been coping with a shortage of software developers. Besides just training even more software developers, an alternative and particularly promising way to tackle this problem, is to boost the productivity of every single developer. Traditionally, research on developers’ productivity has primarily focused on assessing their output using certain metrics and has therefore suffered from two major drawbacks: most of these approaches do not take into account the individual differences that exist between software developers, and the metrics used for these approaches can, in most cases, only be calculated once the work is done. Emerging biometric sensors offer a new opportunity to gain a better understanding of what developers perceive during their work and thereby a new way to better understand what aspects are affecting developers’ productivity. The basic idea behind biometric sensing is to measure a person’s physiological features that in turn can be linked to a person’s psychological states. A multitude of studies in psychology have already shown that biometric measurements can be used to assess the emotional and cognitive states of a developer. In our research, we investigate the use of biometric measurements to assess a developer’s perceived difficulty, progress and emotions while working on a change task. Based on the assumption that more difficult code has a higher likelihood to contain a bug compared to code that is perceived as being easier, we also investigate the use of biometric measurements to identify code quality concerns in the code developers are changing. Our vision is to gain a better understanding of what every individual developer experiences, feels or perceives during his/her work, and how these aspects affect his/her productivity, to suggest approaches which increase every individual developer’s productivity. In our research, we conducted three studies, ranging from lab experiments to a two-week field study, to investigate the use of biometric sensors in a software development context. The results of our studies provide initial evidence that biometrics can be used to better understand what a developer perceives in realtime, while s/he is working on a change task. In particular, using biometric data, we were able to distinguish between positive and negative emotions, phases of high and low progress and to predict a developer’s perceived difficulty while working on a change task with high accuracy. Additionally, we were able to use biometrics to predict code quality concerns that were identified in peer code reviews. These findings open up many opportunities for better supporting developers in their work, for instance by automatically and instantaneously detecting potential quality concerns in the code, before they are committed to the code repository, or by avoiding costly interruptions when a developer is in the flow and making a lot of progress.",2016-01-01,Sebastian Müller,Zurich Open Repository and Archive (University of Zurich),dissertation,3,https://www.zora.uzh.ch/id/eprint/126890/1/thesis_book_version.pdf
OpenAlex,https://openalex.org/W3009170938,10.1145/3378936.3378954,Modern Code Review Benefits-Primary Findings of A Systematic Literature Review,"Modern Code Review (MCR) an effective quality assurance technique that can ensure software quality and customer satisfaction through the identification of defects, code improvement and accelerating the development process. It is an asynchronous and lightweight review process supported with review tools, for instance, Gerrit. It is a light version of Fagan's inspection process and has developed as a practice for open-source and industrial software development. Researches have been conducted in the context of MCR utilizing various data collection methodologies such as interviews, surveys and comment analysis from review tools. Besides defect detection, other benefits have been reported concerning MCR process adoption, for instance, knowledge sharing, team awareness, collaboration, etc. However, the team members involved in MCR activities are not aware of the benefits of MCR activities as the literature is dispersed. No, systematize study available reporting benefits concerning MCR. As a consequence, there is a lack of actual awareness of the adoption of the MCR process. Therefore, the objective of the study is to systematically analyze and report the benefits of the MCR process. Systematic Literature Review has been utilized to identify MCR benefits. Thematic analysis has been performed to group the identified benefits into the relevant themes. The themes and reported benefits are validated by the experts for their relevancy. The study findings report 54 unique benefits, grouped into 9 themes. This research has implications for the software industry, engineer and researchers. The industry can incorporate the MCR process widely, whereas software engineers being aware of the real benefits of MCR can provide their participation effectively in achieving those benefits in reality. In future, the researchers can extend this study by identifying more benefits in different research settings and by quantifying the reported benefits of MCR.",2020-01-12,Sumaira Nazir; Nargis Fatima; Suriayati Chuprat,,review,15,https://doi.org/10.1145/3378936.3378954
OpenAlex,https://openalex.org/W1964570755,10.1016/j.jss.2009.04.038,Understanding developer and manager perceptions of function points and source lines of code,,2009-05-05,Steven D. Sheetz; David Henderson; Linda Wallace,Journal of Systems and Software,article,42,https://doi.org/10.1016/j.jss.2009.04.038
OpenAlex,https://openalex.org/W3122844079,10.1109/csit49958.2020.9322002,Constructive Modeling of the Software Development Process for Modern Code Review,"The preeminent point of this work is to construct a model of the software development process for automatic analysis. Utilizing constructive-synthesizing modeling (CSM) tools, a code-writing history constructor was proposed. This research provides an innovative method for code and development process review in the preparation of teaching programs. This work aims to encourage the use of code review and monitoring the coding practice in educational institutions. The standard approach to evaluation, which takes into consideration only the result, no longer complies with the modern specifications for teaching programming. Practically, it is supposed to be utilized in programming training, particularly in initial stages.",2020-09-23,Viktor Shynkarenko; Oleksandr Zhevaho,2020 IEEE 15th International Conference on Computer Sciences and Information Technologies (CSIT),conference-paper,6,https://doi.org/10.1109/csit49958.2020.9322002
OpenAlex,https://openalex.org/W143712879,10.1007/978-3-642-24106-2_21,A Study on Smartphone APP Authoring Solution Design for Enhancing Developer Productivity,,2011-01-01,Young-Hyun Chang; Dea-Woo Park,Communications in computer and information science,conference-paper,5,https://doi.org/10.1007/978-3-642-24106-2_21
OpenAlex,https://openalex.org/W4308643125,10.1145/3540250.3549115,CORMS: a GitHub and Gerrit based hybrid code reviewer recommendation approach for modern code review,"Modern Code review (MCR) techniques are widely adopted in both open-source software platforms and organizations to ensure the quality of their software products. However, the selection of reviewers for code review is cumbersome with the increasing size of development teams. The recommendation of inappropriate reviewers for code review can take more time and effort to complete the task effectively. In this paper, we extended the baseline of reviewers' recommendation framework - RevFinder - to handle issues with newly created files, retired reviewers, the external validity of results, and the accuracies of the state-of-the-art RevFinder. Our proposed hybrid approach, CORMS, works on similarity analysis to compute similarities among file paths, projects/sub-projects, author information, and prediction models to recommend reviewers based on the subject of the change. We conducted a detailed analysis on the widely used 20 projects of both Gerrit and GitHub to compare our results with RevFinder. Our results reveal that on average, CORMS, can achieve top-1, top-3, top-5, and top-10 accuracies, and Mean Reciprocal Rank (MRR) of 45.1%, 67.5%, 74.6%, 79.9% and 0.58 for the 20 projects, consequently improves the RevFinder approach by 44.9%, 34.4%, 20.8%, 12.3% and 18.4%, respectively.",2022-11-07,prahar pandya; Saurabh Tiwari,Proceedings of the 30th ACM Joint European Software Engineering Conference and Symposium on the Foundations of Software Engineering,conference-paper,20,https://doi.org/10.1145/3540250.3549115
OpenAlex,https://openalex.org/W4256634593,10.37896/jxu14.7/129,Study on Agile Story Point Estimation Techniques and Challenges,,2020-07-16,,Journal of Xidian University,article,6,https://doi.org/10.37896/jxu14.7/129
OpenAlex,https://openalex.org/W4406785294,10.48550/arxiv.2501.13282,Experience with GitHub Copilot for Developer Productivity at Zoominfo,"This paper presents a comprehensive evaluation of GitHub Copilot's deployment and impact on developer productivity at Zoominfo, a leading Go-To-Market (GTM) Intelligence Platform. We describe our systematic four-phase approach to evaluating and deploying GitHub Copilot across our engineering organization, involving over 400 developers. Our analysis combines both quantitative metrics, focusing on acceptance rates of suggestions given by GitHub Copilot and qualitative feedback given by developers through developer satisfaction surveys. The results show an average acceptance rate of 33% for suggestions and 20% for lines of code, with high developer satisfaction scores of 72%. We also discuss language-specific performance variations, limitations, and lessons learned from this medium-scale enterprise deployment. Our findings contribute to the growing body of knowledge about AI-assisted software development in enterprise settings.",2025-01-23,"Gal Bakal; Ali Dasdan; Katz, Yaniv; Michael Kaufman; G. V. Levin",arXiv (Cornell University),preprint,3,http://arxiv.org/abs/2501.13282
OpenAlex,https://openalex.org/W3036156433,10.1109/icetas48360.2019.9117268,Understanding the Impact of Feedback on Knowledge Sharing in Modern Code Review,"Modern Code Review (MCR) is a key practice to improve code quality and share knowledge among authors and reviewers. Feedback from the reviewer is an important aspect of the review process that initiates the process of knowledge sharing. In MCR the knowledge sharing though reported as an important benefit, however also reported as a challenge for author and reviewer. It is argued that the reviewers do not share knowledge in the form of insightful, constructive and formative feedback. Developers are facing poor knowledge sharing challenge in addition to other MCR challenges. It is understood that the feedback from the reviewer is an important facet to share knowledge. There are various factors associated with the feedback provided by reviewers that hamper the knowledge sharing aspect in MCR process. There is a gap in the MCR literature concerning the exploration of feedback conceptualization, importance and its impacts on knowledge sharing. Therefore, this study explores the factors associated with feedback that impact knowledge sharing in MCR. Systematic Literature Review (SLR), grounded theory and expert opinion strategies are followed to recognize the unique, categorized and validated list of feedback concerning factors that impact knowledge sharing in MCR. The examination discovers 42 factors such as feedback usefulness, harsh comments, criticism on the author, broadcast feedback, etc. The identified 42 factors are grouped into 14 unique categories, for instance, feedback communication, feedback language, feedback content, feedback temporal aspects, etc. The performed study has suggestions for members involved in engaging in MCR activities and investigators attracted research this zone to widen the investigation and share knowledge adequately among team members by bearing in mind and coping with the negative effect of recognized variables and thus minimizing the production of software engineering wastes.",2019-12-01,Nargis Fatima; Sumaira Nazir; Suriayati Chuprat,2019 IEEE 6th International Conference on Engineering Technologies and Applied Sciences (ICETAS),conference-paper,12,https://doi.org/10.1109/icetas48360.2019.9117268
OpenAlex,https://openalex.org/W3195505171,10.1145/3468264.3473134,Towards automating code review at scale,"As neural methods are increasingly used to support and automate software development tasks, code review is a natural next target. Yet, training models to imitate developers based on past code reviews is far from straightforward: reviews found in open-source projects vary greatly in quality, phrasing, and depth depending on the reviewer. In addition, changesets are often large, stretching the capacity of current neural models. Recent work reported modest success at predicting review resolutions, but largely side-stepped the above issues by focusing on small inputs where comments were already known to occur. This work examines the vision and challenges of automating code review at realistic scale. We collect hundreds of thousands of changesets across hundreds of projects that routinely conduct code review, many of which change thousands of tokens. We focus on predicting just the locations of comments, which are quite rare. By analyzing model performance and dataset statistics, we show that even this task is already challenging, in no small part because of tremendous variation and (apparent) randomness in code reviews. Our findings give rise to a research agenda for realistically and impactfully automating code review.",2021-08-18,Vincent J. Hellendoorn; Jason Tsay; Manisha Mukherjee; Martin Hirzel,,conference-paper,23,https://doi.org/10.1145/3468264.3473134
OpenAlex,https://openalex.org/W2886769913,10.1016/j.jss.2018.08.032,Improving reusability of software libraries through usage pattern mining,,2018-08-18,Mohamed Aymen Saied; Ali Ouni; Houari Sahraoui; Raula Gaikovina Kula; Katsuro Inoue; David Lo,Journal of Systems and Software,article,68,https://doi.org/10.1016/j.jss.2018.08.032
OpenAlex,https://openalex.org/W4414464351,10.1109/acdsa65407.2025.11166110,The Transformative Influence of LLMs on Software Development &amp; Developer Productivity,"The increasing adoption and commercialization of generalized Large Language Models (LLMs) have profoundly impacted various aspects of our daily lives. Initially embraced by the computer science community, the versatility of LLMs has found its way into diverse domains. In particular, the software engineering realm has seen the most transformative changes. With LLMs increasingly serving as AI Pair Programming Assistants spurred the development of specialized models aimed at aiding software engineers. Although this new paradigm offers numerous advantages, it presents critical challenges and open problems.To identify the potential and prevailing obstacles, we systematically reviewed contemporary scholarly publications, emphasizing the perspectives of software developers and usability concerns. Preliminary findings underscore pressing concerns about data privacy, bias, and misinformation. Additionally, we identified several usability challenges, including prompt engineering, increased cognitive demands, and mistrust. Finally, we introduce 12 open problems identified through our survey, covering these domains.",2025-08-07,Sajed Jalil,,conference-paper,2,https://doi.org/10.1109/acdsa65407.2025.11166110
OpenAlex,https://openalex.org/W4405022947,10.1109/ms.2024.3474489,Hans Dockter on Developer Productivity,Presents a panel discussion on the topic of Developer Productivity.,2024-12-04,Giovanni Asproni,IEEE Software,article,2,https://doi.org/10.1109/ms.2024.3474489
OpenAlex,https://openalex.org/W4388826738,10.1007/s10664-023-10346-3,"AIBugHunter: A Practical tool for predicting, classifying and repairing software vulnerabilities","Abstract Many Machine Learning(ML)-based approaches have been proposed to automatically detect, localize, and repair software vulnerabilities. While ML-based methods are more effective than program analysis-based vulnerability analysis tools, few have been integrated into modern Integrated Development Environments (IDEs), hindering practical adoption. To bridge this critical gap, we propose in this article AIBugHunter , a novel Machine Learning-based software vulnerability analysis tool for C/C++ languages that is integrated into the Visual Studio Code (VS Code) IDE. AIBugHunter helps software developers to achieve real-time vulnerability detection, explanation, and repairs during programming. In particular, AIBugHunter scans through developers’ source code to (1) locate vulnerabilities, (2) identify vulnerability types, (3) estimate vulnerability severity, and (4) suggest vulnerability repairs. We integrate our previous works (i.e., LineVul and VulRepair) to achieve vulnerability localization and repairs. In this article, we propose a novel multi-objective optimization (MOO)-based vulnerability classification approach and a transformer-based estimation approach to help AIBugHunter accurately identify vulnerability types and estimate severity. Our empirical experiments on a large dataset consisting of 188K+ C/C++ functions confirm that our proposed approaches are more accurate than other state-of-the-art baseline methods for vulnerability classification and estimation. Furthermore, we conduct qualitative evaluations including a survey study and a user study to obtain software practitioners’ perceptions of our AIBugHunter tool and assess the impact that AIBugHunter may have on developers’ productivity in security aspects. Our survey study shows that our AIBugHunter is perceived as useful where 90% of the participants consider adopting our AIBugHunter during their software development. Last but not least, our user study shows that our AIBugHunter can enhance developers’ productivity in combating cybersecurity issues during software development. AIBugHunter is now publicly available in the Visual Studio Code marketplace.",2023-11-20,Michael C. Fu; Chakkrit Tantithamthavorn; Trung Le; Yuki Kume; Van Nguyen; Dinh Phung; John Grundy,Empirical Software Engineering,article,65,https://doi.org/10.1007/s10664-023-10346-3
OpenAlex,https://openalex.org/W2053221394,10.1007/s10515-013-0120-4,mbeddr: instantiating a language workbench in the embedded software domain,,2013-01-30,Markus Voelter; Daniel Ratiu; Bernd Kolb; Bernhard Schaetz,Automated Software Engineering,article,68,https://doi.org/10.1007/s10515-013-0120-4
OpenAlex,https://openalex.org/W4377139078,10.1007/s10664-023-10300-3,Learning to Predict Code Review Completion Time In Modern Code Review,,2023-05-20,Moataz Chouchen; Ali Ouni; Jefferson Olongo; Mohamed Wiem Mkaouer,Empirical Software Engineering,article,13,https://doi.org/10.1007/s10664-023-10300-3
OpenAlex,https://openalex.org/W3008607260,10.1142/s0218194020500035,Story Point-Based Effort Estimation Model with Machine Learning Techniques,"Until now, numerous effort estimation models for software projects have been developed, most of them producing accurate results but not providing the flexibility to decision makers during the software development process. The main objective of this study is to objectively and accurately estimate the effort when using the Scrum methodology. A dynamic effort estimation model is developed by using regression-based machine learning algorithms. Story point as a unit of measure is used for estimating the effort involved in an issue. Projects are divided into phases and the phases are respectively divided into iterations and issues. Effort estimation is performed for each issue, then the total effort is calculated with aggregate functions respectively for iteration, phase and project. This architecture of our model provides flexibility to decision makers in any case of deviation from the project plan. An empirical evaluation demonstrates that the error rate of our story point-based estimation model is better than others.",2020-01-01,Muaz Gultekin; Oya Kalıpsız,International Journal of Software Engineering and Knowledge Engineering,article,23,https://doi.org/10.1142/s0218194020500035
OpenAlex,https://openalex.org/W2899085257,10.18293/seke2018-031,Methods for Estimating Agile Software Projects: A Systematic Review,"In recent years, agile methods of software development have gained a lot of attention in the field of software engineering.Several estimation techniques have been proposed by several authors and developers in recent years.This paper performs a Systematic Literature Review aiming to identify the most used metrics e/or methods in the development of agile software and the most used size metrics regarding effort estimates, deadlines and costs in a planning of agile software project.The results suggest that Planning Poker is the most popular technique for agile teams in the planning phase, Story Point and Point of Function are the most used metrics in agile projects for estimating size, time, effort, productivity and cost.",2018-07-01,Edna Dias Canedo; Dandara Pereira Aranha; Maxwell de Oliveira Cardoso; Ruyther Parente da Costa; Letícia Lopes Leite,Proceedings/Proceedings of the ... International Conference on Software Engineering and Knowledge Engineering,conference-paper,11,https://doi.org/10.18293/seke2018-031
OpenAlex,https://openalex.org/W3004941083,10.14569/ijacsa.2020.0110161,Situational Factors for Modern Code Review to Support Software Engineers’ Sustainability,"Software engineers working in Modern Code Review (MCR) are confronted with the issue of lack of competency in the identification of situational factors. MCR is a software engineering activity for the identification and fixation of defects before the delivery of the software product. This issue can be a threat to the individual sustainability of software engineers and it can be addressed by situational awareness. Therefore, the objective of the study is to identify situational factors concerning the MCR process. Systematic Literature Review (SLR) has been used to identify situational factors. Data coding along with continuous comparison and memoing procedures of grounded theory and expert review has been used to produce an exclusive and validated list of situational factors grouped under categories. The study results conveyed 23 situational factors that are grouped into 5 broad categories i.e. People, Organization, Technology, Source Code and Project. The study is valuable for researchers to extend the research and for software engineers to identify situations and sustain for longer.",2020-01-01,Sumaira Nazir; Nargis Fatima; Suriayati Chuprat,International Journal of Advanced Computer Science and Applications,article,6,https://doi.org/10.14569/ijacsa.2020.0110161
OpenAlex,https://openalex.org/W2090888940,10.2316/p.2013.796-012,Experienced Benefits of Continuous Integration in Industry Software Product Development: A Case Study,"In this paper, we present a multi-case study of industrial experiences of continuous integration among software professionals working in large scale development projects. In literature, multiple benefits of continuous integration are suggested, but case studies validating these benefits are lacking. This study investigates the extent to which continuous integration effects - increased developer productivity, increased project predictability, improved communication and enabling agile testing - suggested in literature are experienced in industry development projects. The study involves four independent products at different levels of continuous integration maturity within Ericsson AB. In each of these products developers, testers, project managers and line managers have been interviewed. Their experiences of continuous integration are quantitatively assessed and discussed in comparison to the continuous integration benefits proposed in related work.",2013-01-01,Daniel Ståhl; Jan Bosch,,conference-paper,57,https://doi.org/10.2316/p.2013.796-012
OpenAlex,https://openalex.org/W4205378885,10.1007/s10462-021-10132-x,Data-driven effort estimation techniques of agile user stories: a systematic literature review,,2022-01-10,Bashaer Alsaadi; Kawther Saeedi,Artificial Intelligence Review,review,50,https://doi.org/10.1007/s10462-021-10132-x
OpenAlex,https://openalex.org/W3194411073,10.12785/ijcds/1201012,Analysis of Software Effort Estimation Based on Story Point and Lines of Code using Machine Learning,"Estimating the software work is a crucial job of persons participating in software project management. The difficulty in predicting effort is compounded by the fact that software development is always changing. Several techniques for estimating software development costs have been developed over the last three decades. There are a variety of cost estimation methodologies, algorithmic models, non-algorithmic models, and machine learning methods to choose from. To improve accuracy, machine learning approaches are combined with algorithmic or non-algorithmic models. Researchers in past worked on the effort and time estimation by using one type of development methodology in their work. Currently, the companies uses both agile and traditional techniques to software development. A comparison of agile and traditional development utilizing the neural network (NN) and genetic algorithm is presented in this research (GA). Estimation is performed on the Zia dataset and a github dataset using story points and lines of code, respectively. The smallest error and highest accuracy were attained utilizing machine learning approaches for projected effort values. The value of R2 based on story point is achieved using neural network and genetic algorithm is 0.97 and 0.96 respectively. On other hand, the value of R2 based on lines of code is achieved using neural network and genetic algorithm is 0.94 and 0.80 respectively. The mean magnitude relative error is used for comparison of proposed models with previous works. The dataset with the story point give best results followed by projects with lines of code.",2022-07-01,Amrita Sharma; Neha Chaudhary,International Journal of Computing and Digital Systems,article,11,https://doi.org/10.12785/ijcds/1201012
OpenAlex,https://openalex.org/W201687973,10.2139/ssrn.1316772,A Look Inside the Forge: Developer Productivity and Spillovers in Open Source Projects,,2008-01-01,Jan Eilhard; Yann Ménière,SSRN Electronic Journal,preprint,4,https://doi.org/10.2139/ssrn.1316772
OpenAlex,https://openalex.org/W309878944,,Classifying Software For Reuse,"Scheme for classifying software facilitates and accelerates retrieval of software components. Method aids reuse of software and increases software developers' productivity. Used to discover software components meeting specified need in large collection of useful, reliable components. Classification and retrieval methodology applies equally to things unrelated to software, such as hardware, patents, legal cases, and books. Searcher enables user to find desired software without being required to answer excessive number of questions and without presenting user with too many possible answers to any one question. Although it guides inexperienced user through system, it lets expert user forge ahead without artificial restriction.",1993-08-01,W. Van Snyder,,article,37,
OpenAlex,https://openalex.org/W4379528504,10.2139/ssrn.4454144,Enterprise Information and Communications Technology Software Pricing and Developer Productivity Measurement,,2023-01-01,Martin Fleming,SSRN Electronic Journal,preprint,2,http://dx.doi.org/10.2139/ssrn.4454144
OpenAlex,https://openalex.org/W1990292954,10.1109/itmc.2014.6918616,Practical insight about risk management process in agile software projects in Norway,"The objective of this paper is to provide practical insight about risk management process in agile projects in software industry in Norway. To achieve the purpose, we conducted qualitative study. We discussed with practitioners methods to handle risks and risk sharing mechanism in contracts. Interview findings revealed that almost all practitioners handle risk like traditional waterfall approach. All major risks are listed in matrix form. These risks are monitored continuously during entire development process and their probability of occurrence is assessed. At next step, mitigation plan is designed according to their probability of occurrence. Estimation risks are mitigated using relative estimates. Other ways to handle risks include keeping the sprint/iteration shorter and SWOT analysis. In most projects, risk sharing between supplier and customer is not defined in the contracts. It is assumed that for fixed price contracts risk lies on supplier side, for time and material contacts most of the risk lies towards customer side. While target price contracts provide some kind of risk sharing mechanism between supplier and customer.",2014-06-01,Lubna Siddique; Bassam Hussein,,conference-paper,17,https://doi.org/10.1109/itmc.2014.6918616
OpenAlex,https://openalex.org/W4319978555,10.1109/ice/itmc-iamot55089.2022.10033271,Concept of a Fuzzy Expert System for Story Point Estimations in Agile Projects,"Estimating efforts in software projects has always been a challenging task. Great uncertainty in early phases of projects create a need for sound methods. Yet, complex mathematical models tend to be less popular amongst practitioners, making expert-based methods the most commonly used form of estimation methods. As personnel capacity and expert knowledge are known to be expensive, the need for alternative solutions, which offer reliable results whilst lowering costs, arises. Thus, this paper proposes a concept, based on fuzzy logic and agile methods incorporated into an expert system, with the goal of handling uncertainty, increasing acceptance and aiding young professionals.",2022-06-19,Philipp Hansen; Holger Timinger,"2022 IEEE 28th International Conference on Engineering, Technology and Innovation (ICE/ITMC) &amp; 31st International Association For Management of Technology (IAMOT) Joint Conference",conference-paper,6,https://doi.org/10.1109/ice/itmc-iamot55089.2022.10033271
OpenAlex,https://openalex.org/W4280612920,10.1007/s10664-022-10178-7,Code smells detection via modern code review: a study of the OpenStack and Qt communities,,2022-07-04,Xiaofeng Han; Amjed Tahir; Peng Liang; Steve Counsell; Kelly Blincoe; Bing Li; Yajing Luo,Empirical Software Engineering,article,13,https://doi.org/10.1007/s10664-022-10178-7
OpenAlex,https://openalex.org/W7154370459,10.24251/hicss.2026.880,Developer Productivity With and Without GitHub Copilot: A Longitudinal Mixed-Methods Case Study,"This study investigates the real-world impact of the generative AI (GenAI) tool GitHub Copilot on developer activity and perceived productivity. We conducted a mixed-methods case study in NAV IT, a large public sector agile organization. We analyzed 26,317 unique non-merge commits from 703 of NAV IT's GitHub repositories over a two-year period, focusing on commit-based activity metrics from 25 Copilot users and 14 non-users. The analysis was complemented by survey responses on their roles and perceived productivity, as well as 13 interviews. Our analysis of activity metrics revealed that individuals who used Copilot were consistently more active than non-users, even prior to Copilot’s introduction. We did not find any statistically significant changes in commit-based activity for Copilot users after they adopted the tool, although minor increases were observed. This suggests a discrepancy between changes in commit-based metrics and the subjective experience of productivity.",2026-01-01,Viktoria Stray; Elias Goldmann Brandtzæg; Viggo Wivestad; Astri Barbala; Nils Brede Moe,Proceedings of the ... Annual Hawaii International Conference on System Sciences/Proceedings of the Annual Hawaii International Conference on System Sciences,conference-paper,4,https://doi.org/10.24251/hicss.2026.880
OpenAlex,https://openalex.org/W2952108012,10.1109/semotion.2017.5,Consequences of Unhappiness while Developing Software,"The growing literature on affect among software developers mostly reports on the linkage between happiness, software quality, and developer productivity. Understanding the positive side of happiness - positive emotions and moods - is an attractive and important endeavor. Scholars in industrial and organizational psychology have suggested that also studying the negative side - unhappiness - could lead to cost-effective ways of enhancing working conditions, job performance, and to limiting the occurrence of psychological disorders. Our comprehension of the consequences of (un)happiness among developers is still too shallow, and is mainly expressed in terms of development productivity and software quality. In this paper, we attempt to uncover the experienced consequences of unhappiness among software developers. Using qualitative data analysis of the responses given by 181 questionnaire participants, we identified 49 consequences of unhappiness while doing software development. We found detrimental consequences on developers' mental well-being, the software development process, and the produced artifacts. Our classification scheme, available as open data, will spawn new happiness research opportunities of cause-effect type, and it can act as a guideline for practitioners for identifying damaging effects of unhappiness and for fostering happiness on the job.",2017-05-01,Daniel Graziotin; Fabian Fagerholm; Xiaofeng Wang; Pekka Abrahamsson,,conference-paper,43,https://doi.org/10.1109/semotion.2017.5
OpenAlex,https://openalex.org/W3005338225,10.14569/ijacsa.2020.0110160,Knowledge Sharing Factors for Modern Code Review to Minimize Software Engineering Waste,"Software engineering activities, for instance, Modern Code Review (MCR) produce quality software by identifying the defects from the code. It involves social coding and provides ample opportunities to share knowledge among MCR team members. However, the MCR team is confronted with the issue of waiting waste due to poor knowledge sharing among MCR team members. As a result, it delays the project delays and increases mental distress. To minimize the waiting waste, this study aims to identify knowledge sharing factors that impact knowledge sharing in MCR. The methodology employed for this study is a systematic literature review to identify knowledge sharing factors, data coding with continual comparison and memoing techniques of grounded theory to produce a unique and categorized list of factors influencing knowledge sharing. The identified factors were then assessed through expert panel for its naming, expressions, and categorization. The study finding reported 22 factors grouped into 5 broad categories. i.e. Individual, Team, Social, Facility conditions, and Artifact. The study is useful for researchers to extend the research and for the MCR team to consider these factors to enhance knowledge sharing and to minimize waiting waste.",2020-01-01,Nargis Fatima; Sumaira Nazir; Suriayati Chuprat,International Journal of Advanced Computer Science and Applications,article,6,https://doi.org/10.14569/ijacsa.2020.0110160
OpenAlex,https://openalex.org/W4401975975,10.3390/app14167305,"Enhancing Agile Story Point Estimation: Integrating Deep Learning, Machine Learning, and Natural Language Processing with SBERT and Gradient Boosted Trees","Advances in software engineering, particularly in Agile software development (ASD), demand innovative approaches to effort estimation due to the volatility in Agile environments. Recent trends have made the automation of story point (SP) estimation increasingly relevant, with significant potential for enhancing accuracy. This study introduces a novel model for software effort estimation (SEE) utilizing a deep learning (DL)-based sentence-BERT (SBERT) model for feature extraction combined with advanced gradient-boosted tree (GBT) algorithms. A comprehensive evaluation shows that the proposed model outperforms standard SEE and state-of-the-art models, demonstrating a mean absolute error (MAE) of 2.15 and a median absolute error (MdAE) of 1.85, representing a 12% improvement over the baseline model and an 18% improvement over the best-performing state-of-the-art model. The standardized accuracy (SA) is 93%, which is 7% higher than the next best model, across a dataset of 31,960 issues from 26 open-source Agile projects. This study contributes to software engineering by offering a more accurate and reliable decision support system for estimating project efforts.",2024-08-19,Burcu Yalçıner; Kıvanç Dinçer; Adil Gürsel Karaçor; Mehmet Önder Efe,Applied Sciences,article,13,https://doi.org/10.3390/app14167305
OpenAlex,https://openalex.org/W4200462148,10.1016/j.jss.2021.111197,Changes in perceived productivity of software engineers during COVID-19 pandemic: The voice of evidence,"BACKGROUND: The COVID-19 pandemic triggered a natural experiment of an unprecedented scale as companies closed their offices and sent employees to work from home. Many managers were concerned that their engineers would not be able to work effectively from home, or lack the motivation to do so, and that they would lose control and not even notice when things go wrong. As many companies announced their post-COVID permanent remote-work or hybrid home/office policies, the question of what can be expected from software engineers who work from home becomes more and more relevant. AIMS: To understand the nature of home telework we analyze the evidence of perceived changes in productivity comparing office work before the pandemic with the work from home during the pandemic from thirteen empirical surveys of practitioners. METHOD: We analyzed data from six corporate surveys conducted in four Scandinavian companies combined with the results of seven published surveys studying the perceived changes in productivity in industrial settings. In addition, we sought explanations for the variation in perceived productivity among the engineers from the studied companies through the qualitative analysis of open-ended questions and interviews. RESULTS: Combined results of 7686 data points suggest that though on average perceived productivity has not changed significantly, there are developers who report being more productive, and developers being less productive when working from home. Positively affected individuals in some surveys form large groups of respondents (up to 50%) and mention benefiting from a better organization of work, increased flexibility and focus. Yet, there are equally large groups of negatively affected respondents (up to 51%) who complain about the challenges related to remote teamwork and collaboration, as well as emotional issues, distractions and poor home office environment and equipment. Finally, positive trends are found in longitudinal surveys, i.e., developers' productivity in the later months of the pandemic show better results than those in the earlier months. CONCLUSIONS: We conclude that behind the average ""no change"" lays a large variation of experiences, which means that the work from home might not be for everyone. Yet, a longitudinal analysis of the surveys is encouraging, as it shows that the more pessimistic results might be influenced by the initial experiences of an unprecedented crisis. At the end, we put forward the lessons learned during the pandemic that can inspire the new post-pandemic work policies.",2021-12-27,Darja Šmite; Anastasiia Tkalich; Nils Brede Moe; Efi Papatheocharous; Eriks Klotins; Marte Pettersen Buvik,Journal of Systems and Software,article,86,https://doi.org/10.1016/j.jss.2021.111197
OpenAlex,https://openalex.org/W2727962479,10.1109/msr.2017.39,Impact of Continuous Integration on Code Reviews,"Peer code review and continuous integration often interleave with each other in the modern software quality management. Although several studies investigate how non-technical factors (e.g., reviewer workload), developer participation and even patch size affect the code review process, the impact of continuous integration on code reviews is not yet properly understood. In this paper, we report an exploratory study using 578K automated build entries where we investigate the impact of automated builds on the code reviews. Our investigation suggests that successfully passed builds are more likely to encourage new code review participation in a pull request. Frequently built projects are found to be maintaining a steady level of reviewing activities over the years, which was quite missing from the rarely built projects. Experiments with 26,516 automated build entries reported that our proposed model can identify 64% of the builds that triggered new code reviews later.",2017-05-01,Mohammad Masudur Rahman; Chanchal K. Roy,,conference-paper,18,https://doi.org/10.1109/msr.2017.39
OpenAlex,https://openalex.org/W4376279092,10.3389/fcomp.2023.1178040,How social interactions can affect Modern Code Review,"Introduction Modern Code Review (MCR) is a multistage process where developers evaluate source code written by others to enhance the software quality. Despite the numerous studies conducted on the effects of MCR on software quality, the non-technical issues in the MCR process have not been extensively studied. This study aims to investigate the social problems in the MCR process and to find possible ways to prevent them and improve the overall quality of the MCR process. Methodology To achieve the research objectives, we applied the grounded theory research shaped by GQM approach to collect data on the attitudes of developers from different teams toward MCR. We conducted interviews with 25 software developers from 13 companies to obtain the information necessary to investigate how social interactions affect the code reviewing process. Results Our findings show that interpersonal relationships within the team can have significant consequences on the MCR process. We also received a list of possible strategies to overcome these problems. Discussion Our study provides a new perspective on the non-technical issues in the MCR process, which has not been extensively studied before. The findings of this study can help software development teams to address the social problems in the MCR process and improve the overall quality of their software products. Conclusion This study provides valuable insights into the non-technical issues in the MCR process and the possible ways to prevent them. The findings of this study can help software development teams to improve the MCR process and the quality of their software products. Future research could explore the effectiveness of the identified strategies in addressing the social problems in the MCR process.",2023-05-11,Paolo Ciancarini; Artem Kruglov; Aygul Malikova; Witold Pedrycz; Giancarlo Succi,Frontiers in Computer Science,article,9,http://dx.doi.org/10.3389/fcomp.2023.1178040
OpenAlex,https://openalex.org/W1978253958,10.1016/j.jss.2014.01.008,Factors that motivate software engineering teams: A four country empirical study,,2014-01-25,June Verner; Muhammad Ali Babar; Narciso Cerpa; Tracy Hall; Sarah Beecham,Journal of Systems and Software,article,70,https://doi.org/10.1016/j.jss.2014.01.008
OpenAlex,https://openalex.org/W1566397267,,Code review and personality: is performance linked to MBTI type?,"Dependability frequently focuses on approaches such as rigorous design and fault tolerance. A final software product is strongly influenced by the people who created it. Large variations in individual performance in software development have been observed. Some form of innate programming ability might account for some of the differences. The influence of personality on computer programming has been examined but typically treated programming as a single process. As Weinberg [1] suggested, different aspects of software development require different abilities so there may be no one personality type which is better overall. To examine this, a study was carried out to discover if there was a particular personality type which tended to perform better at one specific task, in this case code review. It was found that people with a specific personality type performed significantly better on the task.",2004-01-01,Da Devito; David Greathead,School of Computing Science Technical Report Series,article,11,https://eprints.ncl.ac.uk/file_store/production/55801/F90A364D-9E2A-4EED-BAC5-04F38FBE3D99.pdf
OpenAlex,https://openalex.org/W4293770165,10.1002/smr.2504,Quality culture boosts agile transformation—Action research in a business‐to‐business software business,"Abstract Agile methodologies are sometimes adopted, with the assumption that benefits can be attained by only using a set of best practices, which can sometimes work to a degree. In this paper, a case is discussed where a software‐producing organization of seven teams achieved significant improvements. The goal of the research was to answer two questions: how an already agile organization could improve its performance further and what is the impact of promoting quality aspects? The questions were answered by implementing interventions based on prior literature and data emerging from semi‐structured interviews. The context was an established business with a complex revenue stream structure, meaning the mix of various project/service/product based work rendered the adoption of agile methods a challenge. Action research comprising three rounds of interventions was conducted to improve the organization and its quality culture while enforcing code review practices. Interventions resulted in a significant improvement in quality, as measured by reported defects. Therefore, it is suggested that agile methods are not sufficient on their own to take software business forward unless a quality‐focused culture is simultaneously achieved through a mindset change and organizational structures to enforce quality practices. The paper contributes to research on the managerial practices of software business and agile transformation by providing empirical support to introducing formal quality improvement to the agile mix as a method for practitioners to improve organizations with complex business models and multiple teams.",2022-08-29,Matti Saarikallio; Pasi Tyrväinen,Journal of Software Evolution and Process,article,17,https://doi.org/10.1002/smr.2504
OpenAlex,https://openalex.org/W4296079569,10.1109/enc56672.2022.9882947,Software Effort Estimation for Agile Software Development Using a Strategy Based on k-Nearest Neighbors Algorithm,"Agile development adoption in organizations is a trend that continues to accelerate according to the 15th State of Agile Report. Enterprises need to respond quickly to the needs of their customers and stakeholders and by adopting agile practices in IT teams, business value is raised in both performance and quality, so it is important to adopt practices and models that ensure the time, scope and cost of a project are achieved successfully. This paper presents a hybrid effort estimation model that uses a story point approach with machine learning techniques to estimate completion time and total cost of a project that is developed with agile methods like Scrum. The main machine learning technique used to implement the project is the k-Nearest Neighbors algorithm (KNN), its learning capabilities are assessed through 10-Fold cross validation and the estimates are compared with the original dataset and the results obtained from literature to show that estimates are competitive. The proposed approach uses category size labels that improve the original estimation model based on linear regression. The research uses 21 projects developed by six software houses, and training is done on a set created from a technique called data augmentation that generates 42 projects with a small amount of noise. Completion time is measured in days and total cost is valued in Pakistan rupees. All the results are evaluated through accuracy, Mean Squared Error, Mean Relative Error, variance and coefficient of determination.",2022-08-24,Eduardo Rodríguez Sánchez; Humberto Cervantes Maceda; Eduardo Vázquez Santacruz,,conference-paper,14,https://doi.org/10.1109/enc56672.2022.9882947
OpenAlex,https://openalex.org/W7109151988,10.30574/wjarr.2023.18.2.0898,Developer productivity in AI-driven engineering teams,"Artificial Intelligence (AI) is transforming the software engineering practice of the modern days, and it directly affects how development teams are organized and how the productivity of the developer is gauged. Artificially intelligent applications are becoming common place, in the form of code completion tools or assistants, automated testing suites, and intelligent project management systems, to automate workflows, lessen human effort and enable decision-making on the basis of data. This paper discusses how AI may affect the productivity of developers working in a software engineering team and what the opportunities and limitations of AI application in the real-life context are. The article examines the ways of applying AI to a core activity, such as code generation, bug detection, software testing and agile project coordination using a systematic review of recent empirical studies supported by industry case examples. The results also suggest that AI-enabled devices can be used to provide about 25-35 percent of efficiency in overall development, which is mainly facilitated by around 30 percent faster routine code writing and approximately 20 percent less time to debug code. Besides efficiency benefits, AI can improve teamwork, particularly in agile and distributed teams, through creating a common view of work progress and automatic information about possible risks, as well as bottlenecks. Nonetheless, the paper also reports major issues, such as the learning curve of new tools, constant maintenance overhead, possibility of over-reliance on automated recommendations, and possible denial of critical thinking and craftsmanship among developers. It is concluded in the paper that AI could significantly enhance productivity of developers, yet sustainable gains would be achieved under planned intake of integration measures, sustained training, transparent governance, and moderate association of AI support with human judgment and experience.",2023-05-31,Ankush Sharma,World Journal of Advanced Research and Reviews,article,2,https://doi.org/10.30574/wjarr.2023.18.2.0898
OpenAlex,https://openalex.org/W2101512034,10.1109/32.372147,The effects of layering and encapsulation on software development cost and quality,"Software engineers often espouse the importance of using abstraction and encapsulation in developing software components. They advocate the ""layering"" of new components on top of existing components, using only information about the functionality and interfaces provided by the existing components. This layering approach is in contrast to a ""direct implementation"" of new components, utilizing unencapsulated access to the representation data structures and code present in the existing components. By increasing the reuse of existing components, the layering approach intuitively should result in reduced development costs, and in increased quality for the new components. However, there is no empirical evidence that indicates whether the layering approach improves developer productivity or component quality. We discuss three controlled experiments designed to gather such empirical evidence. The results support the contention that layering significantly reduces the effort required to build new components. Furthermore, the quality of the components, in terms of the number of defects introduced during their development, is at least as good using the layered approach. Experiments such as these illustrate a number of interesting and important issues in statistical analysis. We discuss these issues because, in our experience, they are not well known to software engineers.&gt;",1995-03-01,S.H. Zweben; Stephen H. Edwards; Bruce W. Weide; Joseph E. Hollingsworth,IEEE Transactions on Software Engineering,article,55,https://doi.org/10.1109/32.372147
OpenAlex,https://openalex.org/W3028841269,10.1145/3379597.3387509,Do Explicit Review Strategies Improve Code Review Performance?,"Context: Code review is a fundamental, yet expensive part of software engineering. Therefore, research on understanding code review and its efficiency and performance is paramount.",2020-06-29,Pavlína Wurzel Gonçalves; Enrico Fregnan; Tobias Baum; Kurt Schneider; Alberto Bacchelli,,conference-paper,12,https://doi.org/10.1145/3379597.3387509
OpenAlex,https://openalex.org/W4415343831,10.1145/3809494,The Impact of LLM-Assistants on Software Developer Productivity: A Systematic Review and Mapping Study,"Large language model assistants (LLM-assistants) present new opportunities to transform software development. Developers are increasingly adopting these tools across tasks, including coding, testing, debugging, documentation, and design. Yet, despite growing interest, there is no synthesis of how LLM-assistants affect software developer productivity. In this paper, we present a systematic review and mapping of 39 peer-reviewed studies published between January 2014 and December 2024 that examine this impact. Our analysis reveals that the majority of studies report considerable benefits from LLM-assistants, though a notable subset identifies critical risks. Commonly reported gains include accelerated development, minimized code search, and the automation of trivial and repetitive tasks. However, studies also highlight concerns around cognitive offloading and reduced team collaboration. Our study reveals that whether LLM-based assistants improve or degrade code quality remains unresolved, as existing studies report contradictory outcomes contingent on context and evaluation criteria. While the majority of studies (90%) adopt a multi-dimensional perspective by examining at least two SPACE dimensions, reflecting increased awareness of the complexity of developer productivity, only 15% extend beyond three dimensions, indicating substantial room for more integrated evaluations. Satisfaction, Performance, and Efficiency are the most frequently investigated dimensions, whereas Communication and Activity remain underexplored. Most studies are exploratory (59%) and methodologically diverse, but lack longitudinal and team-based evaluations. This review surfaces key research gaps and provides recommendations for future research and practice. All artifacts associated with this study are publicly available at https://zenodo.org/records/18489222 .",2026-04-27,Amr Mohamed; Maram Assi; Mariam Guizani,ACM Transactions on Software Engineering and Methodology,review,2,https://doi.org/10.1145/3809494
OpenAlex,https://openalex.org/W3196967108,10.1016/j.eswa.2021.115866,An influence diagram approach to automating lead time estimation in Agile Kanban project management,,2021-09-06,Eric Weflen; Cameron A. MacKenzie; Iris V. Rivero,Expert Systems with Applications,article,50,https://doi.org/10.1016/j.eswa.2021.115866
OpenAlex,https://openalex.org/W2150699386,10.1145/2509136.2509528,Do developers benefit from generic types?,"Type systems that permit developers to express themselves more precisely are one of the primary topics in programming language research, as well as in industrial software development. While it seems plausible that an expressive static type system increases developer productivity, there is little empirical evidence for or against this hypothesis. Generic types in Java are an example: as an extension of Java's original type system, some claim that Java 1.5 improves the type system's ""expressiveness."" Even if this claim is true, there exists little empirical evidence that claimed expressiveness leads to a measurable increase in developer productivity. This paper introduces an experiment where generic types (in comparison to raw types) have been evaluated in three different directions: (1) the documentation impact on undocumented APIs, (2) the time required for fixing type errors, and (3) the extensibility of a generic type hierarchy. The results of the experiment suggest that generic types improve documentation and reduce extensibility -- without revealing a difference in the time required for fixing type errors.",2013-10-23,Michael Hoppe; Stefan Hanenberg,,conference-paper,23,https://doi.org/10.1145/2509136.2509528
OpenAlex,https://openalex.org/W4372342741,10.1016/j.jss.2023.111739,Data-driven agile software cost estimation models for DHS and DoD,,2023-05-06,Wilson Rosa; Sara Jardine,Journal of Systems and Software,article,13,https://doi.org/10.1016/j.jss.2023.111739
OpenAlex,https://openalex.org/W2769338201,10.1109/issre.2017.37,WAP: Does Reviewer Age Affect Code Review Performance?,"We focus on developer code review performance, and analyze whether the age of a subject affects the efficiency and preciseness of their code. Generally, older coders have more experience. Therefore, the age is considered to positively affect code review. However, in our past study, code understanding speed was relatively slow for older subjects, and memory is needed to understand programs. Similarly, during code review, a subject's age may affect efficiency (e.g., the number of indications per unit time). In the experiment, subjects reviewed source code, referring to mini specification documents. When the code did not follow the document, the subjects indicated the error. We classified subjects into senior and junior groups. In the analysis, we stratified the results based on age, and used correlation coefficients and multiple linear regression to clarify the relationship between age and review performance. We found that age does not affect the efficiency and correctness of code review. Also, the software development experience of subjects is not significantly correlated to performance.",2017-10-01,Yukasa Murakami; Masateru Tsunoda; Hidetake Uwano,,conference-paper,11,https://doi.org/10.1109/issre.2017.37
OpenAlex,https://openalex.org/W2125512141,,Collaboration In Software Engineering Projects: A Theory Of Coordination.,"Coordination of engineering decisions is a central concern of software engineering. We present a theory in which coordination of engineering decisions is modeled as a distributed constraint satisfaction problem (DCSP). We derive six hypotheses, predicting how the distribution of decisions over developers and the density of constraints among decisions will affect development time, probability that a file contains a field defect, and developer productivity. We test these hypotheses using data from a commercial project. We find support for all hypotheses predicting detrimental effects from poor distribution of decisions over developers. The effects of constraint density were mixed, showing that dense constraints slowed development but did not significantly affect productivity. Dense data dependencies increased the chances that a file contained a field defect, but, very surprisingly, dense call dependencies significantly lowered the chances that a file contained a field defect. We discuss the implications of these findings.",2006-01-01,James D. Herbsleb; Jeffrey A. Roberts,,article,43,http://citeseerx.ist.psu.edu/viewdoc/summary?doi=10.1.1.178.4030
OpenAlex,https://openalex.org/W2808100006,10.1145/3194932.3194940,Sensing developers' emotions,"Software developers experience a wide variety of emotions during their work and research is now focusing on the role played by these emotions on software developers productivity as well as on their wellbeing. In this paper, we propose a replication of a study aimed investigating to what extent biometric sensors can be used to automatically detect developers' emotions during programming tasks. The long-term goal of our research is to discover which emotions affect developers' productivity and wellbeing during their work. Specifically, we aim at defining approaches for early detection of negative affective states that are known to impair mental wellbeing and productivity.1",2018-06-02,Daniela Girardi; Filippo Lanubile; Nicole Novielli; Davide Fucci,,conference-paper,14,https://doi.org/10.1145/3194932.3194940
OpenAlex,https://openalex.org/W4401123839,10.1145/3680472,MULTICR: Predicting Merged and Abandoned Code Changes in Modern Code Review Using Multi-Objective Search,"Modern Code Review (MCR) is an essential process in software development to ensure high-quality code. However, developers often spend considerable time reviewing code changes before being merged into the main code base. Previous studies attempted to predict whether a code change was going to be merged or abandoned soon after it was submitted to improve the code review process. However, these approaches require complex cost-sensitive learning, which makes their adoption challenging since it is difficult for developers to understand the main factors behind the models’ predictions. To address this issue, we introduce in this article, MULTICR , a multi-objective search-based approach that uses Multi-Objective Genetic Programming (MOGP) to learn early code review prediction models as IF-THEN rules. MULTICR evolves predictive models while maximizing the accuracy of both merged and abandoned classes, eliminating the need for misclassification cost estimation. To evaluate MULTICR, we conducted an empirical study on 146,612 code reviews from Eclipse, LibreOffice, and Gerrithub. The obtained results show that MULTICR outperforms existing baselines in terms of Matthew Correlation Coefficient (MCC) and F1 scores while learning less complex models compared to decision trees. Our experiments also showed how MULTICR allows identifying the main factors related to abandoned code reviews as well as their associated thresholds, making it a promising approach for early code review prediction with notable performance and inter-operability. Additionally, we qualitatively evaluate MULTICR by conducting a user study through semi-structured interviews involving 10 practitioners from different organizations. The obtained results indicate that 90% of the participants find that MULTICR is useful and can help them to improve the code review process. Additionally, the learned IF-THEN rules of MULTICR are transparent.",2024-07-30,Moataz Chouchen; Ali Ouni; Mohamed Wiem Mkaouer,ACM Transactions on Software Engineering and Methodology,article,4,https://doi.org/10.1145/3680472
OpenAlex,https://openalex.org/W3098502934,10.1145/3368089.3409681,"Biases and differences in code review using medical imaging and eye-tracking: genders, humans, and machines","Code review is a critical step in modern software quality assurance, yet it is vulnerable to human biases. Previous studies have clarified the extent of the problem, particularly regarding biases against the authors of code,but no consensus understanding has emerged. Advances in medical imaging are increasingly applied to software engineering, supporting grounded neurobiological explorations of computing activities, including the review, reading, and writing of source code. In this paper, we present the results of a controlled experiment using both medical imaging and also eye tracking to investigate the neurological correlates of biases and differences between genders of humans and machines (e.g., automated program repair tools) in code review. We find that men and women conduct code reviews differently, in ways that are measurable and supported by behavioral, eye-tracking and medical imaging data. We also find biases in how humans review code as a function of its apparent author, when controlling for code quality. In addition to advancing our fundamental understanding of how cognitive biases relate to the code review process, the results may inform subsequent training and tool design to reduce bias.",2020-11-08,Yu Huang; Kevin Leach; Zohreh Sharafi; Nicholas McKay; Tyler Santander; Westley Weimer,,conference-paper,38,https://doi.org/10.1145/3368089.3409681
OpenAlex,https://openalex.org/W3035814271,10.1109/icetas48360.2019.9117366,Situational factors affecting Software Engineers Sustainability: A Vision of Modern Code Review,"Code review is a sustainable software engineering practice to assure software quality. Presently it is performed by software engineers with the help of tool support, for instance, Gerrit and termed as Modern Code Review (MCR). It is a lightweight way to deal with distinguishing abandons from source code. Software engineer's efficiency while performing MCR activities is exposed to varying people related situational factors that impact the software engineer's sustainability. The literature lacks the identification of people related situational factors in MCR. For successful MCR results, there is a need to distinguish people concerning situational factors to enhance the productivity and competence of software engineers for their sustainability. Therefore, this investigation intends to recognize situational variables influencing the ability and efficiency of software engineers. The systematic methodology utilized for this examination is Systematic Literature Review (SLR). The study results reported 52 situational factors. The situational factors are assembled into four fundamental classifications such as team, team interaction, reviewer response and knowledge sharing. The grounded theory approach has been applied to get final unique list of people related situational factors and sub factors. The investigation will be useful for expert performing examination seeing situational factors as well as the sustainability of software engineers engaged with MCR activities.",2019-12-01,Sumaira Nazir; Nargis Fatima; Suriayati Chuprat,2019 IEEE 6th International Conference on Engineering Technologies and Applied Sciences (ICETAS),conference-paper,5,https://doi.org/10.1109/icetas48360.2019.9117366
OpenAlex,https://openalex.org/W2560572048,10.1109/issre.2016.53,WAP: Understanding the Brain at Software Debugging,"We propose that understanding functional patterns of activity in mapped brain regions associated with code comprehension tasks and, more specifically, to the activity of finding bugs in traditional code inspections could reveal useful insights to improve software reliability and to improve the software development process in general. This includes helping to select the best professionals for the debugging effort, improving the conditions for code inspections, and identify new directions to follow for training code reviewers. This paper presents an interdisciplinary study to analyze the brain activity during code inspection tasks using functional magnetic resonance imaging (fMRI), which is a well-established tool in cognitive neuroscience research. We used several programs where realistic bugs representing the most frequent types of software faults found in the field were injected. The code inspectors involved in the research include programmers with different levels of expertise and experience in real code reviews. The goal is to understand brain activity patterns associated with code comprehension tasks and, more specifically, the brain activity when the code reviewer identifies a bug in the code ('eureka' moment), which can be a true positive or a false positive. Our results confirmed that brain areas associated with language processing and mathematics are highly active during code reviewing and shows that there are specific brain activity patterns that can be related to the decision-making moment of suspicion/bug detection. Importantly, the activity at the anterior insula region that we find to play a relevant role in the process of identifying software bugs is positively correlated to the precision of bug detection by the inspectors. This finding provides a new perspective on the role of this region on error awareness and monitoring and of its potential predictive value in predicting the quality of bug removing.",2016-10-01,João Durães; Henrique Madeira; João Castelhano; Isabel Catarina Duarte; Miguel Castelo‐Branco,,conference-paper,47,https://doi.org/10.1109/issre.2016.53
OpenAlex,https://openalex.org/W7126200333,10.5281/zenodo.18437751,Developer Productivity with GenAI,,2026-01-30,Anonym,Zenodo (CERN European Organization for Nuclear Research),dataset,1,https://doi.org/10.5281/zenodo.18437751
OpenAlex,https://openalex.org/W4409258841,10.20473/jisebi.11.1.79-90,PlatFab: A Platform Engineering Approach to Improve Developer Productivity,"Background: Software developers are key players in IT/ITES business in order to drive software development by writing high-quality code quickly. Based on user needs, they must adapt evolving technologies and tools to produce efficient and successful software using Software Development Life Cycle (SDLC) principles. Platform Engineering comprises a set of activities to design, develop and maintain software code, making it a foundation for building software applications. Objective: This work focuses on reducing the time and effort needed to execute the above tasks that boosts software developer productivity which includes software development workflow automation. The main objective of the proposed work is to lower total cost of ownership, standardize software development practices, help cost optimization and reduce production incidents. Methods: PlatFab, a Platform Engineering service implemented in Industrial Budgeting System is presented in this work. The methodology involves custom developer portal with Continuous Integration and Continuous Delivery/Continuous Deployment. (CI/CD) pipeline to automate financial workflows and streamline collaborative development. It provides the developers architectural components, containers, infrastructure automation and services orchestration that helps them to concentrate on their quality code irrespective of implementation efforts. Results: After deploying PlatFab in an organization's software development, build time is reduced by one minute for each service, and 60MB of storage space is saved for each service. Developers can handle vulnerability attacks in one day. Before the use of PlatFab, build time was five minutes, 2 GB was used for each service, and vulnerability handling required five days to resolve. Production downtime issues were 12 before PlatFab and were reduced to almost zero after integrating PlatFab. Conclusion: The results after implementing PlatFab for a Budgeting System service in an IT Organization help the developers reduce build time, number of days to fix vulnerabilities, and space requirements for the service. PlatFab helps the developers complete their projects with quality code in a shorter time, improving their productivity. Keywords: Agile Methodology, Budgeting Service, Platform Engineering, Software Development Life Cycle, Service Oriented Architecture.",2025-03-28,V. Srinivasan; Manimegalai Rajkumar; Srivatsan Santhanam; Amit X. Garg,Journal of Information Systems Engineering and Business Intelligence,article,2,https://doi.org/10.20473/jisebi.11.1.79-90
OpenAlex,https://openalex.org/W2027985685,10.1109/agile.2014.11,Using Agile Story Points as an Estimation Technique in CMMI Organizations,"Story Point is a relative measure heavily used for agile estimation of size. The team decides how big a point is, and based on that size, determines how many points each work item is. In many organizations, the use of story points for similar features can vary from team to another, and successfully, based on the teams' sizes, skill set and relative use of this tool. But in a CMMI organization, this technique demands a degree of consistency across teams for a more streamlined approach to solution delivery. This generates a challenge for CMMI organizations to adopt Agile in software estimation and planning. In this paper, a process and methodology that guarantees relativity in software sizing while using agile story points is introduced. The proposed process and methodology are applied in a CMMI company level three on different projects. By that, the story point is used on the level of the organization, not the project. Then, the performance of sizing process is measured to show a significant improvement in sizing accuracy after adopting the agile story point in CMMI organizations. To complete the estimation cycle, an improvement in effort estimation dependent on story point is also introduced, and its performance effect is measured.",2014-07-01,Alaa El Deen Hamouda,,conference-paper,29,https://doi.org/10.1109/agile.2014.11
OpenAlex,https://openalex.org/W2492214320,10.1007/978-3-319-40265-9_16,Enforcing Software Developers’ Productivity by Using Knowledge and Experience,,2016-01-01,Pasquale Ardimento; María Teresa Baldassarre; Nicola Boffoli; Danilo Caivano; Michele Scalera; Giuseppe Visaggio,Lecture notes in information systems and organisation,book-chapter,1,https://doi.org/10.1007/978-3-319-40265-9_16
OpenAlex,https://openalex.org/W2153111806,10.1016/j.jss.2012.10.040,Comparing approaches to analyze refactoring activity on software repositories,,2012-11-16,Gustavo Soares; Rohit Gheyi; Emerson Murphy-Hill; Brittany Johnson,Journal of Systems and Software,article,49,https://doi.org/10.1016/j.jss.2012.10.040
OpenAlex,https://openalex.org/W4411233858,10.1109/chase66643.2025.00016,Human and Machine: How Software Engineers Perceive and Engage with AI-Assisted Code Reviews Compared to Their Peers,"The integration of artificial intelligence (AI) continues to increase and evolve, including in software engineering (SE). This integration involves processes traditionally entrusted to humans, such as coding. However, the impact on sociotechnical processes like code review remains underexplored. In this interview-based study (20 interviewees), we investigate how software engineers perceive and engage with Large Language Model (LLM)-assisted code reviews compared to human peerled reviews. In this inherently human-centric process, we aim to understand how software engineers navigate the introduction of AI into collaborative workflows. We found that engagement in code review is multi-dimensional, spanning cognitive, emotional, and behavioral dimensions. The introduction of LLM-assisted review impacts some of these attributes. For example, there is less need for emotional regulation and coping mechanisms when dealing with an LLM compared to peers. However, the cognitive load sometimes is higher in dealing with LLM-generated feedback due to its excessive details. Software engineers use a similar sense-making process to evaluate and adopt feedback suggestions from their peers and the LLM. However, the LLM feedback adoption is constrained by trust and lack of context in the review. Our findings contribute to a deeper understanding of how AI tools are impacting SE socio-technical processes and provide insights into the future of AI-human collaboration in SE practices.",2025-04-27,Adam Alami; Neil Ernst,,conference-paper,14,https://doi.org/10.1109/chase66643.2025.00016
OpenAlex,https://openalex.org/W4365999384,10.1145/3579471,Competencies for Code Review,"Peer code review is a widely practiced software engineering process in which software developers collaboratively evaluate and improve source code quality. Whether developers can perform good reviews depends on whether they have sufficient competence and experience. However, the knowledge of what competencies developers need to execute code review is currently limited, thus hindering, for example, the creation of effective support tools and training strategies. To address this gap, we firstly identified 27 competencies relevant to performing code review through expert validation. Later, we conducted an online survey with 105 reviewers to rank these competencies along four dimensions: frequency of usage, importance, proficiency, and desire of reviewers to improve in that competency. The survey shows that technical competencies are considered essential to performing reviews and that respondents feel generally confident in their technical proficiency. Moreover, reviewers feel less confident in how to communicate clearly and give constructive feedback - competencies they consider like-wise an essential part of reviewing. Therefore, research and education should focus in more detail on how to support and develop reviewers' potential to communicate effectively during reviews. In the paper, we also discuss further implications for training, code review performance assessment, and reviewers of different experience level. Data and materials: https://doi.org/10.5281/zenodo.7401313",2023-04-14,Pavlína Wurzel Gonçalves; Gül Çalıklı; Alexander Serebrenik; Alberto Bacchelli,Proceedings of the ACM on Human-Computer Interaction,article,11,https://doi.org/10.1145/3579471
OpenAlex,https://openalex.org/W4287125558,10.5281/zenodo.4900625,Developer productivity means developer happiness,"To make a developer truly productive, that person must also be happy. This paper describes 10 practices to help make remote workers productive and happy.",2021-06-04,Vanessa Sochat,Zenodo (CERN European Organization for Nuclear Research),article,1,https://doi.org/10.5281/zenodo.4900625
OpenAlex,https://openalex.org/W4405602165,10.1109/icecos63900.2024.10791206,Large Language Model Employment for Story Point Estimation Problems in AGILE Development,"Software effort estimation (SEE) in Agile Software Development (ASD) has been a longstanding challenge for software engineers. The traditional approach estimates effort scores known as Story Point (SP) to measure user stories. The approach was an expert judgment method in which experts propose certain values of story points based on their experience through various mechanisms such as planning poker, Dot Voting, Bucket System, etc. The process will become challenging if experts have different opinions about the value of certain story points, which may result in a longer duration for completion. Many algorithms have been proposed to optimize the method. The utilization of Artificial Intelligence (AI) and Machine Learning (ML) has greatly simplified processes. Various algorithms are utilized, including Fuzzy, SVM, Naive Bayes, KNN, ANN, RNN, CNN, and LSTM, and utilizing Large Language Models (LLMs) for advancement. This paper employs the hybrid model of Bidirectional Encoder Representations from Transformers (BERT) - Multilayer Perceptron (MLP), which we call alterBERT, to perform regression for estimating Story Points (SP). We will assess the model over the TAWOS dataset and compare it with the previous model, GPT2SP, and other GPT2 architecture. The dataset consists of issues from 39 open-source projects mined from JIRA Software. According to the experimental result, we conclude that the alterBERT models have better performance, outperforming the other models with an average MAE and RMSE, respectively, about 1.72 and 2.51",2024-09-25,Barkhah Permana; Ridi Ferdiana; Azkario Rizky Pratama,,conference-paper,5,https://doi.org/10.1109/icecos63900.2024.10791206
OpenAlex,https://openalex.org/W3004276471,10.1109/icos47562.2019.8975708,"Individual, Social and Personnel Factors Influencing Modern Code Review Process","Modern (MCR) is a multistage process where developers evaluate source code written by another developer to enhance the software quality. The process is deeply dependent on interactions among the workforce (reviewer, and author) involved in process activities. Interactions among the MCR workforce are roots of various individual, social and personnel factors influencing the MCR process. Multiple research has been performed based on data analysis collected from review tools, surveys, and interviews at a single company concerning factors affecting MCR. However, MCR research is lacking systematized study concerning individual, social and personnel factors influencing the MCR process. Therefore, this study performs a Systematic Literature Review (SLR) to identify individual, social and personnel factors influencing the MCR process. The study findings highlight individual factors (individual skills, characteristics, emotions, etc.), social factors (trust, relationship, interaction, impression, etc.) and personnel factors (team, team interaction, and reviewer response) that influence the MCR process. Study findings have implications for software engineering researchers performing research in the area and MCR team members to extend the research and perform MCR activities effectively by considering and overcoming the negative impact of identified factors.",2019-11-01,Nargis Fatima; Sumaira Nazir; Suriayati Chuprat,,conference-paper,8,https://doi.org/10.1109/icos47562.2019.8975708
OpenAlex,https://openalex.org/W4225867142,10.5220/0011082200003194,Improving Developer Productivity on Internet of Things using JavaScript,,2022-01-01,Fernando Oliveira; Rafael Parizi; Júlio C. B. Mattos,,conference-paper,2,https://doi.org/10.5220/0011082200003194
OpenAlex,https://openalex.org/W4376606636,10.1109/saner56733.2023.00049,A Multi-Step Learning Approach to Assist Code Review,"Modern code review is a process for early detection and reduction of issues, which assists in ensuring the quality of the source code, detecting anomalies, and identifying potential improvements. However, this is a highly manual activity that requires a lot of resources and time. Recent research has addressed these problems by attempting to entirely automate this task (i.e., generating code reviews). However, we do believe that dismissing the reviewer from this process is not the best option in terms of its optimal functioning, especially considering the high error rates in the proposed approaches. Furthermore, this full automation is still too far to achieve given the complexity of the task that requires human intelligence. In this work, we aim to assist the reviewer in the code review process. We propose an approach for detecting the type of issue and locating parts of the code that need to be revised by developers. In the first phase, we propose a meta-learner that combines a learning-based model and a knowledge-based model to predict the type of issue from the review comment. Then, we use this component to create and label a large dataset composed of quadruplets. We use this data set to finetune a pre-trained language model to predict the types of issues (e.g., naming, resource handling, etc.), that need to be addressed in the original code snippet. Furthermore, we fine-tune another pre-trained language model to locate these issues in the source code submitted by developers. We evaluate the performance of our approach using a test set not considered during the training. Our results show that our model accurately locates and predicts the types of issues.",2023-03-01,Oussama Ben Sghaier; Houari Sahraoui,,conference-paper,17,https://doi.org/10.1109/saner56733.2023.00049
OpenAlex,https://openalex.org/W4410111534,10.2139/ssrn.5214508,The Evolving Landscape of Code Review: Leveraging Artificial Intelligence for Enhanced Software Quality and Developer Productivity,,2025-01-01,Benjamin Batte,SSRN Electronic Journal,preprint,2,https://doi.org/10.2139/ssrn.5214508
OpenAlex,https://openalex.org/W1987810861,10.1007/s10664-005-1288-4,Requirements Engineering and Downstream Software Development: Findings from a Case Study,,2005-06-16,Daniela Damian; James Chisan; Lakshminarayanan Vaidyanathasamy; Yogendra Pal,Empirical Software Engineering,article,53,https://doi.org/10.1007/s10664-005-1288-4
OpenAlex,https://openalex.org/W4392544053,10.1109/citsm60085.2023.10455692,The SEM-PLS Analysis for Testing Questionnaire: Software Developer Productivity Based on Religiosity and Work Behavior,"The growth of the internet has led to the use of the internet in various ways, especially when the COVID-19 pandemic occurred and hit Indonesia in 2020. There was a change in human behavior from initially offline to online. This certainly makes humans more efficient and effective when carrying out their activities. All of this requires some kind of application or information system, and this, of course, requires someone who has programming skills, known as a software developer. Based on literature studies, not only are there qualified technical factors that a software developer must have to have good productivity, but it turns out that internal factors influence the software developer’s work and ultimately affect productivity. This research uses religiosity as an internal factor that influences software developer work behavior, referring to the results of an interview with a software developer who felt more focused and calmer when working after carrying out religious activities. Researchers used SEM-PLS to process questionnaire data. The results of data processing show that the research instrument used is very good at representing the proposed model, but it was found that the religiosity factor does not have a positive effect on work behavior, but work behavior has a positive effect on software developer productivity.",2023-11-10,Meinarini Catur Utami; Dede Rosyada; Erma Suryani; Nashrul Hakiem; Didin Saepudin; Maswani,,conference-paper,2,http://dx.doi.org/10.1109/citsm60085.2023.10455692
OpenAlex,https://openalex.org/W2548051356,10.1145/2950290.2983988,Studying developer gaze to empower software engineering research and practice,"A new research paradigm is proposed that leverages developer eye gaze to improve the state of the art in software engineering research and practice. The vision of this new paradigm for use on software engineering tasks such as code summarization, code recommendations, prediction, and continuous traceability is described. Based on this new paradigm, it is foreseen that new benchmarks will emerge based on developer gaze. The research borrows from cognitive psychology, artificial intelligence, information retrieval, and data mining. It is hypothesized that new algorithms will be discovered that work with eye gaze data to help improve current IDEs, thus improving developer productivity. Conducting empirical studies using an eye tracker will lead to inventing, evaluating, and applying innovative methods and tools that use eye gaze to support the developer. The implications and challenges of this paradigm for future software engineering research is discussed.",2016-11-01,Bonita Sharif; Benjamin Clark; Jonathan I. Maletic,,conference-paper,8,https://doi.org/10.1145/2950290.2983988
OpenAlex,https://openalex.org/W2097298061,10.1109/aswec.2004.1290480,Teaching the process of code review,"Behavioural theory predicts that interventions that improve individual reviewers' expertise also improve the performance of the group in Software Development Technical Reviews (SDTR) [C. Sauer et al.,(2000)]. This includes improvements both in individual's expertise in the review process, as well as their ability to find defects and distinguish true defects from false positives. We present findings from University training in these skills using authentic problems. The first year the course was run it was designed around actual code review sessions, the second year this was expanded to enable students to develop and trial their own generic process for document reviews. This report considers the values and shortcomings of the teaching program from an extensive analysis of the defect detection in the first year, when students were involved in a review process that was set up for them, and student feedback from the second year when students developed and analysed their own process.",2004-01-01,T. Stalhane; Cat Kutay; Hiyam Al-Kilidar; R. Jeffery,,conference-paper,14,https://doi.org/10.1109/aswec.2004.1290480
OpenAlex,https://openalex.org/W2981644358,10.1145/3341301.3359647,Verifying software network functions with no verification expertise,"We present the design and implementation of Vigor, a software stack and toolchain for building and running software network middleboxes that are guaranteed to be correct, while preserving competitive performance and developer productivity. Developers write the core of the middlebox---the network function (NF)---in C, on top of a standard packet-processing framework, putting persistent state in data structures from Vigor's library; the Vigor toolchain then automatically verifies that the resulting software stack correctly implements a specification, which is written in Python.",2019-10-21,Arseniy Zaostrovnykh; Solal Pirelli; Rishabh Iyer; Matteo Rizzo; Luis Pedrosa; Katerina Argyraki; George Candea,,conference-paper,33,https://doi.org/10.1145/3341301.3359647
OpenAlex,https://openalex.org/W4405602223,10.1109/icsme58944.2024.00086,Assessing Software Developer Productivity and Emotional State Using Biometrics,"Developers work with many different artifacts and environments throughout their careers, whether it be in established rules on how to write code, how they have their code presented in their IDE, or how developers communicate with one another. Determining how different aspects of a developer's environment and coding practices affect their level of program comprehension can give us insight into the cognitive processes and the construction of mental models by a developer, which can ultimately determine how a developer's level of productivity may be measured. In this paper, I provide an overview of several empirical studies where I assess comprehension and emotional state using biometric devices while developers perform typical software engineering tasks. The results of these studies can help develop guidelines to help towards productivity. Advisor: Bonita Sharif (University of Nebraska - Lincoln)",2024-10-06,Kang-il Park,,conference-paper,1,https://doi.org/10.1109/icsme58944.2024.00086
OpenAlex,https://openalex.org/W1507777432,10.1609/aimag.v32i2.2348,AI‐Based Software Defect Predictors: Applications and Benefits in a Case Study,"Software defect prediction aims to reduce software testing efforts by guiding testers through the defect‐prone sections of software systems. Defect predictors are widely used in organizations to predict defects in order to save time and effort as an alternative to other techniques such as manual code reviews. The usage of a defect prediction model in a real‐life setting is difficult because it requires software metrics and defect data from past projects to predict the defect‐proneness of new projects. It is, on the other hand, very practical because it is easy to apply, can detect defects using less time, and reduces the testing effort. We have built a learning‐based defect prediction model for a telecommunications company in the space of one year. In this study, we have briefly explained our model, presented its payoff, and described how we have implemented the model in the company. Furthermore, we compared the performance of our model with that of another testing strategy applied in a pilot project that implemented a new process called team software process (TSP). Our results show that defect predictors can predict 87 percent of code defects, decrease inspection efforts by 72 percent, and hence reduce postrelease defects by 44 percent. Furthermore, they can be used as complementary tools for a new process implementation whose effects on testing activities are limited.",2011-06-01,Ayşe Tosun; Ayşe Bener; Resat Kale,AI Magazine,article,67,https://doi.org/10.1609/aimag.v32i2.2348
