status,scenario_id,run_id,item_id,outcome_completed,story_points,hie_compatible,simple_role_load,proposed_model,oracle
developmental_synthetic,baseline_sp,world_sp-seed-4594190432599945735,item_0001,1,0.9680235403772851,0.948838747638228,0.9666050281283923,0.9607233573500931,0.8402777777777778
developmental_synthetic,baseline_sp,world_sp-seed-4594190432599945735,item_0002,1,0.9680235403772851,0.948838747638228,0.9666050281283923,0.9607233573500931,0.8402777777777778
developmental_synthetic,baseline_sp,world_sp-seed-4594190432599945735,item_0003,1,0.9680235403772851,0.948838747638228,0.9666050281283923,0.9607233573500931,0.8402777777777778
developmental_synthetic,baseline_sp,world_sp-seed-4594190432599945735,item_0004,1,0.9680235403772851,0.948838747638228,0.9666050281283923,0.9607233573500931,0.8402777777777778
developmental_synthetic,baseline_sp,world_sp-seed-4594190432599945735,item_0005,1,0.9680235403772851,0.948838747638228,0.9666050281283923,0.9607233573500931,0.8402777777777778
developmental_synthetic,baseline_sp,world_sp-seed-4594190432599945735,item_0006,1,0.9680235403772851,0.948838747638228,0.9666050281283923,0.9607233573500931,0.8402777777777778
developmental_synthetic,baseline_sp,world_sp-seed-4594190432599945735,item_0007,1,0.9680235403772851,0.948838747638228,0.9666050281283923,0.9607233573500931,0.8402777777777778
developmental_synthetic,baseline_sp,world_sp-seed-4594190432599945735,item_0008,1,0.9680235403772851,0.948838747638228,0.9666050281283923,0.9607233573500931,0.8402777777777778
developmental_synthetic,baseline_sp,world_sp-seed-4594190432599945735,item_0009,1,0.9680235403772851,0.948838747638228,0.9666050281283923,0.9607233573500931,0.8402777777777778
developmental_synthetic,baseline_sp,world_sp-seed-4594190432599945735,item_0010,1,0.9680235403772851,0.948838747638228,0.9666050281283923,0.9607233573500931,0.8402777777777778
developmental_synthetic,baseline_sp,world_sp-seed-4594190432599945735,item_0011,1,0.9680235403772851,0.948838747638228,0.9666050281283923,0.9607233573500931,0.8402777777777778
developmental_synthetic,baseline_sp,world_sp-seed-4594190432599945735,item_0012,1,0.9680235403772851,0.948838747638228,0.9666050281283923,0.9607233573500931,0.8402777777777778
developmental_synthetic,baseline_sp,world_sp-seed-8166473292603767607,item_0001,1,0.9680235403772851,0.948838747638228,0.9666050281283923,0.9607233573500931,0.8402777777777778
developmental_synthetic,baseline_sp,world_sp-seed-8166473292603767607,item_0002,0,0.9680235403772851,0.948838747638228,0.9666050281283923,0.9607233573500931,0.8402777777777778
developmental_synthetic,baseline_sp,world_sp-seed-8166473292603767607,item_0003,0,0.9680235403772851,0.948838747638228,0.9666050281283923,0.9607233573500931,0.8402777777777778
developmental_synthetic,baseline_sp,world_sp-seed-8166473292603767607,item_0004,0,0.9680235403772851,0.948838747638228,0.9666050281283923,0.9607233573500931,0.8402777777777778
developmental_synthetic,baseline_sp,world_sp-seed-8166473292603767607,item_0005,1,0.9680235403772851,0.948838747638228,0.9666050281283923,0.9607233573500931,0.8402777777777778
developmental_synthetic,baseline_sp,world_sp-seed-8166473292603767607,item_0006,0,0.9680235403772851,0.948838747638228,0.9666050281283923,0.9607233573500931,0.8402777777777778
developmental_synthetic,baseline_sp,world_sp-seed-8166473292603767607,item_0007,1,0.9680235403772851,0.948838747638228,0.9666050281283923,0.9607233573500931,0.8402777777777778
developmental_synthetic,baseline_sp,world_sp-seed-8166473292603767607,item_0008,0,0.9680235403772851,0.948838747638228,0.9666050281283923,0.9607233573500931,0.8402777777777778
developmental_synthetic,baseline_sp,world_sp-seed-8166473292603767607,item_0009,1,0.9680235403772851,0.948838747638228,0.9666050281283923,0.9607233573500931,0.8402777777777778
developmental_synthetic,baseline_sp,world_sp-seed-8166473292603767607,item_0010,0,0.9680235403772851,0.948838747638228,0.9666050281283923,0.9607233573500931,0.8402777777777778
developmental_synthetic,baseline_sp,world_sp-seed-8166473292603767607,item_0011,1,0.9680235403772851,0.948838747638228,0.9666050281283923,0.9607233573500931,0.8402777777777778
developmental_synthetic,baseline_sp,world_sp-seed-8166473292603767607,item_0012,0,0.9680235403772851,0.948838747638228,0.9666050281283923,0.9607233573500931,0.8402777777777778
developmental_synthetic,baseline_sp,world_sp-seed-4170565587130884155,item_0001,1,0.9680235403772851,0.948838747638228,0.9666050281283923,0.9607233573500931,0.8402777777777778
developmental_synthetic,baseline_sp,world_sp-seed-4170565587130884155,item_0002,1,0.9680235403772851,0.948838747638228,0.9666050281283923,0.9607233573500931,0.8402777777777778
developmental_synthetic,baseline_sp,world_sp-seed-4170565587130884155,item_0003,1,0.9680235403772851,0.948838747638228,0.9666050281283923,0.9607233573500931,0.8402777777777778
developmental_synthetic,baseline_sp,world_sp-seed-4170565587130884155,item_0004,1,0.9680235403772851,0.948838747638228,0.9666050281283923,0.9607233573500931,0.8402777777777778
developmental_synthetic,baseline_sp,world_sp-seed-4170565587130884155,item_0005,1,0.9680235403772851,0.948838747638228,0.9666050281283923,0.9607233573500931,0.8402777777777778
developmental_synthetic,baseline_sp,world_sp-seed-4170565587130884155,item_0006,1,0.9680235403772851,0.948838747638228,0.9666050281283923,0.9607233573500931,0.8402777777777778
developmental_synthetic,baseline_sp,world_sp-seed-4170565587130884155,item_0007,1,0.9680235403772851,0.948838747638228,0.9666050281283923,0.9607233573500931,0.8402777777777778
developmental_synthetic,baseline_sp,world_sp-seed-4170565587130884155,item_0008,1,0.9680235403772851,0.948838747638228,0.9666050281283923,0.9607233573500931,0.8402777777777778
developmental_synthetic,baseline_sp,world_sp-seed-4170565587130884155,item_0009,1,0.9680235403772851,0.948838747638228,0.9666050281283923,0.9607233573500931,0.8402777777777778
developmental_synthetic,baseline_sp,world_sp-seed-4170565587130884155,item_0010,1,0.9680235403772851,0.948838747638228,0.9666050281283923,0.9607233573500931,0.8402777777777778
developmental_synthetic,baseline_sp,world_sp-seed-4170565587130884155,item_0011,1,0.9680235403772851,0.948838747638228,0.9666050281283923,0.9607233573500931,0.8402777777777778
developmental_synthetic,baseline_sp,world_sp-seed-4170565587130884155,item_0012,1,0.9680235403772851,0.948838747638228,0.9666050281283923,0.9607233573500931,0.8402777777777778
developmental_synthetic,baseline_sp,world_sp-seed-2717423041065866496,item_0001,1,0.9680235403772851,0.948838747638228,0.9666050281283923,0.9607233573500931,0.8402777777777778
developmental_synthetic,baseline_sp,world_sp-seed-2717423041065866496,item_0002,1,0.9680235403772851,0.948838747638228,0.9666050281283923,0.9607233573500931,0.8402777777777778
developmental_synthetic,baseline_sp,world_sp-seed-2717423041065866496,item_0003,1,0.9680235403772851,0.948838747638228,0.9666050281283923,0.9607233573500931,0.8402777777777778
developmental_synthetic,baseline_sp,world_sp-seed-2717423041065866496,item_0004,1,0.9680235403772851,0.948838747638228,0.9666050281283923,0.9607233573500931,0.8402777777777778
developmental_synthetic,baseline_sp,world_sp-seed-2717423041065866496,item_0005,1,0.9680235403772851,0.948838747638228,0.9666050281283923,0.9607233573500931,0.8402777777777778
developmental_synthetic,baseline_sp,world_sp-seed-2717423041065866496,item_0006,1,0.9680235403772851,0.948838747638228,0.9666050281283923,0.9607233573500931,0.8402777777777778
developmental_synthetic,baseline_sp,world_sp-seed-2717423041065866496,item_0007,1,0.9680235403772851,0.948838747638228,0.9666050281283923,0.9607233573500931,0.8402777777777778
developmental_synthetic,baseline_sp,world_sp-seed-2717423041065866496,item_0008,1,0.9680235403772851,0.948838747638228,0.9666050281283923,0.9607233573500931,0.8402777777777778
developmental_synthetic,baseline_sp,world_sp-seed-2717423041065866496,item_0009,1,0.9680235403772851,0.948838747638228,0.9666050281283923,0.9607233573500931,0.8402777777777778
developmental_synthetic,baseline_sp,world_sp-seed-2717423041065866496,item_0010,1,0.9680235403772851,0.948838747638228,0.9666050281283923,0.9607233573500931,0.8402777777777778
developmental_synthetic,baseline_sp,world_sp-seed-2717423041065866496,item_0011,1,0.9680235403772851,0.948838747638228,0.9666050281283923,0.9607233573500931,0.8402777777777778
developmental_synthetic,baseline_sp,world_sp-seed-2717423041065866496,item_0012,1,0.9680235403772851,0.948838747638228,0.9666050281283923,0.9607233573500931,0.8402777777777778
developmental_synthetic,baseline_sp,world_sp-seed-3300210048293211683,item_0001,1,0.9680235403772851,0.948838747638228,0.9666050281283923,0.9607233573500931,0.8402777777777778
developmental_synthetic,baseline_sp,world_sp-seed-3300210048293211683,item_0002,1,0.9680235403772851,0.948838747638228,0.9666050281283923,0.9607233573500931,0.8402777777777778
developmental_synthetic,baseline_sp,world_sp-seed-3300210048293211683,item_0003,1,0.9680235403772851,0.948838747638228,0.9666050281283923,0.9607233573500931,0.8402777777777778
developmental_synthetic,baseline_sp,world_sp-seed-3300210048293211683,item_0004,1,0.9680235403772851,0.948838747638228,0.9666050281283923,0.9607233573500931,0.8402777777777778
developmental_synthetic,baseline_sp,world_sp-seed-3300210048293211683,item_0005,1,0.9680235403772851,0.948838747638228,0.9666050281283923,0.9607233573500931,0.8402777777777778
developmental_synthetic,baseline_sp,world_sp-seed-3300210048293211683,item_0006,1,0.9680235403772851,0.948838747638228,0.9666050281283923,0.9607233573500931,0.8402777777777778
developmental_synthetic,baseline_sp,world_sp-seed-3300210048293211683,item_0007,1,0.9680235403772851,0.948838747638228,0.9666050281283923,0.9607233573500931,0.8402777777777778
developmental_synthetic,baseline_sp,world_sp-seed-3300210048293211683,item_0008,1,0.9680235403772851,0.948838747638228,0.9666050281283923,0.9607233573500931,0.8402777777777778
developmental_synthetic,baseline_sp,world_sp-seed-3300210048293211683,item_0009,1,0.9680235403772851,0.948838747638228,0.9666050281283923,0.9607233573500931,0.8402777777777778
developmental_synthetic,baseline_sp,world_sp-seed-3300210048293211683,item_0010,1,0.9680235403772851,0.948838747638228,0.9666050281283923,0.9607233573500931,0.8402777777777778
developmental_synthetic,baseline_sp,world_sp-seed-3300210048293211683,item_0011,1,0.9680235403772851,0.948838747638228,0.9666050281283923,0.9607233573500931,0.8402777777777778
developmental_synthetic,baseline_sp,world_sp-seed-3300210048293211683,item_0012,1,0.9680235403772851,0.948838747638228,0.9666050281283923,0.9607233573500931,0.8402777777777778
developmental_synthetic,baseline_sp,world_sp-seed-8029632760491593691,item_0001,1,0.9680235403772851,0.948838747638228,0.9666050281283923,0.9607233573500931,0.8402777777777778
developmental_synthetic,baseline_sp,world_sp-seed-8029632760491593691,item_0002,1,0.9680235403772851,0.948838747638228,0.9666050281283923,0.9607233573500931,0.8402777777777778
developmental_synthetic,baseline_sp,world_sp-seed-8029632760491593691,item_0003,1,0.9680235403772851,0.948838747638228,0.9666050281283923,0.9607233573500931,0.8402777777777778
developmental_synthetic,baseline_sp,world_sp-seed-8029632760491593691,item_0004,1,0.9680235403772851,0.948838747638228,0.9666050281283923,0.9607233573500931,0.8402777777777778
developmental_synthetic,baseline_sp,world_sp-seed-8029632760491593691,item_0005,1,0.9680235403772851,0.948838747638228,0.9666050281283923,0.9607233573500931,0.8402777777777778
developmental_synthetic,baseline_sp,world_sp-seed-8029632760491593691,item_0006,1,0.9680235403772851,0.948838747638228,0.9666050281283923,0.9607233573500931,0.8402777777777778
developmental_synthetic,baseline_sp,world_sp-seed-8029632760491593691,item_0007,1,0.9680235403772851,0.948838747638228,0.9666050281283923,0.9607233573500931,0.8402777777777778
developmental_synthetic,baseline_sp,world_sp-seed-8029632760491593691,item_0008,0,0.9680235403772851,0.948838747638228,0.9666050281283923,0.9607233573500931,0.8402777777777778
developmental_synthetic,baseline_sp,world_sp-seed-8029632760491593691,item_0009,1,0.9680235403772851,0.948838747638228,0.9666050281283923,0.9607233573500931,0.8402777777777778
developmental_synthetic,baseline_sp,world_sp-seed-8029632760491593691,item_0010,1,0.9680235403772851,0.948838747638228,0.9666050281283923,0.9607233573500931,0.8402777777777778
developmental_synthetic,baseline_sp,world_sp-seed-8029632760491593691,item_0011,1,0.9680235403772851,0.948838747638228,0.9666050281283923,0.9607233573500931,0.8402777777777778
developmental_synthetic,baseline_sp,world_sp-seed-8029632760491593691,item_0012,1,0.9680235403772851,0.948838747638228,0.9666050281283923,0.9607233573500931,0.8402777777777778
developmental_synthetic,baseline_sp,world_sp-seed-1942033208343472871,item_0001,1,0.9680235403772851,0.948838747638228,0.9666050281283923,0.9607233573500931,0.8402777777777778
developmental_synthetic,baseline_sp,world_sp-seed-1942033208343472871,item_0002,1,0.9680235403772851,0.948838747638228,0.9666050281283923,0.9607233573500931,0.8402777777777778
developmental_synthetic,baseline_sp,world_sp-seed-1942033208343472871,item_0003,1,0.9680235403772851,0.948838747638228,0.9666050281283923,0.9607233573500931,0.8402777777777778
developmental_synthetic,baseline_sp,world_sp-seed-1942033208343472871,item_0004,1,0.9680235403772851,0.948838747638228,0.9666050281283923,0.9607233573500931,0.8402777777777778
developmental_synthetic,baseline_sp,world_sp-seed-1942033208343472871,item_0005,1,0.9680235403772851,0.948838747638228,0.9666050281283923,0.9607233573500931,0.8402777777777778
developmental_synthetic,baseline_sp,world_sp-seed-1942033208343472871,item_0006,1,0.9680235403772851,0.948838747638228,0.9666050281283923,0.9607233573500931,0.8402777777777778
developmental_synthetic,baseline_sp,world_sp-seed-1942033208343472871,item_0007,1,0.9680235403772851,0.948838747638228,0.9666050281283923,0.9607233573500931,0.8402777777777778
developmental_synthetic,baseline_sp,world_sp-seed-1942033208343472871,item_0008,1,0.9680235403772851,0.948838747638228,0.9666050281283923,0.9607233573500931,0.8402777777777778
developmental_synthetic,baseline_sp,world_sp-seed-1942033208343472871,item_0009,1,0.9680235403772851,0.948838747638228,0.9666050281283923,0.9607233573500931,0.8402777777777778
developmental_synthetic,baseline_sp,world_sp-seed-1942033208343472871,item_0010,1,0.9680235403772851,0.948838747638228,0.9666050281283923,0.9607233573500931,0.8402777777777778
developmental_synthetic,baseline_sp,world_sp-seed-1942033208343472871,item_0011,1,0.9680235403772851,0.948838747638228,0.9666050281283923,0.9607233573500931,0.8402777777777778
developmental_synthetic,baseline_sp,world_sp-seed-1942033208343472871,item_0012,1,0.9680235403772851,0.948838747638228,0.9666050281283923,0.9607233573500931,0.8402777777777778
developmental_synthetic,baseline_sp,world_sp-seed-4316497584180809060,item_0001,1,0.9680235403772851,0.948838747638228,0.9666050281283923,0.9607233573500931,0.8402777777777778
developmental_synthetic,baseline_sp,world_sp-seed-4316497584180809060,item_0002,0,0.9680235403772851,0.948838747638228,0.9666050281283923,0.9607233573500931,0.8402777777777778
developmental_synthetic,baseline_sp,world_sp-seed-4316497584180809060,item_0003,1,0.9680235403772851,0.948838747638228,0.9666050281283923,0.9607233573500931,0.8402777777777778
developmental_synthetic,baseline_sp,world_sp-seed-4316497584180809060,item_0004,0,0.9680235403772851,0.948838747638228,0.9666050281283923,0.9607233573500931,0.8402777777777778
developmental_synthetic,baseline_sp,world_sp-seed-4316497584180809060,item_0005,1,0.9680235403772851,0.948838747638228,0.9666050281283923,0.9607233573500931,0.8402777777777778
developmental_synthetic,baseline_sp,world_sp-seed-4316497584180809060,item_0006,0,0.9680235403772851,0.948838747638228,0.9666050281283923,0.9607233573500931,0.8402777777777778
developmental_synthetic,baseline_sp,world_sp-seed-4316497584180809060,item_0007,1,0.9680235403772851,0.948838747638228,0.9666050281283923,0.9607233573500931,0.8402777777777778
developmental_synthetic,baseline_sp,world_sp-seed-4316497584180809060,item_0008,0,0.9680235403772851,0.948838747638228,0.9666050281283923,0.9607233573500931,0.8402777777777778
developmental_synthetic,baseline_sp,world_sp-seed-4316497584180809060,item_0009,0,0.9680235403772851,0.948838747638228,0.9666050281283923,0.9607233573500931,0.8402777777777778
developmental_synthetic,baseline_sp,world_sp-seed-4316497584180809060,item_0010,0,0.9680235403772851,0.948838747638228,0.9666050281283923,0.9607233573500931,0.8402777777777778
developmental_synthetic,baseline_sp,world_sp-seed-4316497584180809060,item_0011,1,0.9680235403772851,0.948838747638228,0.9666050281283923,0.9607233573500931,0.8402777777777778
developmental_synthetic,baseline_sp,world_sp-seed-4316497584180809060,item_0012,0,0.9680235403772851,0.948838747638228,0.9666050281283923,0.9607233573500931,0.8402777777777778
developmental_synthetic,baseline_sp,world_sp-seed-267805246917825788,item_0001,0,0.9680235403772851,0.948838747638228,0.9666050281283923,0.9607233573500931,0.8402777777777778
developmental_synthetic,baseline_sp,world_sp-seed-267805246917825788,item_0002,0,0.9680235403772851,0.948838747638228,0.9666050281283923,0.9607233573500931,0.8402777777777778
developmental_synthetic,baseline_sp,world_sp-seed-267805246917825788,item_0003,1,0.9680235403772851,0.948838747638228,0.9666050281283923,0.9607233573500931,0.8402777777777778
developmental_synthetic,baseline_sp,world_sp-seed-267805246917825788,item_0004,0,0.9680235403772851,0.948838747638228,0.9666050281283923,0.9607233573500931,0.8402777777777778
developmental_synthetic,baseline_sp,world_sp-seed-267805246917825788,item_0005,0,0.9680235403772851,0.948838747638228,0.9666050281283923,0.9607233573500931,0.8402777777777778
developmental_synthetic,baseline_sp,world_sp-seed-267805246917825788,item_0006,0,0.9680235403772851,0.948838747638228,0.9666050281283923,0.9607233573500931,0.8402777777777778
developmental_synthetic,baseline_sp,world_sp-seed-267805246917825788,item_0007,1,0.9680235403772851,0.948838747638228,0.9666050281283923,0.9607233573500931,0.8402777777777778
developmental_synthetic,baseline_sp,world_sp-seed-267805246917825788,item_0008,0,0.9680235403772851,0.948838747638228,0.9666050281283923,0.9607233573500931,0.8402777777777778
developmental_synthetic,baseline_sp,world_sp-seed-267805246917825788,item_0009,1,0.9680235403772851,0.948838747638228,0.9666050281283923,0.9607233573500931,0.8402777777777778
developmental_synthetic,baseline_sp,world_sp-seed-267805246917825788,item_0010,0,0.9680235403772851,0.948838747638228,0.9666050281283923,0.9607233573500931,0.8402777777777778
developmental_synthetic,baseline_sp,world_sp-seed-267805246917825788,item_0011,1,0.9680235403772851,0.948838747638228,0.9666050281283923,0.9607233573500931,0.8402777777777778
developmental_synthetic,baseline_sp,world_sp-seed-267805246917825788,item_0012,0,0.9680235403772851,0.948838747638228,0.9666050281283923,0.9607233573500931,0.8402777777777778
developmental_synthetic,baseline_sp,world_sp-seed-5323512391870954056,item_0001,1,0.9680235403772851,0.948838747638228,0.9666050281283923,0.9607233573500931,0.8402777777777778
developmental_synthetic,baseline_sp,world_sp-seed-5323512391870954056,item_0002,1,0.9680235403772851,0.948838747638228,0.9666050281283923,0.9607233573500931,0.8402777777777778
developmental_synthetic,baseline_sp,world_sp-seed-5323512391870954056,item_0003,1,0.9680235403772851,0.948838747638228,0.9666050281283923,0.9607233573500931,0.8402777777777778
developmental_synthetic,baseline_sp,world_sp-seed-5323512391870954056,item_0004,1,0.9680235403772851,0.948838747638228,0.9666050281283923,0.9607233573500931,0.8402777777777778
developmental_synthetic,baseline_sp,world_sp-seed-5323512391870954056,item_0005,1,0.9680235403772851,0.948838747638228,0.9666050281283923,0.9607233573500931,0.8402777777777778
developmental_synthetic,baseline_sp,world_sp-seed-5323512391870954056,item_0006,1,0.9680235403772851,0.948838747638228,0.9666050281283923,0.9607233573500931,0.8402777777777778
developmental_synthetic,baseline_sp,world_sp-seed-5323512391870954056,item_0007,1,0.9680235403772851,0.948838747638228,0.9666050281283923,0.9607233573500931,0.8402777777777778
developmental_synthetic,baseline_sp,world_sp-seed-5323512391870954056,item_0008,1,0.9680235403772851,0.948838747638228,0.9666050281283923,0.9607233573500931,0.8402777777777778
developmental_synthetic,baseline_sp,world_sp-seed-5323512391870954056,item_0009,1,0.9680235403772851,0.948838747638228,0.9666050281283923,0.9607233573500931,0.8402777777777778
developmental_synthetic,baseline_sp,world_sp-seed-5323512391870954056,item_0010,1,0.9680235403772851,0.948838747638228,0.9666050281283923,0.9607233573500931,0.8402777777777778
developmental_synthetic,baseline_sp,world_sp-seed-5323512391870954056,item_0011,1,0.9680235403772851,0.948838747638228,0.9666050281283923,0.9607233573500931,0.8402777777777778
developmental_synthetic,baseline_sp,world_sp-seed-5323512391870954056,item_0012,1,0.9680235403772851,0.948838747638228,0.9666050281283923,0.9607233573500931,0.8402777777777778
developmental_synthetic,baseline_sp,world_sp-seed-1172434494149480746,item_0001,1,0.9680235403772851,0.948838747638228,0.9666050281283923,0.9607233573500931,0.8402777777777778
developmental_synthetic,baseline_sp,world_sp-seed-1172434494149480746,item_0002,1,0.9680235403772851,0.948838747638228,0.9666050281283923,0.9607233573500931,0.8402777777777778
developmental_synthetic,baseline_sp,world_sp-seed-1172434494149480746,item_0003,1,0.9680235403772851,0.948838747638228,0.9666050281283923,0.9607233573500931,0.8402777777777778
developmental_synthetic,baseline_sp,world_sp-seed-1172434494149480746,item_0004,1,0.9680235403772851,0.948838747638228,0.9666050281283923,0.9607233573500931,0.8402777777777778
developmental_synthetic,baseline_sp,world_sp-seed-1172434494149480746,item_0005,1,0.9680235403772851,0.948838747638228,0.9666050281283923,0.9607233573500931,0.8402777777777778
developmental_synthetic,baseline_sp,world_sp-seed-1172434494149480746,item_0006,1,0.9680235403772851,0.948838747638228,0.9666050281283923,0.9607233573500931,0.8402777777777778
developmental_synthetic,baseline_sp,world_sp-seed-1172434494149480746,item_0007,1,0.9680235403772851,0.948838747638228,0.9666050281283923,0.9607233573500931,0.8402777777777778
developmental_synthetic,baseline_sp,world_sp-seed-1172434494149480746,item_0008,1,0.9680235403772851,0.948838747638228,0.9666050281283923,0.9607233573500931,0.8402777777777778
developmental_synthetic,baseline_sp,world_sp-seed-1172434494149480746,item_0009,1,0.9680235403772851,0.948838747638228,0.9666050281283923,0.9607233573500931,0.8402777777777778
developmental_synthetic,baseline_sp,world_sp-seed-1172434494149480746,item_0010,1,0.9680235403772851,0.948838747638228,0.9666050281283923,0.9607233573500931,0.8402777777777778
developmental_synthetic,baseline_sp,world_sp-seed-1172434494149480746,item_0011,1,0.9680235403772851,0.948838747638228,0.9666050281283923,0.9607233573500931,0.8402777777777778
developmental_synthetic,baseline_sp,world_sp-seed-1172434494149480746,item_0012,1,0.9680235403772851,0.948838747638228,0.9666050281283923,0.9607233573500931,0.8402777777777778
developmental_synthetic,baseline_sp,world_sp-seed-5726125126166933359,item_0001,1,0.9680235403772851,0.948838747638228,0.9666050281283923,0.9607233573500931,0.8402777777777778
developmental_synthetic,baseline_sp,world_sp-seed-5726125126166933359,item_0002,1,0.9680235403772851,0.948838747638228,0.9666050281283923,0.9607233573500931,0.8402777777777778
developmental_synthetic,baseline_sp,world_sp-seed-5726125126166933359,item_0003,1,0.9680235403772851,0.948838747638228,0.9666050281283923,0.9607233573500931,0.8402777777777778
developmental_synthetic,baseline_sp,world_sp-seed-5726125126166933359,item_0004,1,0.9680235403772851,0.948838747638228,0.9666050281283923,0.9607233573500931,0.8402777777777778
developmental_synthetic,baseline_sp,world_sp-seed-5726125126166933359,item_0005,1,0.9680235403772851,0.948838747638228,0.9666050281283923,0.9607233573500931,0.8402777777777778
developmental_synthetic,baseline_sp,world_sp-seed-5726125126166933359,item_0006,1,0.9680235403772851,0.948838747638228,0.9666050281283923,0.9607233573500931,0.8402777777777778
developmental_synthetic,baseline_sp,world_sp-seed-5726125126166933359,item_0007,1,0.9680235403772851,0.948838747638228,0.9666050281283923,0.9607233573500931,0.8402777777777778
developmental_synthetic,baseline_sp,world_sp-seed-5726125126166933359,item_0008,0,0.9680235403772851,0.948838747638228,0.9666050281283923,0.9607233573500931,0.8402777777777778
developmental_synthetic,baseline_sp,world_sp-seed-5726125126166933359,item_0009,1,0.9680235403772851,0.948838747638228,0.9666050281283923,0.9607233573500931,0.8402777777777778
developmental_synthetic,baseline_sp,world_sp-seed-5726125126166933359,item_0010,1,0.9680235403772851,0.948838747638228,0.9666050281283923,0.9607233573500931,0.8402777777777778
developmental_synthetic,baseline_sp,world_sp-seed-5726125126166933359,item_0011,1,0.9680235403772851,0.948838747638228,0.9666050281283923,0.9607233573500931,0.8402777777777778
developmental_synthetic,baseline_sp,world_sp-seed-5726125126166933359,item_0012,1,0.9680235403772851,0.948838747638228,0.9666050281283923,0.9607233573500931,0.8402777777777778
developmental_synthetic,baseline_sp,world_sp-seed-319014136358887567,item_0001,1,0.9680235403772851,0.948838747638228,0.9666050281283923,0.9607233573500931,0.8402777777777778
developmental_synthetic,baseline_sp,world_sp-seed-319014136358887567,item_0002,1,0.9680235403772851,0.948838747638228,0.9666050281283923,0.9607233573500931,0.8402777777777778
developmental_synthetic,baseline_sp,world_sp-seed-319014136358887567,item_0003,1,0.9680235403772851,0.948838747638228,0.9666050281283923,0.9607233573500931,0.8402777777777778
developmental_synthetic,baseline_sp,world_sp-seed-319014136358887567,item_0004,1,0.9680235403772851,0.948838747638228,0.9666050281283923,0.9607233573500931,0.8402777777777778
developmental_synthetic,baseline_sp,world_sp-seed-319014136358887567,item_0005,1,0.9680235403772851,0.948838747638228,0.9666050281283923,0.9607233573500931,0.8402777777777778
developmental_synthetic,baseline_sp,world_sp-seed-319014136358887567,item_0006,1,0.9680235403772851,0.948838747638228,0.9666050281283923,0.9607233573500931,0.8402777777777778
developmental_synthetic,baseline_sp,world_sp-seed-319014136358887567,item_0007,1,0.9680235403772851,0.948838747638228,0.9666050281283923,0.9607233573500931,0.8402777777777778
developmental_synthetic,baseline_sp,world_sp-seed-319014136358887567,item_0008,0,0.9680235403772851,0.948838747638228,0.9666050281283923,0.9607233573500931,0.8402777777777778
developmental_synthetic,baseline_sp,world_sp-seed-319014136358887567,item_0009,1,0.9680235403772851,0.948838747638228,0.9666050281283923,0.9607233573500931,0.8402777777777778
developmental_synthetic,baseline_sp,world_sp-seed-319014136358887567,item_0010,1,0.9680235403772851,0.948838747638228,0.9666050281283923,0.9607233573500931,0.8402777777777778
developmental_synthetic,baseline_sp,world_sp-seed-319014136358887567,item_0011,1,0.9680235403772851,0.948838747638228,0.9666050281283923,0.9607233573500931,0.8402777777777778
developmental_synthetic,baseline_sp,world_sp-seed-319014136358887567,item_0012,1,0.9680235403772851,0.948838747638228,0.9666050281283923,0.9607233573500931,0.8402777777777778
developmental_synthetic,baseline_sp,world_sp-seed-3209872604180264923,item_0001,1,0.9680235403772851,0.948838747638228,0.9666050281283923,0.9607233573500931,0.8402777777777778
developmental_synthetic,baseline_sp,world_sp-seed-3209872604180264923,item_0002,1,0.9680235403772851,0.948838747638228,0.9666050281283923,0.9607233573500931,0.8402777777777778
developmental_synthetic,baseline_sp,world_sp-seed-3209872604180264923,item_0003,1,0.9680235403772851,0.948838747638228,0.9666050281283923,0.9607233573500931,0.8402777777777778
developmental_synthetic,baseline_sp,world_sp-seed-3209872604180264923,item_0004,1,0.9680235403772851,0.948838747638228,0.9666050281283923,0.9607233573500931,0.8402777777777778
developmental_synthetic,baseline_sp,world_sp-seed-3209872604180264923,item_0005,1,0.9680235403772851,0.948838747638228,0.9666050281283923,0.9607233573500931,0.8402777777777778
developmental_synthetic,baseline_sp,world_sp-seed-3209872604180264923,item_0006,1,0.9680235403772851,0.948838747638228,0.9666050281283923,0.9607233573500931,0.8402777777777778
developmental_synthetic,baseline_sp,world_sp-seed-3209872604180264923,item_0007,1,0.9680235403772851,0.948838747638228,0.9666050281283923,0.9607233573500931,0.8402777777777778
developmental_synthetic,baseline_sp,world_sp-seed-3209872604180264923,item_0008,1,0.9680235403772851,0.948838747638228,0.9666050281283923,0.9607233573500931,0.8402777777777778
developmental_synthetic,baseline_sp,world_sp-seed-3209872604180264923,item_0009,1,0.9680235403772851,0.948838747638228,0.9666050281283923,0.9607233573500931,0.8402777777777778
developmental_synthetic,baseline_sp,world_sp-seed-3209872604180264923,item_0010,1,0.9680235403772851,0.948838747638228,0.9666050281283923,0.9607233573500931,0.8402777777777778
developmental_synthetic,baseline_sp,world_sp-seed-3209872604180264923,item_0011,1,0.9680235403772851,0.948838747638228,0.9666050281283923,0.9607233573500931,0.8402777777777778
developmental_synthetic,baseline_sp,world_sp-seed-3209872604180264923,item_0012,1,0.9680235403772851,0.948838747638228,0.9666050281283923,0.9607233573500931,0.8402777777777778
developmental_synthetic,baseline_sp,world_sp-seed-6784579373204956173,item_0001,1,0.9680235403772851,0.948838747638228,0.9666050281283923,0.9607233573500931,0.8402777777777778
developmental_synthetic,baseline_sp,world_sp-seed-6784579373204956173,item_0002,0,0.9680235403772851,0.948838747638228,0.9666050281283923,0.9607233573500931,0.8402777777777778
developmental_synthetic,baseline_sp,world_sp-seed-6784579373204956173,item_0003,1,0.9680235403772851,0.948838747638228,0.9666050281283923,0.9607233573500931,0.8402777777777778
developmental_synthetic,baseline_sp,world_sp-seed-6784579373204956173,item_0004,0,0.9680235403772851,0.948838747638228,0.9666050281283923,0.9607233573500931,0.8402777777777778
developmental_synthetic,baseline_sp,world_sp-seed-6784579373204956173,item_0005,0,0.9680235403772851,0.948838747638228,0.9666050281283923,0.9607233573500931,0.8402777777777778
developmental_synthetic,baseline_sp,world_sp-seed-6784579373204956173,item_0006,0,0.9680235403772851,0.948838747638228,0.9666050281283923,0.9607233573500931,0.8402777777777778
developmental_synthetic,baseline_sp,world_sp-seed-6784579373204956173,item_0007,1,0.9680235403772851,0.948838747638228,0.9666050281283923,0.9607233573500931,0.8402777777777778
developmental_synthetic,baseline_sp,world_sp-seed-6784579373204956173,item_0008,0,0.9680235403772851,0.948838747638228,0.9666050281283923,0.9607233573500931,0.8402777777777778
developmental_synthetic,baseline_sp,world_sp-seed-6784579373204956173,item_0009,1,0.9680235403772851,0.948838747638228,0.9666050281283923,0.9607233573500931,0.8402777777777778
developmental_synthetic,baseline_sp,world_sp-seed-6784579373204956173,item_0010,0,0.9680235403772851,0.948838747638228,0.9666050281283923,0.9607233573500931,0.8402777777777778
developmental_synthetic,baseline_sp,world_sp-seed-6784579373204956173,item_0011,1,0.9680235403772851,0.948838747638228,0.9666050281283923,0.9607233573500931,0.8402777777777778
developmental_synthetic,baseline_sp,world_sp-seed-6784579373204956173,item_0012,0,0.9680235403772851,0.948838747638228,0.9666050281283923,0.9607233573500931,0.8402777777777778
developmental_synthetic,baseline_sp,world_sp-seed-4191090533071896547,item_0001,1,0.9680235403772851,0.948838747638228,0.9666050281283923,0.9607233573500931,0.8402777777777778
developmental_synthetic,baseline_sp,world_sp-seed-4191090533071896547,item_0002,1,0.9680235403772851,0.948838747638228,0.9666050281283923,0.9607233573500931,0.8402777777777778
developmental_synthetic,baseline_sp,world_sp-seed-4191090533071896547,item_0003,1,0.9680235403772851,0.948838747638228,0.9666050281283923,0.9607233573500931,0.8402777777777778
developmental_synthetic,baseline_sp,world_sp-seed-4191090533071896547,item_0004,1,0.9680235403772851,0.948838747638228,0.9666050281283923,0.9607233573500931,0.8402777777777778
developmental_synthetic,baseline_sp,world_sp-seed-4191090533071896547,item_0005,1,0.9680235403772851,0.948838747638228,0.9666050281283923,0.9607233573500931,0.8402777777777778
developmental_synthetic,baseline_sp,world_sp-seed-4191090533071896547,item_0006,1,0.9680235403772851,0.948838747638228,0.9666050281283923,0.9607233573500931,0.8402777777777778
developmental_synthetic,baseline_sp,world_sp-seed-4191090533071896547,item_0007,1,0.9680235403772851,0.948838747638228,0.9666050281283923,0.9607233573500931,0.8402777777777778
developmental_synthetic,baseline_sp,world_sp-seed-4191090533071896547,item_0008,1,0.9680235403772851,0.948838747638228,0.9666050281283923,0.9607233573500931,0.8402777777777778
developmental_synthetic,baseline_sp,world_sp-seed-4191090533071896547,item_0009,1,0.9680235403772851,0.948838747638228,0.9666050281283923,0.9607233573500931,0.8402777777777778
developmental_synthetic,baseline_sp,world_sp-seed-4191090533071896547,item_0010,1,0.9680235403772851,0.948838747638228,0.9666050281283923,0.9607233573500931,0.8402777777777778
developmental_synthetic,baseline_sp,world_sp-seed-4191090533071896547,item_0011,1,0.9680235403772851,0.948838747638228,0.9666050281283923,0.9607233573500931,0.8402777777777778
developmental_synthetic,baseline_sp,world_sp-seed-4191090533071896547,item_0012,1,0.9680235403772851,0.948838747638228,0.9666050281283923,0.9607233573500931,0.8402777777777778
developmental_synthetic,baseline_sp,world_sp-seed-9117653556647870869,item_0001,1,0.9680235403772851,0.948838747638228,0.9666050281283923,0.9607233573500931,0.8402777777777778
developmental_synthetic,baseline_sp,world_sp-seed-9117653556647870869,item_0002,1,0.9680235403772851,0.948838747638228,0.9666050281283923,0.9607233573500931,0.8402777777777778
developmental_synthetic,baseline_sp,world_sp-seed-9117653556647870869,item_0003,1,0.9680235403772851,0.948838747638228,0.9666050281283923,0.9607233573500931,0.8402777777777778
developmental_synthetic,baseline_sp,world_sp-seed-9117653556647870869,item_0004,1,0.9680235403772851,0.948838747638228,0.9666050281283923,0.9607233573500931,0.8402777777777778
developmental_synthetic,baseline_sp,world_sp-seed-9117653556647870869,item_0005,1,0.9680235403772851,0.948838747638228,0.9666050281283923,0.9607233573500931,0.8402777777777778
developmental_synthetic,baseline_sp,world_sp-seed-9117653556647870869,item_0006,1,0.9680235403772851,0.948838747638228,0.9666050281283923,0.9607233573500931,0.8402777777777778
developmental_synthetic,baseline_sp,world_sp-seed-9117653556647870869,item_0007,1,0.9680235403772851,0.948838747638228,0.9666050281283923,0.9607233573500931,0.8402777777777778
developmental_synthetic,baseline_sp,world_sp-seed-9117653556647870869,item_0008,1,0.9680235403772851,0.948838747638228,0.9666050281283923,0.9607233573500931,0.8402777777777778
developmental_synthetic,baseline_sp,world_sp-seed-9117653556647870869,item_0009,1,0.9680235403772851,0.948838747638228,0.9666050281283923,0.9607233573500931,0.8402777777777778
developmental_synthetic,baseline_sp,world_sp-seed-9117653556647870869,item_0010,1,0.9680235403772851,0.948838747638228,0.9666050281283923,0.9607233573500931,0.8402777777777778
developmental_synthetic,baseline_sp,world_sp-seed-9117653556647870869,item_0011,1,0.9680235403772851,0.948838747638228,0.9666050281283923,0.9607233573500931,0.8402777777777778
developmental_synthetic,baseline_sp,world_sp-seed-9117653556647870869,item_0012,1,0.9680235403772851,0.948838747638228,0.9666050281283923,0.9607233573500931,0.8402777777777778
developmental_synthetic,baseline_sp,world_sp-seed-8669772086981772072,item_0001,1,0.9680235403772851,0.948838747638228,0.9666050281283923,0.9607233573500931,0.8402777777777778
developmental_synthetic,baseline_sp,world_sp-seed-8669772086981772072,item_0002,0,0.9680235403772851,0.948838747638228,0.9666050281283923,0.9607233573500931,0.8402777777777778
developmental_synthetic,baseline_sp,world_sp-seed-8669772086981772072,item_0003,1,0.9680235403772851,0.948838747638228,0.9666050281283923,0.9607233573500931,0.8402777777777778
developmental_synthetic,baseline_sp,world_sp-seed-8669772086981772072,item_0004,0,0.9680235403772851,0.948838747638228,0.9666050281283923,0.9607233573500931,0.8402777777777778
developmental_synthetic,baseline_sp,world_sp-seed-8669772086981772072,item_0005,1,0.9680235403772851,0.948838747638228,0.9666050281283923,0.9607233573500931,0.8402777777777778
developmental_synthetic,baseline_sp,world_sp-seed-8669772086981772072,item_0006,0,0.9680235403772851,0.948838747638228,0.9666050281283923,0.9607233573500931,0.8402777777777778
developmental_synthetic,baseline_sp,world_sp-seed-8669772086981772072,item_0007,1,0.9680235403772851,0.948838747638228,0.9666050281283923,0.9607233573500931,0.8402777777777778
developmental_synthetic,baseline_sp,world_sp-seed-8669772086981772072,item_0008,0,0.9680235403772851,0.948838747638228,0.9666050281283923,0.9607233573500931,0.8402777777777778
developmental_synthetic,baseline_sp,world_sp-seed-8669772086981772072,item_0009,0,0.9680235403772851,0.948838747638228,0.9666050281283923,0.9607233573500931,0.8402777777777778
developmental_synthetic,baseline_sp,world_sp-seed-8669772086981772072,item_0010,0,0.9680235403772851,0.948838747638228,0.9666050281283923,0.9607233573500931,0.8402777777777778
developmental_synthetic,baseline_sp,world_sp-seed-8669772086981772072,item_0011,1,0.9680235403772851,0.948838747638228,0.9666050281283923,0.9607233573500931,0.8402777777777778
developmental_synthetic,baseline_sp,world_sp-seed-8669772086981772072,item_0012,0,0.9680235403772851,0.948838747638228,0.9666050281283923,0.9607233573500931,0.8402777777777778
developmental_synthetic,baseline_sp,world_sp-seed-3353631954069894546,item_0001,1,0.9680235403772851,0.948838747638228,0.9666050281283923,0.9607233573500931,0.8402777777777778
developmental_synthetic,baseline_sp,world_sp-seed-3353631954069894546,item_0002,1,0.9680235403772851,0.948838747638228,0.9666050281283923,0.9607233573500931,0.8402777777777778
developmental_synthetic,baseline_sp,world_sp-seed-3353631954069894546,item_0003,1,0.9680235403772851,0.948838747638228,0.9666050281283923,0.9607233573500931,0.8402777777777778
developmental_synthetic,baseline_sp,world_sp-seed-3353631954069894546,item_0004,1,0.9680235403772851,0.948838747638228,0.9666050281283923,0.9607233573500931,0.8402777777777778
developmental_synthetic,baseline_sp,world_sp-seed-3353631954069894546,item_0005,1,0.9680235403772851,0.948838747638228,0.9666050281283923,0.9607233573500931,0.8402777777777778
developmental_synthetic,baseline_sp,world_sp-seed-3353631954069894546,item_0006,1,0.9680235403772851,0.948838747638228,0.9666050281283923,0.9607233573500931,0.8402777777777778
developmental_synthetic,baseline_sp,world_sp-seed-3353631954069894546,item_0007,1,0.9680235403772851,0.948838747638228,0.9666050281283923,0.9607233573500931,0.8402777777777778
developmental_synthetic,baseline_sp,world_sp-seed-3353631954069894546,item_0008,1,0.9680235403772851,0.948838747638228,0.9666050281283923,0.9607233573500931,0.8402777777777778
developmental_synthetic,baseline_sp,world_sp-seed-3353631954069894546,item_0009,1,0.9680235403772851,0.948838747638228,0.9666050281283923,0.9607233573500931,0.8402777777777778
developmental_synthetic,baseline_sp,world_sp-seed-3353631954069894546,item_0010,1,0.9680235403772851,0.948838747638228,0.9666050281283923,0.9607233573500931,0.8402777777777778
developmental_synthetic,baseline_sp,world_sp-seed-3353631954069894546,item_0011,1,0.9680235403772851,0.948838747638228,0.9666050281283923,0.9607233573500931,0.8402777777777778
developmental_synthetic,baseline_sp,world_sp-seed-3353631954069894546,item_0012,1,0.9680235403772851,0.948838747638228,0.9666050281283923,0.9607233573500931,0.8402777777777778
developmental_synthetic,baseline_sp,world_sp-seed-9078621501550203399,item_0001,1,0.9680235403772851,0.948838747638228,0.9666050281283923,0.9607233573500931,0.8402777777777778
developmental_synthetic,baseline_sp,world_sp-seed-9078621501550203399,item_0002,1,0.9680235403772851,0.948838747638228,0.9666050281283923,0.9607233573500931,0.8402777777777778
developmental_synthetic,baseline_sp,world_sp-seed-9078621501550203399,item_0003,1,0.9680235403772851,0.948838747638228,0.9666050281283923,0.9607233573500931,0.8402777777777778
developmental_synthetic,baseline_sp,world_sp-seed-9078621501550203399,item_0004,1,0.9680235403772851,0.948838747638228,0.9666050281283923,0.9607233573500931,0.8402777777777778
developmental_synthetic,baseline_sp,world_sp-seed-9078621501550203399,item_0005,1,0.9680235403772851,0.948838747638228,0.9666050281283923,0.9607233573500931,0.8402777777777778
developmental_synthetic,baseline_sp,world_sp-seed-9078621501550203399,item_0006,1,0.9680235403772851,0.948838747638228,0.9666050281283923,0.9607233573500931,0.8402777777777778
developmental_synthetic,baseline_sp,world_sp-seed-9078621501550203399,item_0007,1,0.9680235403772851,0.948838747638228,0.9666050281283923,0.9607233573500931,0.8402777777777778
developmental_synthetic,baseline_sp,world_sp-seed-9078621501550203399,item_0008,1,0.9680235403772851,0.948838747638228,0.9666050281283923,0.9607233573500931,0.8402777777777778
developmental_synthetic,baseline_sp,world_sp-seed-9078621501550203399,item_0009,1,0.9680235403772851,0.948838747638228,0.9666050281283923,0.9607233573500931,0.8402777777777778
developmental_synthetic,baseline_sp,world_sp-seed-9078621501550203399,item_0010,1,0.9680235403772851,0.948838747638228,0.9666050281283923,0.9607233573500931,0.8402777777777778
developmental_synthetic,baseline_sp,world_sp-seed-9078621501550203399,item_0011,1,0.9680235403772851,0.948838747638228,0.9666050281283923,0.9607233573500931,0.8402777777777778
developmental_synthetic,baseline_sp,world_sp-seed-9078621501550203399,item_0012,1,0.9680235403772851,0.948838747638228,0.9666050281283923,0.9607233573500931,0.8402777777777778
developmental_synthetic,baseline_sp,world_sp-seed-2232509440464157497,item_0001,1,0.9680235403772851,0.948838747638228,0.9666050281283923,0.9607233573500931,0.8402777777777778
developmental_synthetic,baseline_sp,world_sp-seed-2232509440464157497,item_0002,1,0.9680235403772851,0.948838747638228,0.9666050281283923,0.9607233573500931,0.8402777777777778
developmental_synthetic,baseline_sp,world_sp-seed-2232509440464157497,item_0003,1,0.9680235403772851,0.948838747638228,0.9666050281283923,0.9607233573500931,0.8402777777777778
developmental_synthetic,baseline_sp,world_sp-seed-2232509440464157497,item_0004,1,0.9680235403772851,0.948838747638228,0.9666050281283923,0.9607233573500931,0.8402777777777778
developmental_synthetic,baseline_sp,world_sp-seed-2232509440464157497,item_0005,1,0.9680235403772851,0.948838747638228,0.9666050281283923,0.9607233573500931,0.8402777777777778
developmental_synthetic,baseline_sp,world_sp-seed-2232509440464157497,item_0006,1,0.9680235403772851,0.948838747638228,0.9666050281283923,0.9607233573500931,0.8402777777777778
developmental_synthetic,baseline_sp,world_sp-seed-2232509440464157497,item_0007,1,0.9680235403772851,0.948838747638228,0.9666050281283923,0.9607233573500931,0.8402777777777778
developmental_synthetic,baseline_sp,world_sp-seed-2232509440464157497,item_0008,1,0.9680235403772851,0.948838747638228,0.9666050281283923,0.9607233573500931,0.8402777777777778
developmental_synthetic,baseline_sp,world_sp-seed-2232509440464157497,item_0009,1,0.9680235403772851,0.948838747638228,0.9666050281283923,0.9607233573500931,0.8402777777777778
developmental_synthetic,baseline_sp,world_sp-seed-2232509440464157497,item_0010,1,0.9680235403772851,0.948838747638228,0.9666050281283923,0.9607233573500931,0.8402777777777778
developmental_synthetic,baseline_sp,world_sp-seed-2232509440464157497,item_0011,1,0.9680235403772851,0.948838747638228,0.9666050281283923,0.9607233573500931,0.8402777777777778
developmental_synthetic,baseline_sp,world_sp-seed-2232509440464157497,item_0012,1,0.9680235403772851,0.948838747638228,0.9666050281283923,0.9607233573500931,0.8402777777777778
developmental_synthetic,baseline_sp,world_sp-seed-1318810389743050509,item_0001,1,0.9680235403772851,0.948838747638228,0.9666050281283923,0.9607233573500931,0.8402777777777778
developmental_synthetic,baseline_sp,world_sp-seed-1318810389743050509,item_0002,1,0.9680235403772851,0.948838747638228,0.9666050281283923,0.9607233573500931,0.8402777777777778
developmental_synthetic,baseline_sp,world_sp-seed-1318810389743050509,item_0003,1,0.9680235403772851,0.948838747638228,0.9666050281283923,0.9607233573500931,0.8402777777777778
developmental_synthetic,baseline_sp,world_sp-seed-1318810389743050509,item_0004,1,0.9680235403772851,0.948838747638228,0.9666050281283923,0.9607233573500931,0.8402777777777778
developmental_synthetic,baseline_sp,world_sp-seed-1318810389743050509,item_0005,1,0.9680235403772851,0.948838747638228,0.9666050281283923,0.9607233573500931,0.8402777777777778
developmental_synthetic,baseline_sp,world_sp-seed-1318810389743050509,item_0006,1,0.9680235403772851,0.948838747638228,0.9666050281283923,0.9607233573500931,0.8402777777777778
developmental_synthetic,baseline_sp,world_sp-seed-1318810389743050509,item_0007,1,0.9680235403772851,0.948838747638228,0.9666050281283923,0.9607233573500931,0.8402777777777778
developmental_synthetic,baseline_sp,world_sp-seed-1318810389743050509,item_0008,1,0.9680235403772851,0.948838747638228,0.9666050281283923,0.9607233573500931,0.8402777777777778
developmental_synthetic,baseline_sp,world_sp-seed-1318810389743050509,item_0009,1,0.9680235403772851,0.948838747638228,0.9666050281283923,0.9607233573500931,0.8402777777777778
developmental_synthetic,baseline_sp,world_sp-seed-1318810389743050509,item_0010,1,0.9680235403772851,0.948838747638228,0.9666050281283923,0.9607233573500931,0.8402777777777778
developmental_synthetic,baseline_sp,world_sp-seed-1318810389743050509,item_0011,1,0.9680235403772851,0.948838747638228,0.9666050281283923,0.9607233573500931,0.8402777777777778
developmental_synthetic,baseline_sp,world_sp-seed-1318810389743050509,item_0012,1,0.9680235403772851,0.948838747638228,0.9666050281283923,0.9607233573500931,0.8402777777777778
developmental_synthetic,baseline_sp,world_sp-seed-2672526422288897444,item_0001,1,0.9680235403772851,0.948838747638228,0.9666050281283923,0.9607233573500931,0.8402777777777778
developmental_synthetic,baseline_sp,world_sp-seed-2672526422288897444,item_0002,1,0.9680235403772851,0.948838747638228,0.9666050281283923,0.9607233573500931,0.8402777777777778
developmental_synthetic,baseline_sp,world_sp-seed-2672526422288897444,item_0003,1,0.9680235403772851,0.948838747638228,0.9666050281283923,0.9607233573500931,0.8402777777777778
developmental_synthetic,baseline_sp,world_sp-seed-2672526422288897444,item_0004,1,0.9680235403772851,0.948838747638228,0.9666050281283923,0.9607233573500931,0.8402777777777778
developmental_synthetic,baseline_sp,world_sp-seed-2672526422288897444,item_0005,1,0.9680235403772851,0.948838747638228,0.9666050281283923,0.9607233573500931,0.8402777777777778
developmental_synthetic,baseline_sp,world_sp-seed-2672526422288897444,item_0006,1,0.9680235403772851,0.948838747638228,0.9666050281283923,0.9607233573500931,0.8402777777777778
developmental_synthetic,baseline_sp,world_sp-seed-2672526422288897444,item_0007,1,0.9680235403772851,0.948838747638228,0.9666050281283923,0.9607233573500931,0.8402777777777778
developmental_synthetic,baseline_sp,world_sp-seed-2672526422288897444,item_0008,1,0.9680235403772851,0.948838747638228,0.9666050281283923,0.9607233573500931,0.8402777777777778
developmental_synthetic,baseline_sp,world_sp-seed-2672526422288897444,item_0009,1,0.9680235403772851,0.948838747638228,0.9666050281283923,0.9607233573500931,0.8402777777777778
developmental_synthetic,baseline_sp,world_sp-seed-2672526422288897444,item_0010,1,0.9680235403772851,0.948838747638228,0.9666050281283923,0.9607233573500931,0.8402777777777778
developmental_synthetic,baseline_sp,world_sp-seed-2672526422288897444,item_0011,1,0.9680235403772851,0.948838747638228,0.9666050281283923,0.9607233573500931,0.8402777777777778
developmental_synthetic,baseline_sp,world_sp-seed-2672526422288897444,item_0012,1,0.9680235403772851,0.948838747638228,0.9666050281283923,0.9607233573500931,0.8402777777777778
developmental_synthetic,baseline_sp,world_sp-seed-2184401695212112810,item_0001,1,0.9680235403772851,0.948838747638228,0.9666050281283923,0.9607233573500931,0.8402777777777778
developmental_synthetic,baseline_sp,world_sp-seed-2184401695212112810,item_0002,0,0.9680235403772851,0.948838747638228,0.9666050281283923,0.9607233573500931,0.8402777777777778
developmental_synthetic,baseline_sp,world_sp-seed-2184401695212112810,item_0003,0,0.9680235403772851,0.948838747638228,0.9666050281283923,0.9607233573500931,0.8402777777777778
developmental_synthetic,baseline_sp,world_sp-seed-2184401695212112810,item_0004,0,0.9680235403772851,0.948838747638228,0.9666050281283923,0.9607233573500931,0.8402777777777778
developmental_synthetic,baseline_sp,world_sp-seed-2184401695212112810,item_0005,1,0.9680235403772851,0.948838747638228,0.9666050281283923,0.9607233573500931,0.8402777777777778
developmental_synthetic,baseline_sp,world_sp-seed-2184401695212112810,item_0006,0,0.9680235403772851,0.948838747638228,0.9666050281283923,0.9607233573500931,0.8402777777777778
developmental_synthetic,baseline_sp,world_sp-seed-2184401695212112810,item_0007,1,0.9680235403772851,0.948838747638228,0.9666050281283923,0.9607233573500931,0.8402777777777778
developmental_synthetic,baseline_sp,world_sp-seed-2184401695212112810,item_0008,0,0.9680235403772851,0.948838747638228,0.9666050281283923,0.9607233573500931,0.8402777777777778
developmental_synthetic,baseline_sp,world_sp-seed-2184401695212112810,item_0009,1,0.9680235403772851,0.948838747638228,0.9666050281283923,0.9607233573500931,0.8402777777777778
developmental_synthetic,baseline_sp,world_sp-seed-2184401695212112810,item_0010,0,0.9680235403772851,0.948838747638228,0.9666050281283923,0.9607233573500931,0.8402777777777778
developmental_synthetic,baseline_sp,world_sp-seed-2184401695212112810,item_0011,1,0.9680235403772851,0.948838747638228,0.9666050281283923,0.9607233573500931,0.8402777777777778
developmental_synthetic,baseline_sp,world_sp-seed-2184401695212112810,item_0012,0,0.9680235403772851,0.948838747638228,0.9666050281283923,0.9607233573500931,0.8402777777777778
developmental_synthetic,baseline_hie,world_hie-seed-4594190432599945735,item_0001,1,0.9680235403772851,0.948838747638228,0.9666050281283923,0.9500810370797254,0.8854166666666666
developmental_synthetic,baseline_hie,world_hie-seed-4594190432599945735,item_0002,0,0.9680235403772851,0.948838747638228,0.9666050281283923,0.9500810370797254,0.8854166666666666
developmental_synthetic,baseline_hie,world_hie-seed-4594190432599945735,item_0003,1,0.9680235403772851,0.948838747638228,0.9666050281283923,0.9500810370797254,0.8854166666666666
developmental_synthetic,baseline_hie,world_hie-seed-4594190432599945735,item_0004,1,0.9680235403772851,0.948838747638228,0.9666050281283923,0.9500810370797254,0.8854166666666666
developmental_synthetic,baseline_hie,world_hie-seed-4594190432599945735,item_0005,1,0.9680235403772851,0.948838747638228,0.9666050281283923,0.9500810370797254,0.8854166666666666
developmental_synthetic,baseline_hie,world_hie-seed-4594190432599945735,item_0006,1,0.9680235403772851,0.948838747638228,0.9666050281283923,0.9500810370797254,0.8854166666666666
developmental_synthetic,baseline_hie,world_hie-seed-4594190432599945735,item_0007,1,0.9680235403772851,0.948838747638228,0.9666050281283923,0.9500810370797254,0.8854166666666666
developmental_synthetic,baseline_hie,world_hie-seed-4594190432599945735,item_0008,1,0.9680235403772851,0.948838747638228,0.9666050281283923,0.9500810370797254,0.8854166666666666
developmental_synthetic,baseline_hie,world_hie-seed-4594190432599945735,item_0009,1,0.9680235403772851,0.948838747638228,0.9666050281283923,0.9500810370797254,0.8854166666666666
developmental_synthetic,baseline_hie,world_hie-seed-4594190432599945735,item_0010,1,0.9680235403772851,0.948838747638228,0.9666050281283923,0.9500810370797254,0.8854166666666666
developmental_synthetic,baseline_hie,world_hie-seed-4594190432599945735,item_0011,1,0.9680235403772851,0.948838747638228,0.9666050281283923,0.9500810370797254,0.8854166666666666
developmental_synthetic,baseline_hie,world_hie-seed-4594190432599945735,item_0012,0,0.9680235403772851,0.948838747638228,0.9666050281283923,0.9500810370797254,0.8854166666666666
developmental_synthetic,baseline_hie,world_hie-seed-8166473292603767607,item_0001,1,0.9680235403772851,0.948838747638228,0.9666050281283923,0.9500810370797254,0.8854166666666666
developmental_synthetic,baseline_hie,world_hie-seed-8166473292603767607,item_0002,1,0.9680235403772851,0.948838747638228,0.9666050281283923,0.9500810370797254,0.8854166666666666
developmental_synthetic,baseline_hie,world_hie-seed-8166473292603767607,item_0003,1,0.9680235403772851,0.948838747638228,0.9666050281283923,0.9500810370797254,0.8854166666666666
developmental_synthetic,baseline_hie,world_hie-seed-8166473292603767607,item_0004,1,0.9680235403772851,0.948838747638228,0.9666050281283923,0.9500810370797254,0.8854166666666666
developmental_synthetic,baseline_hie,world_hie-seed-8166473292603767607,item_0005,1,0.9680235403772851,0.948838747638228,0.9666050281283923,0.9500810370797254,0.8854166666666666
developmental_synthetic,baseline_hie,world_hie-seed-8166473292603767607,item_0006,1,0.9680235403772851,0.948838747638228,0.9666050281283923,0.9500810370797254,0.8854166666666666
developmental_synthetic,baseline_hie,world_hie-seed-8166473292603767607,item_0007,1,0.9680235403772851,0.948838747638228,0.9666050281283923,0.9500810370797254,0.8854166666666666
developmental_synthetic,baseline_hie,world_hie-seed-8166473292603767607,item_0008,1,0.9680235403772851,0.948838747638228,0.9666050281283923,0.9500810370797254,0.8854166666666666
developmental_synthetic,baseline_hie,world_hie-seed-8166473292603767607,item_0009,1,0.9680235403772851,0.948838747638228,0.9666050281283923,0.9500810370797254,0.8854166666666666
developmental_synthetic,baseline_hie,world_hie-seed-8166473292603767607,item_0010,1,0.9680235403772851,0.948838747638228,0.9666050281283923,0.9500810370797254,0.8854166666666666
developmental_synthetic,baseline_hie,world_hie-seed-8166473292603767607,item_0011,1,0.9680235403772851,0.948838747638228,0.9666050281283923,0.9500810370797254,0.8854166666666666
developmental_synthetic,baseline_hie,world_hie-seed-8166473292603767607,item_0012,1,0.9680235403772851,0.948838747638228,0.9666050281283923,0.9500810370797254,0.8854166666666666
developmental_synthetic,baseline_hie,world_hie-seed-4170565587130884155,item_0001,1,0.9680235403772851,0.948838747638228,0.9666050281283923,0.9500810370797254,0.8854166666666666
developmental_synthetic,baseline_hie,world_hie-seed-4170565587130884155,item_0002,1,0.9680235403772851,0.948838747638228,0.9666050281283923,0.9500810370797254,0.8854166666666666
developmental_synthetic,baseline_hie,world_hie-seed-4170565587130884155,item_0003,1,0.9680235403772851,0.948838747638228,0.9666050281283923,0.9500810370797254,0.8854166666666666
developmental_synthetic,baseline_hie,world_hie-seed-4170565587130884155,item_0004,1,0.9680235403772851,0.948838747638228,0.9666050281283923,0.9500810370797254,0.8854166666666666
developmental_synthetic,baseline_hie,world_hie-seed-4170565587130884155,item_0005,1,0.9680235403772851,0.948838747638228,0.9666050281283923,0.9500810370797254,0.8854166666666666
developmental_synthetic,baseline_hie,world_hie-seed-4170565587130884155,item_0006,1,0.9680235403772851,0.948838747638228,0.9666050281283923,0.9500810370797254,0.8854166666666666
developmental_synthetic,baseline_hie,world_hie-seed-4170565587130884155,item_0007,1,0.9680235403772851,0.948838747638228,0.9666050281283923,0.9500810370797254,0.8854166666666666
developmental_synthetic,baseline_hie,world_hie-seed-4170565587130884155,item_0008,1,0.9680235403772851,0.948838747638228,0.9666050281283923,0.9500810370797254,0.8854166666666666
developmental_synthetic,baseline_hie,world_hie-seed-4170565587130884155,item_0009,1,0.9680235403772851,0.948838747638228,0.9666050281283923,0.9500810370797254,0.8854166666666666
developmental_synthetic,baseline_hie,world_hie-seed-4170565587130884155,item_0010,0,0.9680235403772851,0.948838747638228,0.9666050281283923,0.9500810370797254,0.8854166666666666
developmental_synthetic,baseline_hie,world_hie-seed-4170565587130884155,item_0011,1,0.9680235403772851,0.948838747638228,0.9666050281283923,0.9500810370797254,0.8854166666666666
developmental_synthetic,baseline_hie,world_hie-seed-4170565587130884155,item_0012,1,0.9680235403772851,0.948838747638228,0.9666050281283923,0.9500810370797254,0.8854166666666666
developmental_synthetic,baseline_hie,world_hie-seed-2717423041065866496,item_0001,1,0.9680235403772851,0.948838747638228,0.9666050281283923,0.9500810370797254,0.8854166666666666
developmental_synthetic,baseline_hie,world_hie-seed-2717423041065866496,item_0002,1,0.9680235403772851,0.948838747638228,0.9666050281283923,0.9500810370797254,0.8854166666666666
developmental_synthetic,baseline_hie,world_hie-seed-2717423041065866496,item_0003,1,0.9680235403772851,0.948838747638228,0.9666050281283923,0.9500810370797254,0.8854166666666666
developmental_synthetic,baseline_hie,world_hie-seed-2717423041065866496,item_0004,1,0.9680235403772851,0.948838747638228,0.9666050281283923,0.9500810370797254,0.8854166666666666
developmental_synthetic,baseline_hie,world_hie-seed-2717423041065866496,item_0005,1,0.9680235403772851,0.948838747638228,0.9666050281283923,0.9500810370797254,0.8854166666666666
developmental_synthetic,baseline_hie,world_hie-seed-2717423041065866496,item_0006,1,0.9680235403772851,0.948838747638228,0.9666050281283923,0.9500810370797254,0.8854166666666666
developmental_synthetic,baseline_hie,world_hie-seed-2717423041065866496,item_0007,1,0.9680235403772851,0.948838747638228,0.9666050281283923,0.9500810370797254,0.8854166666666666
developmental_synthetic,baseline_hie,world_hie-seed-2717423041065866496,item_0008,1,0.9680235403772851,0.948838747638228,0.9666050281283923,0.9500810370797254,0.8854166666666666
developmental_synthetic,baseline_hie,world_hie-seed-2717423041065866496,item_0009,1,0.9680235403772851,0.948838747638228,0.9666050281283923,0.9500810370797254,0.8854166666666666
developmental_synthetic,baseline_hie,world_hie-seed-2717423041065866496,item_0010,1,0.9680235403772851,0.948838747638228,0.9666050281283923,0.9500810370797254,0.8854166666666666
developmental_synthetic,baseline_hie,world_hie-seed-2717423041065866496,item_0011,1,0.9680235403772851,0.948838747638228,0.9666050281283923,0.9500810370797254,0.8854166666666666
developmental_synthetic,baseline_hie,world_hie-seed-2717423041065866496,item_0012,1,0.9680235403772851,0.948838747638228,0.9666050281283923,0.9500810370797254,0.8854166666666666
developmental_synthetic,baseline_hie,world_hie-seed-3300210048293211683,item_0001,1,0.9680235403772851,0.948838747638228,0.9666050281283923,0.9500810370797254,0.8854166666666666
developmental_synthetic,baseline_hie,world_hie-seed-3300210048293211683,item_0002,1,0.9680235403772851,0.948838747638228,0.9666050281283923,0.9500810370797254,0.8854166666666666
developmental_synthetic,baseline_hie,world_hie-seed-3300210048293211683,item_0003,1,0.9680235403772851,0.948838747638228,0.9666050281283923,0.9500810370797254,0.8854166666666666
developmental_synthetic,baseline_hie,world_hie-seed-3300210048293211683,item_0004,1,0.9680235403772851,0.948838747638228,0.9666050281283923,0.9500810370797254,0.8854166666666666
developmental_synthetic,baseline_hie,world_hie-seed-3300210048293211683,item_0005,1,0.9680235403772851,0.948838747638228,0.9666050281283923,0.9500810370797254,0.8854166666666666
developmental_synthetic,baseline_hie,world_hie-seed-3300210048293211683,item_0006,1,0.9680235403772851,0.948838747638228,0.9666050281283923,0.9500810370797254,0.8854166666666666
developmental_synthetic,baseline_hie,world_hie-seed-3300210048293211683,item_0007,1,0.9680235403772851,0.948838747638228,0.9666050281283923,0.9500810370797254,0.8854166666666666
developmental_synthetic,baseline_hie,world_hie-seed-3300210048293211683,item_0008,1,0.9680235403772851,0.948838747638228,0.9666050281283923,0.9500810370797254,0.8854166666666666
developmental_synthetic,baseline_hie,world_hie-seed-3300210048293211683,item_0009,1,0.9680235403772851,0.948838747638228,0.9666050281283923,0.9500810370797254,0.8854166666666666
developmental_synthetic,baseline_hie,world_hie-seed-3300210048293211683,item_0010,1,0.9680235403772851,0.948838747638228,0.9666050281283923,0.9500810370797254,0.8854166666666666
developmental_synthetic,baseline_hie,world_hie-seed-3300210048293211683,item_0011,1,0.9680235403772851,0.948838747638228,0.9666050281283923,0.9500810370797254,0.8854166666666666
developmental_synthetic,baseline_hie,world_hie-seed-3300210048293211683,item_0012,1,0.9680235403772851,0.948838747638228,0.9666050281283923,0.9500810370797254,0.8854166666666666
developmental_synthetic,baseline_hie,world_hie-seed-8029632760491593691,item_0001,1,0.9680235403772851,0.948838747638228,0.9666050281283923,0.9500810370797254,0.8854166666666666
developmental_synthetic,baseline_hie,world_hie-seed-8029632760491593691,item_0002,1,0.9680235403772851,0.948838747638228,0.9666050281283923,0.9500810370797254,0.8854166666666666
developmental_synthetic,baseline_hie,world_hie-seed-8029632760491593691,item_0003,1,0.9680235403772851,0.948838747638228,0.9666050281283923,0.9500810370797254,0.8854166666666666
developmental_synthetic,baseline_hie,world_hie-seed-8029632760491593691,item_0004,1,0.9680235403772851,0.948838747638228,0.9666050281283923,0.9500810370797254,0.8854166666666666
developmental_synthetic,baseline_hie,world_hie-seed-8029632760491593691,item_0005,1,0.9680235403772851,0.948838747638228,0.9666050281283923,0.9500810370797254,0.8854166666666666
developmental_synthetic,baseline_hie,world_hie-seed-8029632760491593691,item_0006,1,0.9680235403772851,0.948838747638228,0.9666050281283923,0.9500810370797254,0.8854166666666666
developmental_synthetic,baseline_hie,world_hie-seed-8029632760491593691,item_0007,1,0.9680235403772851,0.948838747638228,0.9666050281283923,0.9500810370797254,0.8854166666666666
developmental_synthetic,baseline_hie,world_hie-seed-8029632760491593691,item_0008,1,0.9680235403772851,0.948838747638228,0.9666050281283923,0.9500810370797254,0.8854166666666666
developmental_synthetic,baseline_hie,world_hie-seed-8029632760491593691,item_0009,1,0.9680235403772851,0.948838747638228,0.9666050281283923,0.9500810370797254,0.8854166666666666
developmental_synthetic,baseline_hie,world_hie-seed-8029632760491593691,item_0010,1,0.9680235403772851,0.948838747638228,0.9666050281283923,0.9500810370797254,0.8854166666666666
developmental_synthetic,baseline_hie,world_hie-seed-8029632760491593691,item_0011,1,0.9680235403772851,0.948838747638228,0.9666050281283923,0.9500810370797254,0.8854166666666666
developmental_synthetic,baseline_hie,world_hie-seed-8029632760491593691,item_0012,1,0.9680235403772851,0.948838747638228,0.9666050281283923,0.9500810370797254,0.8854166666666666
developmental_synthetic,baseline_hie,world_hie-seed-1942033208343472871,item_0001,1,0.9680235403772851,0.948838747638228,0.9666050281283923,0.9500810370797254,0.8854166666666666
developmental_synthetic,baseline_hie,world_hie-seed-1942033208343472871,item_0002,1,0.9680235403772851,0.948838747638228,0.9666050281283923,0.9500810370797254,0.8854166666666666
developmental_synthetic,baseline_hie,world_hie-seed-1942033208343472871,item_0003,1,0.9680235403772851,0.948838747638228,0.9666050281283923,0.9500810370797254,0.8854166666666666
developmental_synthetic,baseline_hie,world_hie-seed-1942033208343472871,item_0004,1,0.9680235403772851,0.948838747638228,0.9666050281283923,0.9500810370797254,0.8854166666666666
developmental_synthetic,baseline_hie,world_hie-seed-1942033208343472871,item_0005,1,0.9680235403772851,0.948838747638228,0.9666050281283923,0.9500810370797254,0.8854166666666666
developmental_synthetic,baseline_hie,world_hie-seed-1942033208343472871,item_0006,1,0.9680235403772851,0.948838747638228,0.9666050281283923,0.9500810370797254,0.8854166666666666
developmental_synthetic,baseline_hie,world_hie-seed-1942033208343472871,item_0007,1,0.9680235403772851,0.948838747638228,0.9666050281283923,0.9500810370797254,0.8854166666666666
developmental_synthetic,baseline_hie,world_hie-seed-1942033208343472871,item_0008,1,0.9680235403772851,0.948838747638228,0.9666050281283923,0.9500810370797254,0.8854166666666666
developmental_synthetic,baseline_hie,world_hie-seed-1942033208343472871,item_0009,1,0.9680235403772851,0.948838747638228,0.9666050281283923,0.9500810370797254,0.8854166666666666
developmental_synthetic,baseline_hie,world_hie-seed-1942033208343472871,item_0010,1,0.9680235403772851,0.948838747638228,0.9666050281283923,0.9500810370797254,0.8854166666666666
developmental_synthetic,baseline_hie,world_hie-seed-1942033208343472871,item_0011,1,0.9680235403772851,0.948838747638228,0.9666050281283923,0.9500810370797254,0.8854166666666666
developmental_synthetic,baseline_hie,world_hie-seed-1942033208343472871,item_0012,1,0.9680235403772851,0.948838747638228,0.9666050281283923,0.9500810370797254,0.8854166666666666
developmental_synthetic,baseline_hie,world_hie-seed-4316497584180809060,item_0001,1,0.9680235403772851,0.948838747638228,0.9666050281283923,0.9500810370797254,0.8854166666666666
developmental_synthetic,baseline_hie,world_hie-seed-4316497584180809060,item_0002,1,0.9680235403772851,0.948838747638228,0.9666050281283923,0.9500810370797254,0.8854166666666666
developmental_synthetic,baseline_hie,world_hie-seed-4316497584180809060,item_0003,1,0.9680235403772851,0.948838747638228,0.9666050281283923,0.9500810370797254,0.8854166666666666
developmental_synthetic,baseline_hie,world_hie-seed-4316497584180809060,item_0004,1,0.9680235403772851,0.948838747638228,0.9666050281283923,0.9500810370797254,0.8854166666666666
developmental_synthetic,baseline_hie,world_hie-seed-4316497584180809060,item_0005,1,0.9680235403772851,0.948838747638228,0.9666050281283923,0.9500810370797254,0.8854166666666666
developmental_synthetic,baseline_hie,world_hie-seed-4316497584180809060,item_0006,1,0.9680235403772851,0.948838747638228,0.9666050281283923,0.9500810370797254,0.8854166666666666
developmental_synthetic,baseline_hie,world_hie-seed-4316497584180809060,item_0007,1,0.9680235403772851,0.948838747638228,0.9666050281283923,0.9500810370797254,0.8854166666666666
developmental_synthetic,baseline_hie,world_hie-seed-4316497584180809060,item_0008,1,0.9680235403772851,0.948838747638228,0.9666050281283923,0.9500810370797254,0.8854166666666666
developmental_synthetic,baseline_hie,world_hie-seed-4316497584180809060,item_0009,1,0.9680235403772851,0.948838747638228,0.9666050281283923,0.9500810370797254,0.8854166666666666
developmental_synthetic,baseline_hie,world_hie-seed-4316497584180809060,item_0010,1,0.9680235403772851,0.948838747638228,0.9666050281283923,0.9500810370797254,0.8854166666666666
developmental_synthetic,baseline_hie,world_hie-seed-4316497584180809060,item_0011,1,0.9680235403772851,0.948838747638228,0.9666050281283923,0.9500810370797254,0.8854166666666666
developmental_synthetic,baseline_hie,world_hie-seed-4316497584180809060,item_0012,1,0.9680235403772851,0.948838747638228,0.9666050281283923,0.9500810370797254,0.8854166666666666
developmental_synthetic,baseline_hie,world_hie-seed-267805246917825788,item_0001,1,0.9680235403772851,0.948838747638228,0.9666050281283923,0.9500810370797254,0.8854166666666666
developmental_synthetic,baseline_hie,world_hie-seed-267805246917825788,item_0002,1,0.9680235403772851,0.948838747638228,0.9666050281283923,0.9500810370797254,0.8854166666666666
developmental_synthetic,baseline_hie,world_hie-seed-267805246917825788,item_0003,1,0.9680235403772851,0.948838747638228,0.9666050281283923,0.9500810370797254,0.8854166666666666
developmental_synthetic,baseline_hie,world_hie-seed-267805246917825788,item_0004,1,0.9680235403772851,0.948838747638228,0.9666050281283923,0.9500810370797254,0.8854166666666666
developmental_synthetic,baseline_hie,world_hie-seed-267805246917825788,item_0005,1,0.9680235403772851,0.948838747638228,0.9666050281283923,0.9500810370797254,0.8854166666666666
developmental_synthetic,baseline_hie,world_hie-seed-267805246917825788,item_0006,1,0.9680235403772851,0.948838747638228,0.9666050281283923,0.9500810370797254,0.8854166666666666
developmental_synthetic,baseline_hie,world_hie-seed-267805246917825788,item_0007,1,0.9680235403772851,0.948838747638228,0.9666050281283923,0.9500810370797254,0.8854166666666666
developmental_synthetic,baseline_hie,world_hie-seed-267805246917825788,item_0008,1,0.9680235403772851,0.948838747638228,0.9666050281283923,0.9500810370797254,0.8854166666666666
developmental_synthetic,baseline_hie,world_hie-seed-267805246917825788,item_0009,1,0.9680235403772851,0.948838747638228,0.9666050281283923,0.9500810370797254,0.8854166666666666
developmental_synthetic,baseline_hie,world_hie-seed-267805246917825788,item_0010,1,0.9680235403772851,0.948838747638228,0.9666050281283923,0.9500810370797254,0.8854166666666666
developmental_synthetic,baseline_hie,world_hie-seed-267805246917825788,item_0011,1,0.9680235403772851,0.948838747638228,0.9666050281283923,0.9500810370797254,0.8854166666666666
developmental_synthetic,baseline_hie,world_hie-seed-267805246917825788,item_0012,1,0.9680235403772851,0.948838747638228,0.9666050281283923,0.9500810370797254,0.8854166666666666
developmental_synthetic,baseline_hie,world_hie-seed-5323512391870954056,item_0001,1,0.9680235403772851,0.948838747638228,0.9666050281283923,0.9500810370797254,0.8854166666666666
developmental_synthetic,baseline_hie,world_hie-seed-5323512391870954056,item_0002,1,0.9680235403772851,0.948838747638228,0.9666050281283923,0.9500810370797254,0.8854166666666666
developmental_synthetic,baseline_hie,world_hie-seed-5323512391870954056,item_0003,1,0.9680235403772851,0.948838747638228,0.9666050281283923,0.9500810370797254,0.8854166666666666
developmental_synthetic,baseline_hie,world_hie-seed-5323512391870954056,item_0004,1,0.9680235403772851,0.948838747638228,0.9666050281283923,0.9500810370797254,0.8854166666666666
developmental_synthetic,baseline_hie,world_hie-seed-5323512391870954056,item_0005,1,0.9680235403772851,0.948838747638228,0.9666050281283923,0.9500810370797254,0.8854166666666666
developmental_synthetic,baseline_hie,world_hie-seed-5323512391870954056,item_0006,1,0.9680235403772851,0.948838747638228,0.9666050281283923,0.9500810370797254,0.8854166666666666
developmental_synthetic,baseline_hie,world_hie-seed-5323512391870954056,item_0007,1,0.9680235403772851,0.948838747638228,0.9666050281283923,0.9500810370797254,0.8854166666666666
developmental_synthetic,baseline_hie,world_hie-seed-5323512391870954056,item_0008,1,0.9680235403772851,0.948838747638228,0.9666050281283923,0.9500810370797254,0.8854166666666666
developmental_synthetic,baseline_hie,world_hie-seed-5323512391870954056,item_0009,1,0.9680235403772851,0.948838747638228,0.9666050281283923,0.9500810370797254,0.8854166666666666
developmental_synthetic,baseline_hie,world_hie-seed-5323512391870954056,item_0010,1,0.9680235403772851,0.948838747638228,0.9666050281283923,0.9500810370797254,0.8854166666666666
developmental_synthetic,baseline_hie,world_hie-seed-5323512391870954056,item_0011,1,0.9680235403772851,0.948838747638228,0.9666050281283923,0.9500810370797254,0.8854166666666666
developmental_synthetic,baseline_hie,world_hie-seed-5323512391870954056,item_0012,1,0.9680235403772851,0.948838747638228,0.9666050281283923,0.9500810370797254,0.8854166666666666
developmental_synthetic,baseline_hie,world_hie-seed-1172434494149480746,item_0001,1,0.9680235403772851,0.948838747638228,0.9666050281283923,0.9500810370797254,0.8854166666666666
developmental_synthetic,baseline_hie,world_hie-seed-1172434494149480746,item_0002,0,0.9680235403772851,0.948838747638228,0.9666050281283923,0.9500810370797254,0.8854166666666666
developmental_synthetic,baseline_hie,world_hie-seed-1172434494149480746,item_0003,0,0.9680235403772851,0.948838747638228,0.9666050281283923,0.9500810370797254,0.8854166666666666
developmental_synthetic,baseline_hie,world_hie-seed-1172434494149480746,item_0004,0,0.9680235403772851,0.948838747638228,0.9666050281283923,0.9500810370797254,0.8854166666666666
developmental_synthetic,baseline_hie,world_hie-seed-1172434494149480746,item_0005,1,0.9680235403772851,0.948838747638228,0.9666050281283923,0.9500810370797254,0.8854166666666666
developmental_synthetic,baseline_hie,world_hie-seed-1172434494149480746,item_0006,0,0.9680235403772851,0.948838747638228,0.9666050281283923,0.9500810370797254,0.8854166666666666
developmental_synthetic,baseline_hie,world_hie-seed-1172434494149480746,item_0007,1,0.9680235403772851,0.948838747638228,0.9666050281283923,0.9500810370797254,0.8854166666666666
developmental_synthetic,baseline_hie,world_hie-seed-1172434494149480746,item_0008,0,0.9680235403772851,0.948838747638228,0.9666050281283923,0.9500810370797254,0.8854166666666666
developmental_synthetic,baseline_hie,world_hie-seed-1172434494149480746,item_0009,1,0.9680235403772851,0.948838747638228,0.9666050281283923,0.9500810370797254,0.8854166666666666
developmental_synthetic,baseline_hie,world_hie-seed-1172434494149480746,item_0010,0,0.9680235403772851,0.948838747638228,0.9666050281283923,0.9500810370797254,0.8854166666666666
developmental_synthetic,baseline_hie,world_hie-seed-1172434494149480746,item_0011,1,0.9680235403772851,0.948838747638228,0.9666050281283923,0.9500810370797254,0.8854166666666666
developmental_synthetic,baseline_hie,world_hie-seed-1172434494149480746,item_0012,0,0.9680235403772851,0.948838747638228,0.9666050281283923,0.9500810370797254,0.8854166666666666
developmental_synthetic,baseline_hie,world_hie-seed-5726125126166933359,item_0001,1,0.9680235403772851,0.948838747638228,0.9666050281283923,0.9500810370797254,0.8854166666666666
developmental_synthetic,baseline_hie,world_hie-seed-5726125126166933359,item_0002,1,0.9680235403772851,0.948838747638228,0.9666050281283923,0.9500810370797254,0.8854166666666666
developmental_synthetic,baseline_hie,world_hie-seed-5726125126166933359,item_0003,1,0.9680235403772851,0.948838747638228,0.9666050281283923,0.9500810370797254,0.8854166666666666
developmental_synthetic,baseline_hie,world_hie-seed-5726125126166933359,item_0004,1,0.9680235403772851,0.948838747638228,0.9666050281283923,0.9500810370797254,0.8854166666666666
developmental_synthetic,baseline_hie,world_hie-seed-5726125126166933359,item_0005,1,0.9680235403772851,0.948838747638228,0.9666050281283923,0.9500810370797254,0.8854166666666666
developmental_synthetic,baseline_hie,world_hie-seed-5726125126166933359,item_0006,1,0.9680235403772851,0.948838747638228,0.9666050281283923,0.9500810370797254,0.8854166666666666
developmental_synthetic,baseline_hie,world_hie-seed-5726125126166933359,item_0007,1,0.9680235403772851,0.948838747638228,0.9666050281283923,0.9500810370797254,0.8854166666666666
developmental_synthetic,baseline_hie,world_hie-seed-5726125126166933359,item_0008,1,0.9680235403772851,0.948838747638228,0.9666050281283923,0.9500810370797254,0.8854166666666666
developmental_synthetic,baseline_hie,world_hie-seed-5726125126166933359,item_0009,1,0.9680235403772851,0.948838747638228,0.9666050281283923,0.9500810370797254,0.8854166666666666
developmental_synthetic,baseline_hie,world_hie-seed-5726125126166933359,item_0010,1,0.9680235403772851,0.948838747638228,0.9666050281283923,0.9500810370797254,0.8854166666666666
developmental_synthetic,baseline_hie,world_hie-seed-5726125126166933359,item_0011,1,0.9680235403772851,0.948838747638228,0.9666050281283923,0.9500810370797254,0.8854166666666666
developmental_synthetic,baseline_hie,world_hie-seed-5726125126166933359,item_0012,1,0.9680235403772851,0.948838747638228,0.9666050281283923,0.9500810370797254,0.8854166666666666
developmental_synthetic,baseline_hie,world_hie-seed-319014136358887567,item_0001,1,0.9680235403772851,0.948838747638228,0.9666050281283923,0.9500810370797254,0.8854166666666666
developmental_synthetic,baseline_hie,world_hie-seed-319014136358887567,item_0002,1,0.9680235403772851,0.948838747638228,0.9666050281283923,0.9500810370797254,0.8854166666666666
developmental_synthetic,baseline_hie,world_hie-seed-319014136358887567,item_0003,1,0.9680235403772851,0.948838747638228,0.9666050281283923,0.9500810370797254,0.8854166666666666
developmental_synthetic,baseline_hie,world_hie-seed-319014136358887567,item_0004,1,0.9680235403772851,0.948838747638228,0.9666050281283923,0.9500810370797254,0.8854166666666666
developmental_synthetic,baseline_hie,world_hie-seed-319014136358887567,item_0005,1,0.9680235403772851,0.948838747638228,0.9666050281283923,0.9500810370797254,0.8854166666666666
developmental_synthetic,baseline_hie,world_hie-seed-319014136358887567,item_0006,1,0.9680235403772851,0.948838747638228,0.9666050281283923,0.9500810370797254,0.8854166666666666
developmental_synthetic,baseline_hie,world_hie-seed-319014136358887567,item_0007,1,0.9680235403772851,0.948838747638228,0.9666050281283923,0.9500810370797254,0.8854166666666666
developmental_synthetic,baseline_hie,world_hie-seed-319014136358887567,item_0008,1,0.9680235403772851,0.948838747638228,0.9666050281283923,0.9500810370797254,0.8854166666666666
developmental_synthetic,baseline_hie,world_hie-seed-319014136358887567,item_0009,1,0.9680235403772851,0.948838747638228,0.9666050281283923,0.9500810370797254,0.8854166666666666
developmental_synthetic,baseline_hie,world_hie-seed-319014136358887567,item_0010,1,0.9680235403772851,0.948838747638228,0.9666050281283923,0.9500810370797254,0.8854166666666666
developmental_synthetic,baseline_hie,world_hie-seed-319014136358887567,item_0011,1,0.9680235403772851,0.948838747638228,0.9666050281283923,0.9500810370797254,0.8854166666666666
developmental_synthetic,baseline_hie,world_hie-seed-319014136358887567,item_0012,0,0.9680235403772851,0.948838747638228,0.9666050281283923,0.9500810370797254,0.8854166666666666
developmental_synthetic,baseline_hie,world_hie-seed-3209872604180264923,item_0001,1,0.9680235403772851,0.948838747638228,0.9666050281283923,0.9500810370797254,0.8854166666666666
developmental_synthetic,baseline_hie,world_hie-seed-3209872604180264923,item_0002,1,0.9680235403772851,0.948838747638228,0.9666050281283923,0.9500810370797254,0.8854166666666666
developmental_synthetic,baseline_hie,world_hie-seed-3209872604180264923,item_0003,1,0.9680235403772851,0.948838747638228,0.9666050281283923,0.9500810370797254,0.8854166666666666
developmental_synthetic,baseline_hie,world_hie-seed-3209872604180264923,item_0004,1,0.9680235403772851,0.948838747638228,0.9666050281283923,0.9500810370797254,0.8854166666666666
developmental_synthetic,baseline_hie,world_hie-seed-3209872604180264923,item_0005,1,0.9680235403772851,0.948838747638228,0.9666050281283923,0.9500810370797254,0.8854166666666666
developmental_synthetic,baseline_hie,world_hie-seed-3209872604180264923,item_0006,1,0.9680235403772851,0.948838747638228,0.9666050281283923,0.9500810370797254,0.8854166666666666
developmental_synthetic,baseline_hie,world_hie-seed-3209872604180264923,item_0007,1,0.9680235403772851,0.948838747638228,0.9666050281283923,0.9500810370797254,0.8854166666666666
developmental_synthetic,baseline_hie,world_hie-seed-3209872604180264923,item_0008,1,0.9680235403772851,0.948838747638228,0.9666050281283923,0.9500810370797254,0.8854166666666666
developmental_synthetic,baseline_hie,world_hie-seed-3209872604180264923,item_0009,1,0.9680235403772851,0.948838747638228,0.9666050281283923,0.9500810370797254,0.8854166666666666
developmental_synthetic,baseline_hie,world_hie-seed-3209872604180264923,item_0010,1,0.9680235403772851,0.948838747638228,0.9666050281283923,0.9500810370797254,0.8854166666666666
developmental_synthetic,baseline_hie,world_hie-seed-3209872604180264923,item_0011,1,0.9680235403772851,0.948838747638228,0.9666050281283923,0.9500810370797254,0.8854166666666666
developmental_synthetic,baseline_hie,world_hie-seed-3209872604180264923,item_0012,1,0.9680235403772851,0.948838747638228,0.9666050281283923,0.9500810370797254,0.8854166666666666
developmental_synthetic,baseline_hie,world_hie-seed-6784579373204956173,item_0001,1,0.9680235403772851,0.948838747638228,0.9666050281283923,0.9500810370797254,0.8854166666666666
developmental_synthetic,baseline_hie,world_hie-seed-6784579373204956173,item_0002,0,0.9680235403772851,0.948838747638228,0.9666050281283923,0.9500810370797254,0.8854166666666666
developmental_synthetic,baseline_hie,world_hie-seed-6784579373204956173,item_0003,1,0.9680235403772851,0.948838747638228,0.9666050281283923,0.9500810370797254,0.8854166666666666
developmental_synthetic,baseline_hie,world_hie-seed-6784579373204956173,item_0004,0,0.9680235403772851,0.948838747638228,0.9666050281283923,0.9500810370797254,0.8854166666666666
developmental_synthetic,baseline_hie,world_hie-seed-6784579373204956173,item_0005,0,0.9680235403772851,0.948838747638228,0.9666050281283923,0.9500810370797254,0.8854166666666666
developmental_synthetic,baseline_hie,world_hie-seed-6784579373204956173,item_0006,0,0.9680235403772851,0.948838747638228,0.9666050281283923,0.9500810370797254,0.8854166666666666
developmental_synthetic,baseline_hie,world_hie-seed-6784579373204956173,item_0007,1,0.9680235403772851,0.948838747638228,0.9666050281283923,0.9500810370797254,0.8854166666666666
developmental_synthetic,baseline_hie,world_hie-seed-6784579373204956173,item_0008,0,0.9680235403772851,0.948838747638228,0.9666050281283923,0.9500810370797254,0.8854166666666666
developmental_synthetic,baseline_hie,world_hie-seed-6784579373204956173,item_0009,1,0.9680235403772851,0.948838747638228,0.9666050281283923,0.9500810370797254,0.8854166666666666
developmental_synthetic,baseline_hie,world_hie-seed-6784579373204956173,item_0010,0,0.9680235403772851,0.948838747638228,0.9666050281283923,0.9500810370797254,0.8854166666666666
developmental_synthetic,baseline_hie,world_hie-seed-6784579373204956173,item_0011,1,0.9680235403772851,0.948838747638228,0.9666050281283923,0.9500810370797254,0.8854166666666666
developmental_synthetic,baseline_hie,world_hie-seed-6784579373204956173,item_0012,0,0.9680235403772851,0.948838747638228,0.9666050281283923,0.9500810370797254,0.8854166666666666
developmental_synthetic,baseline_hie,world_hie-seed-4191090533071896547,item_0001,1,0.9680235403772851,0.948838747638228,0.9666050281283923,0.9500810370797254,0.8854166666666666
developmental_synthetic,baseline_hie,world_hie-seed-4191090533071896547,item_0002,0,0.9680235403772851,0.948838747638228,0.9666050281283923,0.9500810370797254,0.8854166666666666
developmental_synthetic,baseline_hie,world_hie-seed-4191090533071896547,item_0003,1,0.9680235403772851,0.948838747638228,0.9666050281283923,0.9500810370797254,0.8854166666666666
developmental_synthetic,baseline_hie,world_hie-seed-4191090533071896547,item_0004,1,0.9680235403772851,0.948838747638228,0.9666050281283923,0.9500810370797254,0.8854166666666666
developmental_synthetic,baseline_hie,world_hie-seed-4191090533071896547,item_0005,1,0.9680235403772851,0.948838747638228,0.9666050281283923,0.9500810370797254,0.8854166666666666
developmental_synthetic,baseline_hie,world_hie-seed-4191090533071896547,item_0006,1,0.9680235403772851,0.948838747638228,0.9666050281283923,0.9500810370797254,0.8854166666666666
developmental_synthetic,baseline_hie,world_hie-seed-4191090533071896547,item_0007,1,0.9680235403772851,0.948838747638228,0.9666050281283923,0.9500810370797254,0.8854166666666666
developmental_synthetic,baseline_hie,world_hie-seed-4191090533071896547,item_0008,1,0.9680235403772851,0.948838747638228,0.9666050281283923,0.9500810370797254,0.8854166666666666
developmental_synthetic,baseline_hie,world_hie-seed-4191090533071896547,item_0009,1,0.9680235403772851,0.948838747638228,0.9666050281283923,0.9500810370797254,0.8854166666666666
developmental_synthetic,baseline_hie,world_hie-seed-4191090533071896547,item_0010,1,0.9680235403772851,0.948838747638228,0.9666050281283923,0.9500810370797254,0.8854166666666666
developmental_synthetic,baseline_hie,world_hie-seed-4191090533071896547,item_0011,1,0.9680235403772851,0.948838747638228,0.9666050281283923,0.9500810370797254,0.8854166666666666
developmental_synthetic,baseline_hie,world_hie-seed-4191090533071896547,item_0012,1,0.9680235403772851,0.948838747638228,0.9666050281283923,0.9500810370797254,0.8854166666666666
developmental_synthetic,baseline_hie,world_hie-seed-9117653556647870869,item_0001,0,0.9680235403772851,0.948838747638228,0.9666050281283923,0.9500810370797254,0.8854166666666666
developmental_synthetic,baseline_hie,world_hie-seed-9117653556647870869,item_0002,0,0.9680235403772851,0.948838747638228,0.9666050281283923,0.9500810370797254,0.8854166666666666
developmental_synthetic,baseline_hie,world_hie-seed-9117653556647870869,item_0003,1,0.9680235403772851,0.948838747638228,0.9666050281283923,0.9500810370797254,0.8854166666666666
developmental_synthetic,baseline_hie,world_hie-seed-9117653556647870869,item_0004,0,0.9680235403772851,0.948838747638228,0.9666050281283923,0.9500810370797254,0.8854166666666666
developmental_synthetic,baseline_hie,world_hie-seed-9117653556647870869,item_0005,1,0.9680235403772851,0.948838747638228,0.9666050281283923,0.9500810370797254,0.8854166666666666
developmental_synthetic,baseline_hie,world_hie-seed-9117653556647870869,item_0006,0,0.9680235403772851,0.948838747638228,0.9666050281283923,0.9500810370797254,0.8854166666666666
developmental_synthetic,baseline_hie,world_hie-seed-9117653556647870869,item_0007,1,0.9680235403772851,0.948838747638228,0.9666050281283923,0.9500810370797254,0.8854166666666666
developmental_synthetic,baseline_hie,world_hie-seed-9117653556647870869,item_0008,0,0.9680235403772851,0.948838747638228,0.9666050281283923,0.9500810370797254,0.8854166666666666
developmental_synthetic,baseline_hie,world_hie-seed-9117653556647870869,item_0009,1,0.9680235403772851,0.948838747638228,0.9666050281283923,0.9500810370797254,0.8854166666666666
developmental_synthetic,baseline_hie,world_hie-seed-9117653556647870869,item_0010,0,0.9680235403772851,0.948838747638228,0.9666050281283923,0.9500810370797254,0.8854166666666666
developmental_synthetic,baseline_hie,world_hie-seed-9117653556647870869,item_0011,1,0.9680235403772851,0.948838747638228,0.9666050281283923,0.9500810370797254,0.8854166666666666
developmental_synthetic,baseline_hie,world_hie-seed-9117653556647870869,item_0012,0,0.9680235403772851,0.948838747638228,0.9666050281283923,0.9500810370797254,0.8854166666666666
developmental_synthetic,baseline_hie,world_hie-seed-8669772086981772072,item_0001,1,0.9680235403772851,0.948838747638228,0.9666050281283923,0.9500810370797254,0.8854166666666666
developmental_synthetic,baseline_hie,world_hie-seed-8669772086981772072,item_0002,1,0.9680235403772851,0.948838747638228,0.9666050281283923,0.9500810370797254,0.8854166666666666
developmental_synthetic,baseline_hie,world_hie-seed-8669772086981772072,item_0003,1,0.9680235403772851,0.948838747638228,0.9666050281283923,0.9500810370797254,0.8854166666666666
developmental_synthetic,baseline_hie,world_hie-seed-8669772086981772072,item_0004,1,0.9680235403772851,0.948838747638228,0.9666050281283923,0.9500810370797254,0.8854166666666666
developmental_synthetic,baseline_hie,world_hie-seed-8669772086981772072,item_0005,1,0.9680235403772851,0.948838747638228,0.9666050281283923,0.9500810370797254,0.8854166666666666
developmental_synthetic,baseline_hie,world_hie-seed-8669772086981772072,item_0006,1,0.9680235403772851,0.948838747638228,0.9666050281283923,0.9500810370797254,0.8854166666666666
developmental_synthetic,baseline_hie,world_hie-seed-8669772086981772072,item_0007,1,0.9680235403772851,0.948838747638228,0.9666050281283923,0.9500810370797254,0.8854166666666666
developmental_synthetic,baseline_hie,world_hie-seed-8669772086981772072,item_0008,1,0.9680235403772851,0.948838747638228,0.9666050281283923,0.9500810370797254,0.8854166666666666
developmental_synthetic,baseline_hie,world_hie-seed-8669772086981772072,item_0009,1,0.9680235403772851,0.948838747638228,0.9666050281283923,0.9500810370797254,0.8854166666666666
developmental_synthetic,baseline_hie,world_hie-seed-8669772086981772072,item_0010,1,0.9680235403772851,0.948838747638228,0.9666050281283923,0.9500810370797254,0.8854166666666666
developmental_synthetic,baseline_hie,world_hie-seed-8669772086981772072,item_0011,1,0.9680235403772851,0.948838747638228,0.9666050281283923,0.9500810370797254,0.8854166666666666
developmental_synthetic,baseline_hie,world_hie-seed-8669772086981772072,item_0012,1,0.9680235403772851,0.948838747638228,0.9666050281283923,0.9500810370797254,0.8854166666666666
developmental_synthetic,baseline_hie,world_hie-seed-3353631954069894546,item_0001,1,0.9680235403772851,0.948838747638228,0.9666050281283923,0.9500810370797254,0.8854166666666666
developmental_synthetic,baseline_hie,world_hie-seed-3353631954069894546,item_0002,1,0.9680235403772851,0.948838747638228,0.9666050281283923,0.9500810370797254,0.8854166666666666
developmental_synthetic,baseline_hie,world_hie-seed-3353631954069894546,item_0003,1,0.9680235403772851,0.948838747638228,0.9666050281283923,0.9500810370797254,0.8854166666666666
developmental_synthetic,baseline_hie,world_hie-seed-3353631954069894546,item_0004,1,0.9680235403772851,0.948838747638228,0.9666050281283923,0.9500810370797254,0.8854166666666666
developmental_synthetic,baseline_hie,world_hie-seed-3353631954069894546,item_0005,1,0.9680235403772851,0.948838747638228,0.9666050281283923,0.9500810370797254,0.8854166666666666
developmental_synthetic,baseline_hie,world_hie-seed-3353631954069894546,item_0006,1,0.9680235403772851,0.948838747638228,0.9666050281283923,0.9500810370797254,0.8854166666666666
developmental_synthetic,baseline_hie,world_hie-seed-3353631954069894546,item_0007,1,0.9680235403772851,0.948838747638228,0.9666050281283923,0.9500810370797254,0.8854166666666666
developmental_synthetic,baseline_hie,world_hie-seed-3353631954069894546,item_0008,1,0.9680235403772851,0.948838747638228,0.9666050281283923,0.9500810370797254,0.8854166666666666
developmental_synthetic,baseline_hie,world_hie-seed-3353631954069894546,item_0009,1,0.9680235403772851,0.948838747638228,0.9666050281283923,0.9500810370797254,0.8854166666666666
developmental_synthetic,baseline_hie,world_hie-seed-3353631954069894546,item_0010,1,0.9680235403772851,0.948838747638228,0.9666050281283923,0.9500810370797254,0.8854166666666666
developmental_synthetic,baseline_hie,world_hie-seed-3353631954069894546,item_0011,1,0.9680235403772851,0.948838747638228,0.9666050281283923,0.9500810370797254,0.8854166666666666
developmental_synthetic,baseline_hie,world_hie-seed-3353631954069894546,item_0012,1,0.9680235403772851,0.948838747638228,0.9666050281283923,0.9500810370797254,0.8854166666666666
developmental_synthetic,baseline_hie,world_hie-seed-9078621501550203399,item_0001,1,0.9680235403772851,0.948838747638228,0.9666050281283923,0.9500810370797254,0.8854166666666666
developmental_synthetic,baseline_hie,world_hie-seed-9078621501550203399,item_0002,1,0.9680235403772851,0.948838747638228,0.9666050281283923,0.9500810370797254,0.8854166666666666
developmental_synthetic,baseline_hie,world_hie-seed-9078621501550203399,item_0003,1,0.9680235403772851,0.948838747638228,0.9666050281283923,0.9500810370797254,0.8854166666666666
developmental_synthetic,baseline_hie,world_hie-seed-9078621501550203399,item_0004,1,0.9680235403772851,0.948838747638228,0.9666050281283923,0.9500810370797254,0.8854166666666666
developmental_synthetic,baseline_hie,world_hie-seed-9078621501550203399,item_0005,1,0.9680235403772851,0.948838747638228,0.9666050281283923,0.9500810370797254,0.8854166666666666
developmental_synthetic,baseline_hie,world_hie-seed-9078621501550203399,item_0006,1,0.9680235403772851,0.948838747638228,0.9666050281283923,0.9500810370797254,0.8854166666666666
developmental_synthetic,baseline_hie,world_hie-seed-9078621501550203399,item_0007,1,0.9680235403772851,0.948838747638228,0.9666050281283923,0.9500810370797254,0.8854166666666666
developmental_synthetic,baseline_hie,world_hie-seed-9078621501550203399,item_0008,1,0.9680235403772851,0.948838747638228,0.9666050281283923,0.9500810370797254,0.8854166666666666
developmental_synthetic,baseline_hie,world_hie-seed-9078621501550203399,item_0009,1,0.9680235403772851,0.948838747638228,0.9666050281283923,0.9500810370797254,0.8854166666666666
developmental_synthetic,baseline_hie,world_hie-seed-9078621501550203399,item_0010,1,0.9680235403772851,0.948838747638228,0.9666050281283923,0.9500810370797254,0.8854166666666666
developmental_synthetic,baseline_hie,world_hie-seed-9078621501550203399,item_0011,1,0.9680235403772851,0.948838747638228,0.9666050281283923,0.9500810370797254,0.8854166666666666
developmental_synthetic,baseline_hie,world_hie-seed-9078621501550203399,item_0012,1,0.9680235403772851,0.948838747638228,0.9666050281283923,0.9500810370797254,0.8854166666666666
developmental_synthetic,baseline_hie,world_hie-seed-2232509440464157497,item_0001,1,0.9680235403772851,0.948838747638228,0.9666050281283923,0.9500810370797254,0.8854166666666666
developmental_synthetic,baseline_hie,world_hie-seed-2232509440464157497,item_0002,1,0.9680235403772851,0.948838747638228,0.9666050281283923,0.9500810370797254,0.8854166666666666
developmental_synthetic,baseline_hie,world_hie-seed-2232509440464157497,item_0003,1,0.9680235403772851,0.948838747638228,0.9666050281283923,0.9500810370797254,0.8854166666666666
developmental_synthetic,baseline_hie,world_hie-seed-2232509440464157497,item_0004,1,0.9680235403772851,0.948838747638228,0.9666050281283923,0.9500810370797254,0.8854166666666666
developmental_synthetic,baseline_hie,world_hie-seed-2232509440464157497,item_0005,1,0.9680235403772851,0.948838747638228,0.9666050281283923,0.9500810370797254,0.8854166666666666
developmental_synthetic,baseline_hie,world_hie-seed-2232509440464157497,item_0006,1,0.9680235403772851,0.948838747638228,0.9666050281283923,0.9500810370797254,0.8854166666666666
developmental_synthetic,baseline_hie,world_hie-seed-2232509440464157497,item_0007,1,0.9680235403772851,0.948838747638228,0.9666050281283923,0.9500810370797254,0.8854166666666666
developmental_synthetic,baseline_hie,world_hie-seed-2232509440464157497,item_0008,1,0.9680235403772851,0.948838747638228,0.9666050281283923,0.9500810370797254,0.8854166666666666
developmental_synthetic,baseline_hie,world_hie-seed-2232509440464157497,item_0009,1,0.9680235403772851,0.948838747638228,0.9666050281283923,0.9500810370797254,0.8854166666666666
developmental_synthetic,baseline_hie,world_hie-seed-2232509440464157497,item_0010,1,0.9680235403772851,0.948838747638228,0.9666050281283923,0.9500810370797254,0.8854166666666666
developmental_synthetic,baseline_hie,world_hie-seed-2232509440464157497,item_0011,1,0.9680235403772851,0.948838747638228,0.9666050281283923,0.9500810370797254,0.8854166666666666
developmental_synthetic,baseline_hie,world_hie-seed-2232509440464157497,item_0012,1,0.9680235403772851,0.948838747638228,0.9666050281283923,0.9500810370797254,0.8854166666666666
developmental_synthetic,baseline_hie,world_hie-seed-1318810389743050509,item_0001,1,0.9680235403772851,0.948838747638228,0.9666050281283923,0.9500810370797254,0.8854166666666666
developmental_synthetic,baseline_hie,world_hie-seed-1318810389743050509,item_0002,1,0.9680235403772851,0.948838747638228,0.9666050281283923,0.9500810370797254,0.8854166666666666
developmental_synthetic,baseline_hie,world_hie-seed-1318810389743050509,item_0003,1,0.9680235403772851,0.948838747638228,0.9666050281283923,0.9500810370797254,0.8854166666666666
developmental_synthetic,baseline_hie,world_hie-seed-1318810389743050509,item_0004,1,0.9680235403772851,0.948838747638228,0.9666050281283923,0.9500810370797254,0.8854166666666666
developmental_synthetic,baseline_hie,world_hie-seed-1318810389743050509,item_0005,1,0.9680235403772851,0.948838747638228,0.9666050281283923,0.9500810370797254,0.8854166666666666
developmental_synthetic,baseline_hie,world_hie-seed-1318810389743050509,item_0006,1,0.9680235403772851,0.948838747638228,0.9666050281283923,0.9500810370797254,0.8854166666666666
developmental_synthetic,baseline_hie,world_hie-seed-1318810389743050509,item_0007,1,0.9680235403772851,0.948838747638228,0.9666050281283923,0.9500810370797254,0.8854166666666666
developmental_synthetic,baseline_hie,world_hie-seed-1318810389743050509,item_0008,1,0.9680235403772851,0.948838747638228,0.9666050281283923,0.9500810370797254,0.8854166666666666
developmental_synthetic,baseline_hie,world_hie-seed-1318810389743050509,item_0009,1,0.9680235403772851,0.948838747638228,0.9666050281283923,0.9500810370797254,0.8854166666666666
developmental_synthetic,baseline_hie,world_hie-seed-1318810389743050509,item_0010,1,0.9680235403772851,0.948838747638228,0.9666050281283923,0.9500810370797254,0.8854166666666666
developmental_synthetic,baseline_hie,world_hie-seed-1318810389743050509,item_0011,1,0.9680235403772851,0.948838747638228,0.9666050281283923,0.9500810370797254,0.8854166666666666
developmental_synthetic,baseline_hie,world_hie-seed-1318810389743050509,item_0012,1,0.9680235403772851,0.948838747638228,0.9666050281283923,0.9500810370797254,0.8854166666666666
developmental_synthetic,baseline_hie,world_hie-seed-2672526422288897444,item_0001,1,0.9680235403772851,0.948838747638228,0.9666050281283923,0.9500810370797254,0.8854166666666666
developmental_synthetic,baseline_hie,world_hie-seed-2672526422288897444,item_0002,1,0.9680235403772851,0.948838747638228,0.9666050281283923,0.9500810370797254,0.8854166666666666
developmental_synthetic,baseline_hie,world_hie-seed-2672526422288897444,item_0003,1,0.9680235403772851,0.948838747638228,0.9666050281283923,0.9500810370797254,0.8854166666666666
developmental_synthetic,baseline_hie,world_hie-seed-2672526422288897444,item_0004,1,0.9680235403772851,0.948838747638228,0.9666050281283923,0.9500810370797254,0.8854166666666666
developmental_synthetic,baseline_hie,world_hie-seed-2672526422288897444,item_0005,1,0.9680235403772851,0.948838747638228,0.9666050281283923,0.9500810370797254,0.8854166666666666
developmental_synthetic,baseline_hie,world_hie-seed-2672526422288897444,item_0006,1,0.9680235403772851,0.948838747638228,0.9666050281283923,0.9500810370797254,0.8854166666666666
developmental_synthetic,baseline_hie,world_hie-seed-2672526422288897444,item_0007,1,0.9680235403772851,0.948838747638228,0.9666050281283923,0.9500810370797254,0.8854166666666666
developmental_synthetic,baseline_hie,world_hie-seed-2672526422288897444,item_0008,1,0.9680235403772851,0.948838747638228,0.9666050281283923,0.9500810370797254,0.8854166666666666
developmental_synthetic,baseline_hie,world_hie-seed-2672526422288897444,item_0009,1,0.9680235403772851,0.948838747638228,0.9666050281283923,0.9500810370797254,0.8854166666666666
developmental_synthetic,baseline_hie,world_hie-seed-2672526422288897444,item_0010,1,0.9680235403772851,0.948838747638228,0.9666050281283923,0.9500810370797254,0.8854166666666666
developmental_synthetic,baseline_hie,world_hie-seed-2672526422288897444,item_0011,1,0.9680235403772851,0.948838747638228,0.9666050281283923,0.9500810370797254,0.8854166666666666
developmental_synthetic,baseline_hie,world_hie-seed-2672526422288897444,item_0012,1,0.9680235403772851,0.948838747638228,0.9666050281283923,0.9500810370797254,0.8854166666666666
developmental_synthetic,baseline_hie,world_hie-seed-2184401695212112810,item_0001,1,0.9680235403772851,0.948838747638228,0.9666050281283923,0.9500810370797254,0.8854166666666666
developmental_synthetic,baseline_hie,world_hie-seed-2184401695212112810,item_0002,0,0.9680235403772851,0.948838747638228,0.9666050281283923,0.9500810370797254,0.8854166666666666
developmental_synthetic,baseline_hie,world_hie-seed-2184401695212112810,item_0003,0,0.9680235403772851,0.948838747638228,0.9666050281283923,0.9500810370797254,0.8854166666666666
developmental_synthetic,baseline_hie,world_hie-seed-2184401695212112810,item_0004,0,0.9680235403772851,0.948838747638228,0.9666050281283923,0.9500810370797254,0.8854166666666666
developmental_synthetic,baseline_hie,world_hie-seed-2184401695212112810,item_0005,1,0.9680235403772851,0.948838747638228,0.9666050281283923,0.9500810370797254,0.8854166666666666
developmental_synthetic,baseline_hie,world_hie-seed-2184401695212112810,item_0006,0,0.9680235403772851,0.948838747638228,0.9666050281283923,0.9500810370797254,0.8854166666666666
developmental_synthetic,baseline_hie,world_hie-seed-2184401695212112810,item_0007,1,0.9680235403772851,0.948838747638228,0.9666050281283923,0.9500810370797254,0.8854166666666666
developmental_synthetic,baseline_hie,world_hie-seed-2184401695212112810,item_0008,0,0.9680235403772851,0.948838747638228,0.9666050281283923,0.9500810370797254,0.8854166666666666
developmental_synthetic,baseline_hie,world_hie-seed-2184401695212112810,item_0009,1,0.9680235403772851,0.948838747638228,0.9666050281283923,0.9500810370797254,0.8854166666666666
developmental_synthetic,baseline_hie,world_hie-seed-2184401695212112810,item_0010,0,0.9680235403772851,0.948838747638228,0.9666050281283923,0.9500810370797254,0.8854166666666666
developmental_synthetic,baseline_hie,world_hie-seed-2184401695212112810,item_0011,1,0.9680235403772851,0.948838747638228,0.9666050281283923,0.9500810370797254,0.8854166666666666
developmental_synthetic,baseline_hie,world_hie-seed-2184401695212112810,item_0012,0,0.9680235403772851,0.948838747638228,0.9666050281283923,0.9500810370797254,0.8854166666666666
developmental_synthetic,baseline_bottleneck,world_bottleneck-seed-4594190432599945735,item_0001,1,0.9680235403772851,0.948838747638228,0.9666050281283923,0.945983291455153,0.8680555555555556
developmental_synthetic,baseline_bottleneck,world_bottleneck-seed-4594190432599945735,item_0002,0,0.9680235403772851,0.948838747638228,0.9666050281283923,0.945983291455153,0.8680555555555556
developmental_synthetic,baseline_bottleneck,world_bottleneck-seed-4594190432599945735,item_0003,1,0.9680235403772851,0.948838747638228,0.9666050281283923,0.945983291455153,0.8680555555555556
developmental_synthetic,baseline_bottleneck,world_bottleneck-seed-4594190432599945735,item_0004,0,0.9680235403772851,0.948838747638228,0.9666050281283923,0.945983291455153,0.8680555555555556
developmental_synthetic,baseline_bottleneck,world_bottleneck-seed-4594190432599945735,item_0005,1,0.9680235403772851,0.948838747638228,0.9666050281283923,0.945983291455153,0.8680555555555556
developmental_synthetic,baseline_bottleneck,world_bottleneck-seed-4594190432599945735,item_0006,0,0.9680235403772851,0.948838747638228,0.9666050281283923,0.945983291455153,0.8680555555555556
developmental_synthetic,baseline_bottleneck,world_bottleneck-seed-4594190432599945735,item_0007,1,0.9680235403772851,0.948838747638228,0.9666050281283923,0.945983291455153,0.8680555555555556
developmental_synthetic,baseline_bottleneck,world_bottleneck-seed-4594190432599945735,item_0008,0,0.9680235403772851,0.948838747638228,0.9666050281283923,0.945983291455153,0.8680555555555556
developmental_synthetic,baseline_bottleneck,world_bottleneck-seed-4594190432599945735,item_0009,0,0.9680235403772851,0.948838747638228,0.9666050281283923,0.945983291455153,0.8680555555555556
developmental_synthetic,baseline_bottleneck,world_bottleneck-seed-4594190432599945735,item_0010,0,0.9680235403772851,0.948838747638228,0.9666050281283923,0.945983291455153,0.8680555555555556
developmental_synthetic,baseline_bottleneck,world_bottleneck-seed-4594190432599945735,item_0011,1,0.9680235403772851,0.948838747638228,0.9666050281283923,0.945983291455153,0.8680555555555556
developmental_synthetic,baseline_bottleneck,world_bottleneck-seed-4594190432599945735,item_0012,0,0.9680235403772851,0.948838747638228,0.9666050281283923,0.945983291455153,0.8680555555555556
developmental_synthetic,baseline_bottleneck,world_bottleneck-seed-8166473292603767607,item_0001,1,0.9680235403772851,0.948838747638228,0.9666050281283923,0.945983291455153,0.8680555555555556
developmental_synthetic,baseline_bottleneck,world_bottleneck-seed-8166473292603767607,item_0002,1,0.9680235403772851,0.948838747638228,0.9666050281283923,0.945983291455153,0.8680555555555556
developmental_synthetic,baseline_bottleneck,world_bottleneck-seed-8166473292603767607,item_0003,1,0.9680235403772851,0.948838747638228,0.9666050281283923,0.945983291455153,0.8680555555555556
developmental_synthetic,baseline_bottleneck,world_bottleneck-seed-8166473292603767607,item_0004,1,0.9680235403772851,0.948838747638228,0.9666050281283923,0.945983291455153,0.8680555555555556
developmental_synthetic,baseline_bottleneck,world_bottleneck-seed-8166473292603767607,item_0005,1,0.9680235403772851,0.948838747638228,0.9666050281283923,0.945983291455153,0.8680555555555556
developmental_synthetic,baseline_bottleneck,world_bottleneck-seed-8166473292603767607,item_0006,1,0.9680235403772851,0.948838747638228,0.9666050281283923,0.945983291455153,0.8680555555555556
developmental_synthetic,baseline_bottleneck,world_bottleneck-seed-8166473292603767607,item_0007,1,0.9680235403772851,0.948838747638228,0.9666050281283923,0.945983291455153,0.8680555555555556
developmental_synthetic,baseline_bottleneck,world_bottleneck-seed-8166473292603767607,item_0008,1,0.9680235403772851,0.948838747638228,0.9666050281283923,0.945983291455153,0.8680555555555556
developmental_synthetic,baseline_bottleneck,world_bottleneck-seed-8166473292603767607,item_0009,1,0.9680235403772851,0.948838747638228,0.9666050281283923,0.945983291455153,0.8680555555555556
developmental_synthetic,baseline_bottleneck,world_bottleneck-seed-8166473292603767607,item_0010,1,0.9680235403772851,0.948838747638228,0.9666050281283923,0.945983291455153,0.8680555555555556
developmental_synthetic,baseline_bottleneck,world_bottleneck-seed-8166473292603767607,item_0011,1,0.9680235403772851,0.948838747638228,0.9666050281283923,0.945983291455153,0.8680555555555556
developmental_synthetic,baseline_bottleneck,world_bottleneck-seed-8166473292603767607,item_0012,1,0.9680235403772851,0.948838747638228,0.9666050281283923,0.945983291455153,0.8680555555555556
developmental_synthetic,baseline_bottleneck,world_bottleneck-seed-4170565587130884155,item_0001,1,0.9680235403772851,0.948838747638228,0.9666050281283923,0.945983291455153,0.8680555555555556
developmental_synthetic,baseline_bottleneck,world_bottleneck-seed-4170565587130884155,item_0002,1,0.9680235403772851,0.948838747638228,0.9666050281283923,0.945983291455153,0.8680555555555556
developmental_synthetic,baseline_bottleneck,world_bottleneck-seed-4170565587130884155,item_0003,1,0.9680235403772851,0.948838747638228,0.9666050281283923,0.945983291455153,0.8680555555555556
developmental_synthetic,baseline_bottleneck,world_bottleneck-seed-4170565587130884155,item_0004,1,0.9680235403772851,0.948838747638228,0.9666050281283923,0.945983291455153,0.8680555555555556
developmental_synthetic,baseline_bottleneck,world_bottleneck-seed-4170565587130884155,item_0005,1,0.9680235403772851,0.948838747638228,0.9666050281283923,0.945983291455153,0.8680555555555556
developmental_synthetic,baseline_bottleneck,world_bottleneck-seed-4170565587130884155,item_0006,1,0.9680235403772851,0.948838747638228,0.9666050281283923,0.945983291455153,0.8680555555555556
developmental_synthetic,baseline_bottleneck,world_bottleneck-seed-4170565587130884155,item_0007,1,0.9680235403772851,0.948838747638228,0.9666050281283923,0.945983291455153,0.8680555555555556
developmental_synthetic,baseline_bottleneck,world_bottleneck-seed-4170565587130884155,item_0008,1,0.9680235403772851,0.948838747638228,0.9666050281283923,0.945983291455153,0.8680555555555556
developmental_synthetic,baseline_bottleneck,world_bottleneck-seed-4170565587130884155,item_0009,1,0.9680235403772851,0.948838747638228,0.9666050281283923,0.945983291455153,0.8680555555555556
developmental_synthetic,baseline_bottleneck,world_bottleneck-seed-4170565587130884155,item_0010,0,0.9680235403772851,0.948838747638228,0.9666050281283923,0.945983291455153,0.8680555555555556
developmental_synthetic,baseline_bottleneck,world_bottleneck-seed-4170565587130884155,item_0011,1,0.9680235403772851,0.948838747638228,0.9666050281283923,0.945983291455153,0.8680555555555556
developmental_synthetic,baseline_bottleneck,world_bottleneck-seed-4170565587130884155,item_0012,1,0.9680235403772851,0.948838747638228,0.9666050281283923,0.945983291455153,0.8680555555555556
developmental_synthetic,baseline_bottleneck,world_bottleneck-seed-2717423041065866496,item_0001,1,0.9680235403772851,0.948838747638228,0.9666050281283923,0.945983291455153,0.8680555555555556
developmental_synthetic,baseline_bottleneck,world_bottleneck-seed-2717423041065866496,item_0002,1,0.9680235403772851,0.948838747638228,0.9666050281283923,0.945983291455153,0.8680555555555556
developmental_synthetic,baseline_bottleneck,world_bottleneck-seed-2717423041065866496,item_0003,1,0.9680235403772851,0.948838747638228,0.9666050281283923,0.945983291455153,0.8680555555555556
developmental_synthetic,baseline_bottleneck,world_bottleneck-seed-2717423041065866496,item_0004,1,0.9680235403772851,0.948838747638228,0.9666050281283923,0.945983291455153,0.8680555555555556
developmental_synthetic,baseline_bottleneck,world_bottleneck-seed-2717423041065866496,item_0005,1,0.9680235403772851,0.948838747638228,0.9666050281283923,0.945983291455153,0.8680555555555556
developmental_synthetic,baseline_bottleneck,world_bottleneck-seed-2717423041065866496,item_0006,1,0.9680235403772851,0.948838747638228,0.9666050281283923,0.945983291455153,0.8680555555555556
developmental_synthetic,baseline_bottleneck,world_bottleneck-seed-2717423041065866496,item_0007,1,0.9680235403772851,0.948838747638228,0.9666050281283923,0.945983291455153,0.8680555555555556
developmental_synthetic,baseline_bottleneck,world_bottleneck-seed-2717423041065866496,item_0008,1,0.9680235403772851,0.948838747638228,0.9666050281283923,0.945983291455153,0.8680555555555556
developmental_synthetic,baseline_bottleneck,world_bottleneck-seed-2717423041065866496,item_0009,1,0.9680235403772851,0.948838747638228,0.9666050281283923,0.945983291455153,0.8680555555555556
developmental_synthetic,baseline_bottleneck,world_bottleneck-seed-2717423041065866496,item_0010,1,0.9680235403772851,0.948838747638228,0.9666050281283923,0.945983291455153,0.8680555555555556
developmental_synthetic,baseline_bottleneck,world_bottleneck-seed-2717423041065866496,item_0011,1,0.9680235403772851,0.948838747638228,0.9666050281283923,0.945983291455153,0.8680555555555556
developmental_synthetic,baseline_bottleneck,world_bottleneck-seed-2717423041065866496,item_0012,1,0.9680235403772851,0.948838747638228,0.9666050281283923,0.945983291455153,0.8680555555555556
developmental_synthetic,baseline_bottleneck,world_bottleneck-seed-3300210048293211683,item_0001,1,0.9680235403772851,0.948838747638228,0.9666050281283923,0.945983291455153,0.8680555555555556
developmental_synthetic,baseline_bottleneck,world_bottleneck-seed-3300210048293211683,item_0002,1,0.9680235403772851,0.948838747638228,0.9666050281283923,0.945983291455153,0.8680555555555556
developmental_synthetic,baseline_bottleneck,world_bottleneck-seed-3300210048293211683,item_0003,1,0.9680235403772851,0.948838747638228,0.9666050281283923,0.945983291455153,0.8680555555555556
developmental_synthetic,baseline_bottleneck,world_bottleneck-seed-3300210048293211683,item_0004,1,0.9680235403772851,0.948838747638228,0.9666050281283923,0.945983291455153,0.8680555555555556
developmental_synthetic,baseline_bottleneck,world_bottleneck-seed-3300210048293211683,item_0005,1,0.9680235403772851,0.948838747638228,0.9666050281283923,0.945983291455153,0.8680555555555556
developmental_synthetic,baseline_bottleneck,world_bottleneck-seed-3300210048293211683,item_0006,1,0.9680235403772851,0.948838747638228,0.9666050281283923,0.945983291455153,0.8680555555555556
developmental_synthetic,baseline_bottleneck,world_bottleneck-seed-3300210048293211683,item_0007,1,0.9680235403772851,0.948838747638228,0.9666050281283923,0.945983291455153,0.8680555555555556
developmental_synthetic,baseline_bottleneck,world_bottleneck-seed-3300210048293211683,item_0008,1,0.9680235403772851,0.948838747638228,0.9666050281283923,0.945983291455153,0.8680555555555556
developmental_synthetic,baseline_bottleneck,world_bottleneck-seed-3300210048293211683,item_0009,1,0.9680235403772851,0.948838747638228,0.9666050281283923,0.945983291455153,0.8680555555555556
developmental_synthetic,baseline_bottleneck,world_bottleneck-seed-3300210048293211683,item_0010,1,0.9680235403772851,0.948838747638228,0.9666050281283923,0.945983291455153,0.8680555555555556
developmental_synthetic,baseline_bottleneck,world_bottleneck-seed-3300210048293211683,item_0011,1,0.9680235403772851,0.948838747638228,0.9666050281283923,0.945983291455153,0.8680555555555556
developmental_synthetic,baseline_bottleneck,world_bottleneck-seed-3300210048293211683,item_0012,1,0.9680235403772851,0.948838747638228,0.9666050281283923,0.945983291455153,0.8680555555555556
developmental_synthetic,baseline_bottleneck,world_bottleneck-seed-8029632760491593691,item_0001,1,0.9680235403772851,0.948838747638228,0.9666050281283923,0.945983291455153,0.8680555555555556
developmental_synthetic,baseline_bottleneck,world_bottleneck-seed-8029632760491593691,item_0002,1,0.9680235403772851,0.948838747638228,0.9666050281283923,0.945983291455153,0.8680555555555556
developmental_synthetic,baseline_bottleneck,world_bottleneck-seed-8029632760491593691,item_0003,1,0.9680235403772851,0.948838747638228,0.9666050281283923,0.945983291455153,0.8680555555555556
developmental_synthetic,baseline_bottleneck,world_bottleneck-seed-8029632760491593691,item_0004,1,0.9680235403772851,0.948838747638228,0.9666050281283923,0.945983291455153,0.8680555555555556
developmental_synthetic,baseline_bottleneck,world_bottleneck-seed-8029632760491593691,item_0005,1,0.9680235403772851,0.948838747638228,0.9666050281283923,0.945983291455153,0.8680555555555556
developmental_synthetic,baseline_bottleneck,world_bottleneck-seed-8029632760491593691,item_0006,1,0.9680235403772851,0.948838747638228,0.9666050281283923,0.945983291455153,0.8680555555555556
developmental_synthetic,baseline_bottleneck,world_bottleneck-seed-8029632760491593691,item_0007,1,0.9680235403772851,0.948838747638228,0.9666050281283923,0.945983291455153,0.8680555555555556
developmental_synthetic,baseline_bottleneck,world_bottleneck-seed-8029632760491593691,item_0008,1,0.9680235403772851,0.948838747638228,0.9666050281283923,0.945983291455153,0.8680555555555556
developmental_synthetic,baseline_bottleneck,world_bottleneck-seed-8029632760491593691,item_0009,1,0.9680235403772851,0.948838747638228,0.9666050281283923,0.945983291455153,0.8680555555555556
developmental_synthetic,baseline_bottleneck,world_bottleneck-seed-8029632760491593691,item_0010,1,0.9680235403772851,0.948838747638228,0.9666050281283923,0.945983291455153,0.8680555555555556
developmental_synthetic,baseline_bottleneck,world_bottleneck-seed-8029632760491593691,item_0011,1,0.9680235403772851,0.948838747638228,0.9666050281283923,0.945983291455153,0.8680555555555556
developmental_synthetic,baseline_bottleneck,world_bottleneck-seed-8029632760491593691,item_0012,1,0.9680235403772851,0.948838747638228,0.9666050281283923,0.945983291455153,0.8680555555555556
developmental_synthetic,baseline_bottleneck,world_bottleneck-seed-1942033208343472871,item_0001,1,0.9680235403772851,0.948838747638228,0.9666050281283923,0.945983291455153,0.8680555555555556
developmental_synthetic,baseline_bottleneck,world_bottleneck-seed-1942033208343472871,item_0002,1,0.9680235403772851,0.948838747638228,0.9666050281283923,0.945983291455153,0.8680555555555556
developmental_synthetic,baseline_bottleneck,world_bottleneck-seed-1942033208343472871,item_0003,1,0.9680235403772851,0.948838747638228,0.9666050281283923,0.945983291455153,0.8680555555555556
developmental_synthetic,baseline_bottleneck,world_bottleneck-seed-1942033208343472871,item_0004,1,0.9680235403772851,0.948838747638228,0.9666050281283923,0.945983291455153,0.8680555555555556
developmental_synthetic,baseline_bottleneck,world_bottleneck-seed-1942033208343472871,item_0005,1,0.9680235403772851,0.948838747638228,0.9666050281283923,0.945983291455153,0.8680555555555556
developmental_synthetic,baseline_bottleneck,world_bottleneck-seed-1942033208343472871,item_0006,1,0.9680235403772851,0.948838747638228,0.9666050281283923,0.945983291455153,0.8680555555555556
developmental_synthetic,baseline_bottleneck,world_bottleneck-seed-1942033208343472871,item_0007,1,0.9680235403772851,0.948838747638228,0.9666050281283923,0.945983291455153,0.8680555555555556
developmental_synthetic,baseline_bottleneck,world_bottleneck-seed-1942033208343472871,item_0008,1,0.9680235403772851,0.948838747638228,0.9666050281283923,0.945983291455153,0.8680555555555556
developmental_synthetic,baseline_bottleneck,world_bottleneck-seed-1942033208343472871,item_0009,1,0.9680235403772851,0.948838747638228,0.9666050281283923,0.945983291455153,0.8680555555555556
developmental_synthetic,baseline_bottleneck,world_bottleneck-seed-1942033208343472871,item_0010,1,0.9680235403772851,0.948838747638228,0.9666050281283923,0.945983291455153,0.8680555555555556
developmental_synthetic,baseline_bottleneck,world_bottleneck-seed-1942033208343472871,item_0011,1,0.9680235403772851,0.948838747638228,0.9666050281283923,0.945983291455153,0.8680555555555556
developmental_synthetic,baseline_bottleneck,world_bottleneck-seed-1942033208343472871,item_0012,1,0.9680235403772851,0.948838747638228,0.9666050281283923,0.945983291455153,0.8680555555555556
developmental_synthetic,baseline_bottleneck,world_bottleneck-seed-4316497584180809060,item_0001,1,0.9680235403772851,0.948838747638228,0.9666050281283923,0.945983291455153,0.8680555555555556
developmental_synthetic,baseline_bottleneck,world_bottleneck-seed-4316497584180809060,item_0002,1,0.9680235403772851,0.948838747638228,0.9666050281283923,0.945983291455153,0.8680555555555556
developmental_synthetic,baseline_bottleneck,world_bottleneck-seed-4316497584180809060,item_0003,1,0.9680235403772851,0.948838747638228,0.9666050281283923,0.945983291455153,0.8680555555555556
developmental_synthetic,baseline_bottleneck,world_bottleneck-seed-4316497584180809060,item_0004,1,0.9680235403772851,0.948838747638228,0.9666050281283923,0.945983291455153,0.8680555555555556
developmental_synthetic,baseline_bottleneck,world_bottleneck-seed-4316497584180809060,item_0005,1,0.9680235403772851,0.948838747638228,0.9666050281283923,0.945983291455153,0.8680555555555556
developmental_synthetic,baseline_bottleneck,world_bottleneck-seed-4316497584180809060,item_0006,1,0.9680235403772851,0.948838747638228,0.9666050281283923,0.945983291455153,0.8680555555555556
developmental_synthetic,baseline_bottleneck,world_bottleneck-seed-4316497584180809060,item_0007,1,0.9680235403772851,0.948838747638228,0.9666050281283923,0.945983291455153,0.8680555555555556
developmental_synthetic,baseline_bottleneck,world_bottleneck-seed-4316497584180809060,item_0008,1,0.9680235403772851,0.948838747638228,0.9666050281283923,0.945983291455153,0.8680555555555556
developmental_synthetic,baseline_bottleneck,world_bottleneck-seed-4316497584180809060,item_0009,1,0.9680235403772851,0.948838747638228,0.9666050281283923,0.945983291455153,0.8680555555555556
developmental_synthetic,baseline_bottleneck,world_bottleneck-seed-4316497584180809060,item_0010,1,0.9680235403772851,0.948838747638228,0.9666050281283923,0.945983291455153,0.8680555555555556
developmental_synthetic,baseline_bottleneck,world_bottleneck-seed-4316497584180809060,item_0011,1,0.9680235403772851,0.948838747638228,0.9666050281283923,0.945983291455153,0.8680555555555556
developmental_synthetic,baseline_bottleneck,world_bottleneck-seed-4316497584180809060,item_0012,1,0.9680235403772851,0.948838747638228,0.9666050281283923,0.945983291455153,0.8680555555555556
developmental_synthetic,baseline_bottleneck,world_bottleneck-seed-267805246917825788,item_0001,1,0.9680235403772851,0.948838747638228,0.9666050281283923,0.945983291455153,0.8680555555555556
developmental_synthetic,baseline_bottleneck,world_bottleneck-seed-267805246917825788,item_0002,1,0.9680235403772851,0.948838747638228,0.9666050281283923,0.945983291455153,0.8680555555555556
developmental_synthetic,baseline_bottleneck,world_bottleneck-seed-267805246917825788,item_0003,1,0.9680235403772851,0.948838747638228,0.9666050281283923,0.945983291455153,0.8680555555555556
developmental_synthetic,baseline_bottleneck,world_bottleneck-seed-267805246917825788,item_0004,1,0.9680235403772851,0.948838747638228,0.9666050281283923,0.945983291455153,0.8680555555555556
developmental_synthetic,baseline_bottleneck,world_bottleneck-seed-267805246917825788,item_0005,1,0.9680235403772851,0.948838747638228,0.9666050281283923,0.945983291455153,0.8680555555555556
developmental_synthetic,baseline_bottleneck,world_bottleneck-seed-267805246917825788,item_0006,1,0.9680235403772851,0.948838747638228,0.9666050281283923,0.945983291455153,0.8680555555555556
developmental_synthetic,baseline_bottleneck,world_bottleneck-seed-267805246917825788,item_0007,1,0.9680235403772851,0.948838747638228,0.9666050281283923,0.945983291455153,0.8680555555555556
developmental_synthetic,baseline_bottleneck,world_bottleneck-seed-267805246917825788,item_0008,1,0.9680235403772851,0.948838747638228,0.9666050281283923,0.945983291455153,0.8680555555555556
developmental_synthetic,baseline_bottleneck,world_bottleneck-seed-267805246917825788,item_0009,1,0.9680235403772851,0.948838747638228,0.9666050281283923,0.945983291455153,0.8680555555555556
developmental_synthetic,baseline_bottleneck,world_bottleneck-seed-267805246917825788,item_0010,1,0.9680235403772851,0.948838747638228,0.9666050281283923,0.945983291455153,0.8680555555555556
developmental_synthetic,baseline_bottleneck,world_bottleneck-seed-267805246917825788,item_0011,1,0.9680235403772851,0.948838747638228,0.9666050281283923,0.945983291455153,0.8680555555555556
developmental_synthetic,baseline_bottleneck,world_bottleneck-seed-267805246917825788,item_0012,1,0.9680235403772851,0.948838747638228,0.9666050281283923,0.945983291455153,0.8680555555555556
developmental_synthetic,baseline_bottleneck,world_bottleneck-seed-5323512391870954056,item_0001,1,0.9680235403772851,0.948838747638228,0.9666050281283923,0.945983291455153,0.8680555555555556
developmental_synthetic,baseline_bottleneck,world_bottleneck-seed-5323512391870954056,item_0002,1,0.9680235403772851,0.948838747638228,0.9666050281283923,0.945983291455153,0.8680555555555556
developmental_synthetic,baseline_bottleneck,world_bottleneck-seed-5323512391870954056,item_0003,1,0.9680235403772851,0.948838747638228,0.9666050281283923,0.945983291455153,0.8680555555555556
developmental_synthetic,baseline_bottleneck,world_bottleneck-seed-5323512391870954056,item_0004,1,0.9680235403772851,0.948838747638228,0.9666050281283923,0.945983291455153,0.8680555555555556
developmental_synthetic,baseline_bottleneck,world_bottleneck-seed-5323512391870954056,item_0005,1,0.9680235403772851,0.948838747638228,0.9666050281283923,0.945983291455153,0.8680555555555556
developmental_synthetic,baseline_bottleneck,world_bottleneck-seed-5323512391870954056,item_0006,1,0.9680235403772851,0.948838747638228,0.9666050281283923,0.945983291455153,0.8680555555555556
developmental_synthetic,baseline_bottleneck,world_bottleneck-seed-5323512391870954056,item_0007,1,0.9680235403772851,0.948838747638228,0.9666050281283923,0.945983291455153,0.8680555555555556
developmental_synthetic,baseline_bottleneck,world_bottleneck-seed-5323512391870954056,item_0008,1,0.9680235403772851,0.948838747638228,0.9666050281283923,0.945983291455153,0.8680555555555556
developmental_synthetic,baseline_bottleneck,world_bottleneck-seed-5323512391870954056,item_0009,1,0.9680235403772851,0.948838747638228,0.9666050281283923,0.945983291455153,0.8680555555555556
developmental_synthetic,baseline_bottleneck,world_bottleneck-seed-5323512391870954056,item_0010,1,0.9680235403772851,0.948838747638228,0.9666050281283923,0.945983291455153,0.8680555555555556
developmental_synthetic,baseline_bottleneck,world_bottleneck-seed-5323512391870954056,item_0011,1,0.9680235403772851,0.948838747638228,0.9666050281283923,0.945983291455153,0.8680555555555556
developmental_synthetic,baseline_bottleneck,world_bottleneck-seed-5323512391870954056,item_0012,1,0.9680235403772851,0.948838747638228,0.9666050281283923,0.945983291455153,0.8680555555555556
developmental_synthetic,baseline_bottleneck,world_bottleneck-seed-1172434494149480746,item_0001,1,0.9680235403772851,0.948838747638228,0.9666050281283923,0.945983291455153,0.8680555555555556
developmental_synthetic,baseline_bottleneck,world_bottleneck-seed-1172434494149480746,item_0002,0,0.9680235403772851,0.948838747638228,0.9666050281283923,0.945983291455153,0.8680555555555556
developmental_synthetic,baseline_bottleneck,world_bottleneck-seed-1172434494149480746,item_0003,0,0.9680235403772851,0.948838747638228,0.9666050281283923,0.945983291455153,0.8680555555555556
developmental_synthetic,baseline_bottleneck,world_bottleneck-seed-1172434494149480746,item_0004,0,0.9680235403772851,0.948838747638228,0.9666050281283923,0.945983291455153,0.8680555555555556
developmental_synthetic,baseline_bottleneck,world_bottleneck-seed-1172434494149480746,item_0005,1,0.9680235403772851,0.948838747638228,0.9666050281283923,0.945983291455153,0.8680555555555556
developmental_synthetic,baseline_bottleneck,world_bottleneck-seed-1172434494149480746,item_0006,0,0.9680235403772851,0.948838747638228,0.9666050281283923,0.945983291455153,0.8680555555555556
developmental_synthetic,baseline_bottleneck,world_bottleneck-seed-1172434494149480746,item_0007,1,0.9680235403772851,0.948838747638228,0.9666050281283923,0.945983291455153,0.8680555555555556
developmental_synthetic,baseline_bottleneck,world_bottleneck-seed-1172434494149480746,item_0008,0,0.9680235403772851,0.948838747638228,0.9666050281283923,0.945983291455153,0.8680555555555556
developmental_synthetic,baseline_bottleneck,world_bottleneck-seed-1172434494149480746,item_0009,1,0.9680235403772851,0.948838747638228,0.9666050281283923,0.945983291455153,0.8680555555555556
developmental_synthetic,baseline_bottleneck,world_bottleneck-seed-1172434494149480746,item_0010,0,0.9680235403772851,0.948838747638228,0.9666050281283923,0.945983291455153,0.8680555555555556
developmental_synthetic,baseline_bottleneck,world_bottleneck-seed-1172434494149480746,item_0011,1,0.9680235403772851,0.948838747638228,0.9666050281283923,0.945983291455153,0.8680555555555556
developmental_synthetic,baseline_bottleneck,world_bottleneck-seed-1172434494149480746,item_0012,0,0.9680235403772851,0.948838747638228,0.9666050281283923,0.945983291455153,0.8680555555555556
developmental_synthetic,baseline_bottleneck,world_bottleneck-seed-5726125126166933359,item_0001,1,0.9680235403772851,0.948838747638228,0.9666050281283923,0.945983291455153,0.8680555555555556
developmental_synthetic,baseline_bottleneck,world_bottleneck-seed-5726125126166933359,item_0002,1,0.9680235403772851,0.948838747638228,0.9666050281283923,0.945983291455153,0.8680555555555556
developmental_synthetic,baseline_bottleneck,world_bottleneck-seed-5726125126166933359,item_0003,1,0.9680235403772851,0.948838747638228,0.9666050281283923,0.945983291455153,0.8680555555555556
developmental_synthetic,baseline_bottleneck,world_bottleneck-seed-5726125126166933359,item_0004,1,0.9680235403772851,0.948838747638228,0.9666050281283923,0.945983291455153,0.8680555555555556
developmental_synthetic,baseline_bottleneck,world_bottleneck-seed-5726125126166933359,item_0005,1,0.9680235403772851,0.948838747638228,0.9666050281283923,0.945983291455153,0.8680555555555556
developmental_synthetic,baseline_bottleneck,world_bottleneck-seed-5726125126166933359,item_0006,1,0.9680235403772851,0.948838747638228,0.9666050281283923,0.945983291455153,0.8680555555555556
developmental_synthetic,baseline_bottleneck,world_bottleneck-seed-5726125126166933359,item_0007,1,0.9680235403772851,0.948838747638228,0.9666050281283923,0.945983291455153,0.8680555555555556
developmental_synthetic,baseline_bottleneck,world_bottleneck-seed-5726125126166933359,item_0008,1,0.9680235403772851,0.948838747638228,0.9666050281283923,0.945983291455153,0.8680555555555556
developmental_synthetic,baseline_bottleneck,world_bottleneck-seed-5726125126166933359,item_0009,1,0.9680235403772851,0.948838747638228,0.9666050281283923,0.945983291455153,0.8680555555555556
developmental_synthetic,baseline_bottleneck,world_bottleneck-seed-5726125126166933359,item_0010,1,0.9680235403772851,0.948838747638228,0.9666050281283923,0.945983291455153,0.8680555555555556
developmental_synthetic,baseline_bottleneck,world_bottleneck-seed-5726125126166933359,item_0011,1,0.9680235403772851,0.948838747638228,0.9666050281283923,0.945983291455153,0.8680555555555556
developmental_synthetic,baseline_bottleneck,world_bottleneck-seed-5726125126166933359,item_0012,1,0.9680235403772851,0.948838747638228,0.9666050281283923,0.945983291455153,0.8680555555555556
developmental_synthetic,baseline_bottleneck,world_bottleneck-seed-319014136358887567,item_0001,1,0.9680235403772851,0.948838747638228,0.9666050281283923,0.945983291455153,0.8680555555555556
developmental_synthetic,baseline_bottleneck,world_bottleneck-seed-319014136358887567,item_0002,1,0.9680235403772851,0.948838747638228,0.9666050281283923,0.945983291455153,0.8680555555555556
developmental_synthetic,baseline_bottleneck,world_bottleneck-seed-319014136358887567,item_0003,1,0.9680235403772851,0.948838747638228,0.9666050281283923,0.945983291455153,0.8680555555555556
developmental_synthetic,baseline_bottleneck,world_bottleneck-seed-319014136358887567,item_0004,1,0.9680235403772851,0.948838747638228,0.9666050281283923,0.945983291455153,0.8680555555555556
developmental_synthetic,baseline_bottleneck,world_bottleneck-seed-319014136358887567,item_0005,1,0.9680235403772851,0.948838747638228,0.9666050281283923,0.945983291455153,0.8680555555555556
developmental_synthetic,baseline_bottleneck,world_bottleneck-seed-319014136358887567,item_0006,1,0.9680235403772851,0.948838747638228,0.9666050281283923,0.945983291455153,0.8680555555555556
developmental_synthetic,baseline_bottleneck,world_bottleneck-seed-319014136358887567,item_0007,1,0.9680235403772851,0.948838747638228,0.9666050281283923,0.945983291455153,0.8680555555555556
developmental_synthetic,baseline_bottleneck,world_bottleneck-seed-319014136358887567,item_0008,1,0.9680235403772851,0.948838747638228,0.9666050281283923,0.945983291455153,0.8680555555555556
developmental_synthetic,baseline_bottleneck,world_bottleneck-seed-319014136358887567,item_0009,1,0.9680235403772851,0.948838747638228,0.9666050281283923,0.945983291455153,0.8680555555555556
developmental_synthetic,baseline_bottleneck,world_bottleneck-seed-319014136358887567,item_0010,1,0.9680235403772851,0.948838747638228,0.9666050281283923,0.945983291455153,0.8680555555555556
developmental_synthetic,baseline_bottleneck,world_bottleneck-seed-319014136358887567,item_0011,1,0.9680235403772851,0.948838747638228,0.9666050281283923,0.945983291455153,0.8680555555555556
developmental_synthetic,baseline_bottleneck,world_bottleneck-seed-319014136358887567,item_0012,0,0.9680235403772851,0.948838747638228,0.9666050281283923,0.945983291455153,0.8680555555555556
developmental_synthetic,baseline_bottleneck,world_bottleneck-seed-3209872604180264923,item_0001,1,0.9680235403772851,0.948838747638228,0.9666050281283923,0.945983291455153,0.8680555555555556
developmental_synthetic,baseline_bottleneck,world_bottleneck-seed-3209872604180264923,item_0002,1,0.9680235403772851,0.948838747638228,0.9666050281283923,0.945983291455153,0.8680555555555556
developmental_synthetic,baseline_bottleneck,world_bottleneck-seed-3209872604180264923,item_0003,1,0.9680235403772851,0.948838747638228,0.9666050281283923,0.945983291455153,0.8680555555555556
developmental_synthetic,baseline_bottleneck,world_bottleneck-seed-3209872604180264923,item_0004,1,0.9680235403772851,0.948838747638228,0.9666050281283923,0.945983291455153,0.8680555555555556
developmental_synthetic,baseline_bottleneck,world_bottleneck-seed-3209872604180264923,item_0005,1,0.9680235403772851,0.948838747638228,0.9666050281283923,0.945983291455153,0.8680555555555556
developmental_synthetic,baseline_bottleneck,world_bottleneck-seed-3209872604180264923,item_0006,1,0.9680235403772851,0.948838747638228,0.9666050281283923,0.945983291455153,0.8680555555555556
developmental_synthetic,baseline_bottleneck,world_bottleneck-seed-3209872604180264923,item_0007,1,0.9680235403772851,0.948838747638228,0.9666050281283923,0.945983291455153,0.8680555555555556
developmental_synthetic,baseline_bottleneck,world_bottleneck-seed-3209872604180264923,item_0008,1,0.9680235403772851,0.948838747638228,0.9666050281283923,0.945983291455153,0.8680555555555556
developmental_synthetic,baseline_bottleneck,world_bottleneck-seed-3209872604180264923,item_0009,1,0.9680235403772851,0.948838747638228,0.9666050281283923,0.945983291455153,0.8680555555555556
developmental_synthetic,baseline_bottleneck,world_bottleneck-seed-3209872604180264923,item_0010,1,0.9680235403772851,0.948838747638228,0.9666050281283923,0.945983291455153,0.8680555555555556
developmental_synthetic,baseline_bottleneck,world_bottleneck-seed-3209872604180264923,item_0011,1,0.9680235403772851,0.948838747638228,0.9666050281283923,0.945983291455153,0.8680555555555556
developmental_synthetic,baseline_bottleneck,world_bottleneck-seed-3209872604180264923,item_0012,1,0.9680235403772851,0.948838747638228,0.9666050281283923,0.945983291455153,0.8680555555555556
developmental_synthetic,baseline_bottleneck,world_bottleneck-seed-6784579373204956173,item_0001,1,0.9680235403772851,0.948838747638228,0.9666050281283923,0.945983291455153,0.8680555555555556
developmental_synthetic,baseline_bottleneck,world_bottleneck-seed-6784579373204956173,item_0002,0,0.9680235403772851,0.948838747638228,0.9666050281283923,0.945983291455153,0.8680555555555556
developmental_synthetic,baseline_bottleneck,world_bottleneck-seed-6784579373204956173,item_0003,1,0.9680235403772851,0.948838747638228,0.9666050281283923,0.945983291455153,0.8680555555555556
developmental_synthetic,baseline_bottleneck,world_bottleneck-seed-6784579373204956173,item_0004,0,0.9680235403772851,0.948838747638228,0.9666050281283923,0.945983291455153,0.8680555555555556
developmental_synthetic,baseline_bottleneck,world_bottleneck-seed-6784579373204956173,item_0005,0,0.9680235403772851,0.948838747638228,0.9666050281283923,0.945983291455153,0.8680555555555556
developmental_synthetic,baseline_bottleneck,world_bottleneck-seed-6784579373204956173,item_0006,0,0.9680235403772851,0.948838747638228,0.9666050281283923,0.945983291455153,0.8680555555555556
developmental_synthetic,baseline_bottleneck,world_bottleneck-seed-6784579373204956173,item_0007,1,0.9680235403772851,0.948838747638228,0.9666050281283923,0.945983291455153,0.8680555555555556
developmental_synthetic,baseline_bottleneck,world_bottleneck-seed-6784579373204956173,item_0008,0,0.9680235403772851,0.948838747638228,0.9666050281283923,0.945983291455153,0.8680555555555556
developmental_synthetic,baseline_bottleneck,world_bottleneck-seed-6784579373204956173,item_0009,1,0.9680235403772851,0.948838747638228,0.9666050281283923,0.945983291455153,0.8680555555555556
developmental_synthetic,baseline_bottleneck,world_bottleneck-seed-6784579373204956173,item_0010,0,0.9680235403772851,0.948838747638228,0.9666050281283923,0.945983291455153,0.8680555555555556
developmental_synthetic,baseline_bottleneck,world_bottleneck-seed-6784579373204956173,item_0011,1,0.9680235403772851,0.948838747638228,0.9666050281283923,0.945983291455153,0.8680555555555556
developmental_synthetic,baseline_bottleneck,world_bottleneck-seed-6784579373204956173,item_0012,0,0.9680235403772851,0.948838747638228,0.9666050281283923,0.945983291455153,0.8680555555555556
developmental_synthetic,baseline_bottleneck,world_bottleneck-seed-4191090533071896547,item_0001,1,0.9680235403772851,0.948838747638228,0.9666050281283923,0.945983291455153,0.8680555555555556
developmental_synthetic,baseline_bottleneck,world_bottleneck-seed-4191090533071896547,item_0002,0,0.9680235403772851,0.948838747638228,0.9666050281283923,0.945983291455153,0.8680555555555556
developmental_synthetic,baseline_bottleneck,world_bottleneck-seed-4191090533071896547,item_0003,1,0.9680235403772851,0.948838747638228,0.9666050281283923,0.945983291455153,0.8680555555555556
developmental_synthetic,baseline_bottleneck,world_bottleneck-seed-4191090533071896547,item_0004,1,0.9680235403772851,0.948838747638228,0.9666050281283923,0.945983291455153,0.8680555555555556
developmental_synthetic,baseline_bottleneck,world_bottleneck-seed-4191090533071896547,item_0005,1,0.9680235403772851,0.948838747638228,0.9666050281283923,0.945983291455153,0.8680555555555556
developmental_synthetic,baseline_bottleneck,world_bottleneck-seed-4191090533071896547,item_0006,1,0.9680235403772851,0.948838747638228,0.9666050281283923,0.945983291455153,0.8680555555555556
developmental_synthetic,baseline_bottleneck,world_bottleneck-seed-4191090533071896547,item_0007,1,0.9680235403772851,0.948838747638228,0.9666050281283923,0.945983291455153,0.8680555555555556
developmental_synthetic,baseline_bottleneck,world_bottleneck-seed-4191090533071896547,item_0008,1,0.9680235403772851,0.948838747638228,0.9666050281283923,0.945983291455153,0.8680555555555556
developmental_synthetic,baseline_bottleneck,world_bottleneck-seed-4191090533071896547,item_0009,1,0.9680235403772851,0.948838747638228,0.9666050281283923,0.945983291455153,0.8680555555555556
developmental_synthetic,baseline_bottleneck,world_bottleneck-seed-4191090533071896547,item_0010,1,0.9680235403772851,0.948838747638228,0.9666050281283923,0.945983291455153,0.8680555555555556
developmental_synthetic,baseline_bottleneck,world_bottleneck-seed-4191090533071896547,item_0011,1,0.9680235403772851,0.948838747638228,0.9666050281283923,0.945983291455153,0.8680555555555556
developmental_synthetic,baseline_bottleneck,world_bottleneck-seed-4191090533071896547,item_0012,1,0.9680235403772851,0.948838747638228,0.9666050281283923,0.945983291455153,0.8680555555555556
developmental_synthetic,baseline_bottleneck,world_bottleneck-seed-9117653556647870869,item_0001,0,0.9680235403772851,0.948838747638228,0.9666050281283923,0.945983291455153,0.8680555555555556
developmental_synthetic,baseline_bottleneck,world_bottleneck-seed-9117653556647870869,item_0002,0,0.9680235403772851,0.948838747638228,0.9666050281283923,0.945983291455153,0.8680555555555556
developmental_synthetic,baseline_bottleneck,world_bottleneck-seed-9117653556647870869,item_0003,1,0.9680235403772851,0.948838747638228,0.9666050281283923,0.945983291455153,0.8680555555555556
developmental_synthetic,baseline_bottleneck,world_bottleneck-seed-9117653556647870869,item_0004,0,0.9680235403772851,0.948838747638228,0.9666050281283923,0.945983291455153,0.8680555555555556
developmental_synthetic,baseline_bottleneck,world_bottleneck-seed-9117653556647870869,item_0005,1,0.9680235403772851,0.948838747638228,0.9666050281283923,0.945983291455153,0.8680555555555556
developmental_synthetic,baseline_bottleneck,world_bottleneck-seed-9117653556647870869,item_0006,0,0.9680235403772851,0.948838747638228,0.9666050281283923,0.945983291455153,0.8680555555555556
developmental_synthetic,baseline_bottleneck,world_bottleneck-seed-9117653556647870869,item_0007,1,0.9680235403772851,0.948838747638228,0.9666050281283923,0.945983291455153,0.8680555555555556
developmental_synthetic,baseline_bottleneck,world_bottleneck-seed-9117653556647870869,item_0008,0,0.9680235403772851,0.948838747638228,0.9666050281283923,0.945983291455153,0.8680555555555556
developmental_synthetic,baseline_bottleneck,world_bottleneck-seed-9117653556647870869,item_0009,1,0.9680235403772851,0.948838747638228,0.9666050281283923,0.945983291455153,0.8680555555555556
developmental_synthetic,baseline_bottleneck,world_bottleneck-seed-9117653556647870869,item_0010,0,0.9680235403772851,0.948838747638228,0.9666050281283923,0.945983291455153,0.8680555555555556
developmental_synthetic,baseline_bottleneck,world_bottleneck-seed-9117653556647870869,item_0011,1,0.9680235403772851,0.948838747638228,0.9666050281283923,0.945983291455153,0.8680555555555556
developmental_synthetic,baseline_bottleneck,world_bottleneck-seed-9117653556647870869,item_0012,0,0.9680235403772851,0.948838747638228,0.9666050281283923,0.945983291455153,0.8680555555555556
developmental_synthetic,baseline_bottleneck,world_bottleneck-seed-8669772086981772072,item_0001,1,0.9680235403772851,0.948838747638228,0.9666050281283923,0.945983291455153,0.8680555555555556
developmental_synthetic,baseline_bottleneck,world_bottleneck-seed-8669772086981772072,item_0002,1,0.9680235403772851,0.948838747638228,0.9666050281283923,0.945983291455153,0.8680555555555556
developmental_synthetic,baseline_bottleneck,world_bottleneck-seed-8669772086981772072,item_0003,1,0.9680235403772851,0.948838747638228,0.9666050281283923,0.945983291455153,0.8680555555555556
developmental_synthetic,baseline_bottleneck,world_bottleneck-seed-8669772086981772072,item_0004,1,0.9680235403772851,0.948838747638228,0.9666050281283923,0.945983291455153,0.8680555555555556
developmental_synthetic,baseline_bottleneck,world_bottleneck-seed-8669772086981772072,item_0005,1,0.9680235403772851,0.948838747638228,0.9666050281283923,0.945983291455153,0.8680555555555556
developmental_synthetic,baseline_bottleneck,world_bottleneck-seed-8669772086981772072,item_0006,1,0.9680235403772851,0.948838747638228,0.9666050281283923,0.945983291455153,0.8680555555555556
developmental_synthetic,baseline_bottleneck,world_bottleneck-seed-8669772086981772072,item_0007,1,0.9680235403772851,0.948838747638228,0.9666050281283923,0.945983291455153,0.8680555555555556
developmental_synthetic,baseline_bottleneck,world_bottleneck-seed-8669772086981772072,item_0008,1,0.9680235403772851,0.948838747638228,0.9666050281283923,0.945983291455153,0.8680555555555556
developmental_synthetic,baseline_bottleneck,world_bottleneck-seed-8669772086981772072,item_0009,1,0.9680235403772851,0.948838747638228,0.9666050281283923,0.945983291455153,0.8680555555555556
developmental_synthetic,baseline_bottleneck,world_bottleneck-seed-8669772086981772072,item_0010,1,0.9680235403772851,0.948838747638228,0.9666050281283923,0.945983291455153,0.8680555555555556
developmental_synthetic,baseline_bottleneck,world_bottleneck-seed-8669772086981772072,item_0011,1,0.9680235403772851,0.948838747638228,0.9666050281283923,0.945983291455153,0.8680555555555556
developmental_synthetic,baseline_bottleneck,world_bottleneck-seed-8669772086981772072,item_0012,1,0.9680235403772851,0.948838747638228,0.9666050281283923,0.945983291455153,0.8680555555555556
developmental_synthetic,baseline_bottleneck,world_bottleneck-seed-3353631954069894546,item_0001,1,0.9680235403772851,0.948838747638228,0.9666050281283923,0.945983291455153,0.8680555555555556
developmental_synthetic,baseline_bottleneck,world_bottleneck-seed-3353631954069894546,item_0002,1,0.9680235403772851,0.948838747638228,0.9666050281283923,0.945983291455153,0.8680555555555556
developmental_synthetic,baseline_bottleneck,world_bottleneck-seed-3353631954069894546,item_0003,1,0.9680235403772851,0.948838747638228,0.9666050281283923,0.945983291455153,0.8680555555555556
developmental_synthetic,baseline_bottleneck,world_bottleneck-seed-3353631954069894546,item_0004,1,0.9680235403772851,0.948838747638228,0.9666050281283923,0.945983291455153,0.8680555555555556
developmental_synthetic,baseline_bottleneck,world_bottleneck-seed-3353631954069894546,item_0005,1,0.9680235403772851,0.948838747638228,0.9666050281283923,0.945983291455153,0.8680555555555556
developmental_synthetic,baseline_bottleneck,world_bottleneck-seed-3353631954069894546,item_0006,1,0.9680235403772851,0.948838747638228,0.9666050281283923,0.945983291455153,0.8680555555555556
developmental_synthetic,baseline_bottleneck,world_bottleneck-seed-3353631954069894546,item_0007,1,0.9680235403772851,0.948838747638228,0.9666050281283923,0.945983291455153,0.8680555555555556
developmental_synthetic,baseline_bottleneck,world_bottleneck-seed-3353631954069894546,item_0008,1,0.9680235403772851,0.948838747638228,0.9666050281283923,0.945983291455153,0.8680555555555556
developmental_synthetic,baseline_bottleneck,world_bottleneck-seed-3353631954069894546,item_0009,1,0.9680235403772851,0.948838747638228,0.9666050281283923,0.945983291455153,0.8680555555555556
developmental_synthetic,baseline_bottleneck,world_bottleneck-seed-3353631954069894546,item_0010,1,0.9680235403772851,0.948838747638228,0.9666050281283923,0.945983291455153,0.8680555555555556
developmental_synthetic,baseline_bottleneck,world_bottleneck-seed-3353631954069894546,item_0011,1,0.9680235403772851,0.948838747638228,0.9666050281283923,0.945983291455153,0.8680555555555556
developmental_synthetic,baseline_bottleneck,world_bottleneck-seed-3353631954069894546,item_0012,1,0.9680235403772851,0.948838747638228,0.9666050281283923,0.945983291455153,0.8680555555555556
developmental_synthetic,baseline_bottleneck,world_bottleneck-seed-9078621501550203399,item_0001,1,0.9680235403772851,0.948838747638228,0.9666050281283923,0.945983291455153,0.8680555555555556
developmental_synthetic,baseline_bottleneck,world_bottleneck-seed-9078621501550203399,item_0002,1,0.9680235403772851,0.948838747638228,0.9666050281283923,0.945983291455153,0.8680555555555556
developmental_synthetic,baseline_bottleneck,world_bottleneck-seed-9078621501550203399,item_0003,1,0.9680235403772851,0.948838747638228,0.9666050281283923,0.945983291455153,0.8680555555555556
developmental_synthetic,baseline_bottleneck,world_bottleneck-seed-9078621501550203399,item_0004,1,0.9680235403772851,0.948838747638228,0.9666050281283923,0.945983291455153,0.8680555555555556
developmental_synthetic,baseline_bottleneck,world_bottleneck-seed-9078621501550203399,item_0005,1,0.9680235403772851,0.948838747638228,0.9666050281283923,0.945983291455153,0.8680555555555556
developmental_synthetic,baseline_bottleneck,world_bottleneck-seed-9078621501550203399,item_0006,1,0.9680235403772851,0.948838747638228,0.9666050281283923,0.945983291455153,0.8680555555555556
developmental_synthetic,baseline_bottleneck,world_bottleneck-seed-9078621501550203399,item_0007,1,0.9680235403772851,0.948838747638228,0.9666050281283923,0.945983291455153,0.8680555555555556
developmental_synthetic,baseline_bottleneck,world_bottleneck-seed-9078621501550203399,item_0008,1,0.9680235403772851,0.948838747638228,0.9666050281283923,0.945983291455153,0.8680555555555556
developmental_synthetic,baseline_bottleneck,world_bottleneck-seed-9078621501550203399,item_0009,1,0.9680235403772851,0.948838747638228,0.9666050281283923,0.945983291455153,0.8680555555555556
developmental_synthetic,baseline_bottleneck,world_bottleneck-seed-9078621501550203399,item_0010,1,0.9680235403772851,0.948838747638228,0.9666050281283923,0.945983291455153,0.8680555555555556
developmental_synthetic,baseline_bottleneck,world_bottleneck-seed-9078621501550203399,item_0011,1,0.9680235403772851,0.948838747638228,0.9666050281283923,0.945983291455153,0.8680555555555556
developmental_synthetic,baseline_bottleneck,world_bottleneck-seed-9078621501550203399,item_0012,1,0.9680235403772851,0.948838747638228,0.9666050281283923,0.945983291455153,0.8680555555555556
developmental_synthetic,baseline_bottleneck,world_bottleneck-seed-2232509440464157497,item_0001,1,0.9680235403772851,0.948838747638228,0.9666050281283923,0.945983291455153,0.8680555555555556
developmental_synthetic,baseline_bottleneck,world_bottleneck-seed-2232509440464157497,item_0002,1,0.9680235403772851,0.948838747638228,0.9666050281283923,0.945983291455153,0.8680555555555556
developmental_synthetic,baseline_bottleneck,world_bottleneck-seed-2232509440464157497,item_0003,1,0.9680235403772851,0.948838747638228,0.9666050281283923,0.945983291455153,0.8680555555555556
developmental_synthetic,baseline_bottleneck,world_bottleneck-seed-2232509440464157497,item_0004,1,0.9680235403772851,0.948838747638228,0.9666050281283923,0.945983291455153,0.8680555555555556
developmental_synthetic,baseline_bottleneck,world_bottleneck-seed-2232509440464157497,item_0005,1,0.9680235403772851,0.948838747638228,0.9666050281283923,0.945983291455153,0.8680555555555556
developmental_synthetic,baseline_bottleneck,world_bottleneck-seed-2232509440464157497,item_0006,1,0.9680235403772851,0.948838747638228,0.9666050281283923,0.945983291455153,0.8680555555555556
developmental_synthetic,baseline_bottleneck,world_bottleneck-seed-2232509440464157497,item_0007,1,0.9680235403772851,0.948838747638228,0.9666050281283923,0.945983291455153,0.8680555555555556
developmental_synthetic,baseline_bottleneck,world_bottleneck-seed-2232509440464157497,item_0008,1,0.9680235403772851,0.948838747638228,0.9666050281283923,0.945983291455153,0.8680555555555556
developmental_synthetic,baseline_bottleneck,world_bottleneck-seed-2232509440464157497,item_0009,1,0.9680235403772851,0.948838747638228,0.9666050281283923,0.945983291455153,0.8680555555555556
developmental_synthetic,baseline_bottleneck,world_bottleneck-seed-2232509440464157497,item_0010,1,0.9680235403772851,0.948838747638228,0.9666050281283923,0.945983291455153,0.8680555555555556
developmental_synthetic,baseline_bottleneck,world_bottleneck-seed-2232509440464157497,item_0011,1,0.9680235403772851,0.948838747638228,0.9666050281283923,0.945983291455153,0.8680555555555556
developmental_synthetic,baseline_bottleneck,world_bottleneck-seed-2232509440464157497,item_0012,1,0.9680235403772851,0.948838747638228,0.9666050281283923,0.945983291455153,0.8680555555555556
developmental_synthetic,baseline_bottleneck,world_bottleneck-seed-1318810389743050509,item_0001,1,0.9680235403772851,0.948838747638228,0.9666050281283923,0.945983291455153,0.8680555555555556
developmental_synthetic,baseline_bottleneck,world_bottleneck-seed-1318810389743050509,item_0002,1,0.9680235403772851,0.948838747638228,0.9666050281283923,0.945983291455153,0.8680555555555556
developmental_synthetic,baseline_bottleneck,world_bottleneck-seed-1318810389743050509,item_0003,1,0.9680235403772851,0.948838747638228,0.9666050281283923,0.945983291455153,0.8680555555555556
developmental_synthetic,baseline_bottleneck,world_bottleneck-seed-1318810389743050509,item_0004,1,0.9680235403772851,0.948838747638228,0.9666050281283923,0.945983291455153,0.8680555555555556
developmental_synthetic,baseline_bottleneck,world_bottleneck-seed-1318810389743050509,item_0005,1,0.9680235403772851,0.948838747638228,0.9666050281283923,0.945983291455153,0.8680555555555556
developmental_synthetic,baseline_bottleneck,world_bottleneck-seed-1318810389743050509,item_0006,1,0.9680235403772851,0.948838747638228,0.9666050281283923,0.945983291455153,0.8680555555555556
developmental_synthetic,baseline_bottleneck,world_bottleneck-seed-1318810389743050509,item_0007,1,0.9680235403772851,0.948838747638228,0.9666050281283923,0.945983291455153,0.8680555555555556
developmental_synthetic,baseline_bottleneck,world_bottleneck-seed-1318810389743050509,item_0008,1,0.9680235403772851,0.948838747638228,0.9666050281283923,0.945983291455153,0.8680555555555556
developmental_synthetic,baseline_bottleneck,world_bottleneck-seed-1318810389743050509,item_0009,1,0.9680235403772851,0.948838747638228,0.9666050281283923,0.945983291455153,0.8680555555555556
developmental_synthetic,baseline_bottleneck,world_bottleneck-seed-1318810389743050509,item_0010,1,0.9680235403772851,0.948838747638228,0.9666050281283923,0.945983291455153,0.8680555555555556
developmental_synthetic,baseline_bottleneck,world_bottleneck-seed-1318810389743050509,item_0011,1,0.9680235403772851,0.948838747638228,0.9666050281283923,0.945983291455153,0.8680555555555556
developmental_synthetic,baseline_bottleneck,world_bottleneck-seed-1318810389743050509,item_0012,1,0.9680235403772851,0.948838747638228,0.9666050281283923,0.945983291455153,0.8680555555555556
developmental_synthetic,baseline_bottleneck,world_bottleneck-seed-2672526422288897444,item_0001,1,0.9680235403772851,0.948838747638228,0.9666050281283923,0.945983291455153,0.8680555555555556
developmental_synthetic,baseline_bottleneck,world_bottleneck-seed-2672526422288897444,item_0002,1,0.9680235403772851,0.948838747638228,0.9666050281283923,0.945983291455153,0.8680555555555556
developmental_synthetic,baseline_bottleneck,world_bottleneck-seed-2672526422288897444,item_0003,1,0.9680235403772851,0.948838747638228,0.9666050281283923,0.945983291455153,0.8680555555555556
developmental_synthetic,baseline_bottleneck,world_bottleneck-seed-2672526422288897444,item_0004,1,0.9680235403772851,0.948838747638228,0.9666050281283923,0.945983291455153,0.8680555555555556
developmental_synthetic,baseline_bottleneck,world_bottleneck-seed-2672526422288897444,item_0005,1,0.9680235403772851,0.948838747638228,0.9666050281283923,0.945983291455153,0.8680555555555556
developmental_synthetic,baseline_bottleneck,world_bottleneck-seed-2672526422288897444,item_0006,1,0.9680235403772851,0.948838747638228,0.9666050281283923,0.945983291455153,0.8680555555555556
developmental_synthetic,baseline_bottleneck,world_bottleneck-seed-2672526422288897444,item_0007,1,0.9680235403772851,0.948838747638228,0.9666050281283923,0.945983291455153,0.8680555555555556
developmental_synthetic,baseline_bottleneck,world_bottleneck-seed-2672526422288897444,item_0008,1,0.9680235403772851,0.948838747638228,0.9666050281283923,0.945983291455153,0.8680555555555556
developmental_synthetic,baseline_bottleneck,world_bottleneck-seed-2672526422288897444,item_0009,1,0.9680235403772851,0.948838747638228,0.9666050281283923,0.945983291455153,0.8680555555555556
developmental_synthetic,baseline_bottleneck,world_bottleneck-seed-2672526422288897444,item_0010,1,0.9680235403772851,0.948838747638228,0.9666050281283923,0.945983291455153,0.8680555555555556
developmental_synthetic,baseline_bottleneck,world_bottleneck-seed-2672526422288897444,item_0011,1,0.9680235403772851,0.948838747638228,0.9666050281283923,0.945983291455153,0.8680555555555556
developmental_synthetic,baseline_bottleneck,world_bottleneck-seed-2672526422288897444,item_0012,1,0.9680235403772851,0.948838747638228,0.9666050281283923,0.945983291455153,0.8680555555555556
developmental_synthetic,baseline_bottleneck,world_bottleneck-seed-2184401695212112810,item_0001,1,0.9680235403772851,0.948838747638228,0.9666050281283923,0.945983291455153,0.8680555555555556
developmental_synthetic,baseline_bottleneck,world_bottleneck-seed-2184401695212112810,item_0002,0,0.9680235403772851,0.948838747638228,0.9666050281283923,0.945983291455153,0.8680555555555556
developmental_synthetic,baseline_bottleneck,world_bottleneck-seed-2184401695212112810,item_0003,0,0.9680235403772851,0.948838747638228,0.9666050281283923,0.945983291455153,0.8680555555555556
developmental_synthetic,baseline_bottleneck,world_bottleneck-seed-2184401695212112810,item_0004,0,0.9680235403772851,0.948838747638228,0.9666050281283923,0.945983291455153,0.8680555555555556
developmental_synthetic,baseline_bottleneck,world_bottleneck-seed-2184401695212112810,item_0005,1,0.9680235403772851,0.948838747638228,0.9666050281283923,0.945983291455153,0.8680555555555556
developmental_synthetic,baseline_bottleneck,world_bottleneck-seed-2184401695212112810,item_0006,0,0.9680235403772851,0.948838747638228,0.9666050281283923,0.945983291455153,0.8680555555555556
developmental_synthetic,baseline_bottleneck,world_bottleneck-seed-2184401695212112810,item_0007,1,0.9680235403772851,0.948838747638228,0.9666050281283923,0.945983291455153,0.8680555555555556
developmental_synthetic,baseline_bottleneck,world_bottleneck-seed-2184401695212112810,item_0008,0,0.9680235403772851,0.948838747638228,0.9666050281283923,0.945983291455153,0.8680555555555556
developmental_synthetic,baseline_bottleneck,world_bottleneck-seed-2184401695212112810,item_0009,1,0.9680235403772851,0.948838747638228,0.9666050281283923,0.945983291455153,0.8680555555555556
developmental_synthetic,baseline_bottleneck,world_bottleneck-seed-2184401695212112810,item_0010,0,0.9680235403772851,0.948838747638228,0.9666050281283923,0.945983291455153,0.8680555555555556
developmental_synthetic,baseline_bottleneck,world_bottleneck-seed-2184401695212112810,item_0011,1,0.9680235403772851,0.948838747638228,0.9666050281283923,0.945983291455153,0.8680555555555556
developmental_synthetic,baseline_bottleneck,world_bottleneck-seed-2184401695212112810,item_0012,0,0.9680235403772851,0.948838747638228,0.9666050281283923,0.945983291455153,0.8680555555555556
developmental_synthetic,review_capacity_low,world_bottleneck-seed-4594190432599945735,item_0001,1,0.9437742851251183,0.9113727672519207,0.8495107868570436,0.7735237175121736,0.6909722222222222
developmental_synthetic,review_capacity_low,world_bottleneck-seed-4594190432599945735,item_0002,1,0.9437742851251183,0.9113727672519207,0.8495107868570436,0.7735237175121736,0.6909722222222222
developmental_synthetic,review_capacity_low,world_bottleneck-seed-4594190432599945735,item_0003,1,0.9437742851251183,0.9113727672519207,0.8495107868570436,0.7735237175121736,0.6909722222222222
developmental_synthetic,review_capacity_low,world_bottleneck-seed-4594190432599945735,item_0004,1,0.9437742851251183,0.9113727672519207,0.8495107868570436,0.7735237175121736,0.6909722222222222
developmental_synthetic,review_capacity_low,world_bottleneck-seed-4594190432599945735,item_0005,1,0.9437742851251183,0.9113727672519207,0.8495107868570436,0.7735237175121736,0.6909722222222222
developmental_synthetic,review_capacity_low,world_bottleneck-seed-4594190432599945735,item_0006,1,0.9437742851251183,0.9113727672519207,0.8495107868570436,0.7735237175121736,0.6909722222222222
developmental_synthetic,review_capacity_low,world_bottleneck-seed-4594190432599945735,item_0007,1,0.9437742851251183,0.9113727672519207,0.8495107868570436,0.7735237175121736,0.6909722222222222
developmental_synthetic,review_capacity_low,world_bottleneck-seed-4594190432599945735,item_0008,1,0.9437742851251183,0.9113727672519207,0.8495107868570436,0.7735237175121736,0.6909722222222222
developmental_synthetic,review_capacity_low,world_bottleneck-seed-4594190432599945735,item_0009,1,0.9437742851251183,0.9113727672519207,0.8495107868570436,0.7735237175121736,0.6909722222222222
developmental_synthetic,review_capacity_low,world_bottleneck-seed-4594190432599945735,item_0010,1,0.9437742851251183,0.9113727672519207,0.8495107868570436,0.7735237175121736,0.6909722222222222
developmental_synthetic,review_capacity_low,world_bottleneck-seed-4594190432599945735,item_0011,1,0.9437742851251183,0.9113727672519207,0.8495107868570436,0.7735237175121736,0.6909722222222222
developmental_synthetic,review_capacity_low,world_bottleneck-seed-4594190432599945735,item_0012,1,0.9437742851251183,0.9113727672519207,0.8495107868570436,0.7735237175121736,0.6909722222222222
developmental_synthetic,review_capacity_low,world_bottleneck-seed-4594190432599945735,item_0013,1,0.9437742851251183,0.9113727672519207,0.8495107868570436,0.7735237175121736,0.6909722222222222
developmental_synthetic,review_capacity_low,world_bottleneck-seed-4594190432599945735,item_0014,0,0.9437742851251183,0.9113727672519207,0.8495107868570436,0.7735237175121736,0.6909722222222222
developmental_synthetic,review_capacity_low,world_bottleneck-seed-4594190432599945735,item_0015,1,0.9437742851251183,0.9113727672519207,0.8495107868570436,0.7735237175121736,0.6909722222222222
developmental_synthetic,review_capacity_low,world_bottleneck-seed-4594190432599945735,item_0016,1,0.9437742851251183,0.9113727672519207,0.8495107868570436,0.7735237175121736,0.6909722222222222
developmental_synthetic,review_capacity_low,world_bottleneck-seed-4594190432599945735,item_0017,1,0.9437742851251183,0.9113727672519207,0.8495107868570436,0.7735237175121736,0.6909722222222222
developmental_synthetic,review_capacity_low,world_bottleneck-seed-4594190432599945735,item_0018,1,0.9437742851251183,0.9113727672519207,0.8495107868570436,0.7735237175121736,0.6909722222222222
developmental_synthetic,review_capacity_low,world_bottleneck-seed-4594190432599945735,item_0019,1,0.9437742851251183,0.9113727672519207,0.8495107868570436,0.7735237175121736,0.6909722222222222
developmental_synthetic,review_capacity_low,world_bottleneck-seed-4594190432599945735,item_0020,1,0.9437742851251183,0.9113727672519207,0.8495107868570436,0.7735237175121736,0.6909722222222222
developmental_synthetic,review_capacity_low,world_bottleneck-seed-4594190432599945735,item_0021,1,0.9437742851251183,0.9113727672519207,0.8495107868570436,0.7735237175121736,0.6909722222222222
developmental_synthetic,review_capacity_low,world_bottleneck-seed-4594190432599945735,item_0022,1,0.9437742851251183,0.9113727672519207,0.8495107868570436,0.7735237175121736,0.6909722222222222
developmental_synthetic,review_capacity_low,world_bottleneck-seed-4594190432599945735,item_0023,1,0.9437742851251183,0.9113727672519207,0.8495107868570436,0.7735237175121736,0.6909722222222222
developmental_synthetic,review_capacity_low,world_bottleneck-seed-4594190432599945735,item_0024,1,0.9437742851251183,0.9113727672519207,0.8495107868570436,0.7735237175121736,0.6909722222222222
developmental_synthetic,review_capacity_low,world_bottleneck-seed-8166473292603767607,item_0001,1,0.9437742851251183,0.9113727672519207,0.8495107868570436,0.7735237175121736,0.6909722222222222
developmental_synthetic,review_capacity_low,world_bottleneck-seed-8166473292603767607,item_0002,1,0.9437742851251183,0.9113727672519207,0.8495107868570436,0.7735237175121736,0.6909722222222222
developmental_synthetic,review_capacity_low,world_bottleneck-seed-8166473292603767607,item_0003,1,0.9437742851251183,0.9113727672519207,0.8495107868570436,0.7735237175121736,0.6909722222222222
developmental_synthetic,review_capacity_low,world_bottleneck-seed-8166473292603767607,item_0004,0,0.9437742851251183,0.9113727672519207,0.8495107868570436,0.7735237175121736,0.6909722222222222
developmental_synthetic,review_capacity_low,world_bottleneck-seed-8166473292603767607,item_0005,1,0.9437742851251183,0.9113727672519207,0.8495107868570436,0.7735237175121736,0.6909722222222222
developmental_synthetic,review_capacity_low,world_bottleneck-seed-8166473292603767607,item_0006,1,0.9437742851251183,0.9113727672519207,0.8495107868570436,0.7735237175121736,0.6909722222222222
developmental_synthetic,review_capacity_low,world_bottleneck-seed-8166473292603767607,item_0007,1,0.9437742851251183,0.9113727672519207,0.8495107868570436,0.7735237175121736,0.6909722222222222
developmental_synthetic,review_capacity_low,world_bottleneck-seed-8166473292603767607,item_0008,1,0.9437742851251183,0.9113727672519207,0.8495107868570436,0.7735237175121736,0.6909722222222222
developmental_synthetic,review_capacity_low,world_bottleneck-seed-8166473292603767607,item_0009,1,0.9437742851251183,0.9113727672519207,0.8495107868570436,0.7735237175121736,0.6909722222222222
developmental_synthetic,review_capacity_low,world_bottleneck-seed-8166473292603767607,item_0010,1,0.9437742851251183,0.9113727672519207,0.8495107868570436,0.7735237175121736,0.6909722222222222
developmental_synthetic,review_capacity_low,world_bottleneck-seed-8166473292603767607,item_0011,1,0.9437742851251183,0.9113727672519207,0.8495107868570436,0.7735237175121736,0.6909722222222222
developmental_synthetic,review_capacity_low,world_bottleneck-seed-8166473292603767607,item_0012,1,0.9437742851251183,0.9113727672519207,0.8495107868570436,0.7735237175121736,0.6909722222222222
developmental_synthetic,review_capacity_low,world_bottleneck-seed-8166473292603767607,item_0013,1,0.9437742851251183,0.9113727672519207,0.8495107868570436,0.7735237175121736,0.6909722222222222
developmental_synthetic,review_capacity_low,world_bottleneck-seed-8166473292603767607,item_0014,1,0.9437742851251183,0.9113727672519207,0.8495107868570436,0.7735237175121736,0.6909722222222222
developmental_synthetic,review_capacity_low,world_bottleneck-seed-8166473292603767607,item_0015,1,0.9437742851251183,0.9113727672519207,0.8495107868570436,0.7735237175121736,0.6909722222222222
developmental_synthetic,review_capacity_low,world_bottleneck-seed-8166473292603767607,item_0016,1,0.9437742851251183,0.9113727672519207,0.8495107868570436,0.7735237175121736,0.6909722222222222
developmental_synthetic,review_capacity_low,world_bottleneck-seed-8166473292603767607,item_0017,1,0.9437742851251183,0.9113727672519207,0.8495107868570436,0.7735237175121736,0.6909722222222222
developmental_synthetic,review_capacity_low,world_bottleneck-seed-8166473292603767607,item_0018,1,0.9437742851251183,0.9113727672519207,0.8495107868570436,0.7735237175121736,0.6909722222222222
developmental_synthetic,review_capacity_low,world_bottleneck-seed-8166473292603767607,item_0019,1,0.9437742851251183,0.9113727672519207,0.8495107868570436,0.7735237175121736,0.6909722222222222
developmental_synthetic,review_capacity_low,world_bottleneck-seed-8166473292603767607,item_0020,1,0.9437742851251183,0.9113727672519207,0.8495107868570436,0.7735237175121736,0.6909722222222222
developmental_synthetic,review_capacity_low,world_bottleneck-seed-8166473292603767607,item_0021,1,0.9437742851251183,0.9113727672519207,0.8495107868570436,0.7735237175121736,0.6909722222222222
developmental_synthetic,review_capacity_low,world_bottleneck-seed-8166473292603767607,item_0022,1,0.9437742851251183,0.9113727672519207,0.8495107868570436,0.7735237175121736,0.6909722222222222
developmental_synthetic,review_capacity_low,world_bottleneck-seed-8166473292603767607,item_0023,1,0.9437742851251183,0.9113727672519207,0.8495107868570436,0.7735237175121736,0.6909722222222222
developmental_synthetic,review_capacity_low,world_bottleneck-seed-8166473292603767607,item_0024,1,0.9437742851251183,0.9113727672519207,0.8495107868570436,0.7735237175121736,0.6909722222222222
developmental_synthetic,review_capacity_low,world_bottleneck-seed-4170565587130884155,item_0001,1,0.9437742851251183,0.9113727672519207,0.8495107868570436,0.7735237175121736,0.6909722222222222
developmental_synthetic,review_capacity_low,world_bottleneck-seed-4170565587130884155,item_0002,0,0.9437742851251183,0.9113727672519207,0.8495107868570436,0.7735237175121736,0.6909722222222222
developmental_synthetic,review_capacity_low,world_bottleneck-seed-4170565587130884155,item_0003,1,0.9437742851251183,0.9113727672519207,0.8495107868570436,0.7735237175121736,0.6909722222222222
developmental_synthetic,review_capacity_low,world_bottleneck-seed-4170565587130884155,item_0004,0,0.9437742851251183,0.9113727672519207,0.8495107868570436,0.7735237175121736,0.6909722222222222
developmental_synthetic,review_capacity_low,world_bottleneck-seed-4170565587130884155,item_0005,1,0.9437742851251183,0.9113727672519207,0.8495107868570436,0.7735237175121736,0.6909722222222222
developmental_synthetic,review_capacity_low,world_bottleneck-seed-4170565587130884155,item_0006,0,0.9437742851251183,0.9113727672519207,0.8495107868570436,0.7735237175121736,0.6909722222222222
developmental_synthetic,review_capacity_low,world_bottleneck-seed-4170565587130884155,item_0007,1,0.9437742851251183,0.9113727672519207,0.8495107868570436,0.7735237175121736,0.6909722222222222
developmental_synthetic,review_capacity_low,world_bottleneck-seed-4170565587130884155,item_0008,0,0.9437742851251183,0.9113727672519207,0.8495107868570436,0.7735237175121736,0.6909722222222222
developmental_synthetic,review_capacity_low,world_bottleneck-seed-4170565587130884155,item_0009,0,0.9437742851251183,0.9113727672519207,0.8495107868570436,0.7735237175121736,0.6909722222222222
developmental_synthetic,review_capacity_low,world_bottleneck-seed-4170565587130884155,item_0010,0,0.9437742851251183,0.9113727672519207,0.8495107868570436,0.7735237175121736,0.6909722222222222
developmental_synthetic,review_capacity_low,world_bottleneck-seed-4170565587130884155,item_0011,1,0.9437742851251183,0.9113727672519207,0.8495107868570436,0.7735237175121736,0.6909722222222222
developmental_synthetic,review_capacity_low,world_bottleneck-seed-4170565587130884155,item_0012,0,0.9437742851251183,0.9113727672519207,0.8495107868570436,0.7735237175121736,0.6909722222222222
developmental_synthetic,review_capacity_low,world_bottleneck-seed-4170565587130884155,item_0013,1,0.9437742851251183,0.9113727672519207,0.8495107868570436,0.7735237175121736,0.6909722222222222
developmental_synthetic,review_capacity_low,world_bottleneck-seed-4170565587130884155,item_0014,0,0.9437742851251183,0.9113727672519207,0.8495107868570436,0.7735237175121736,0.6909722222222222
developmental_synthetic,review_capacity_low,world_bottleneck-seed-4170565587130884155,item_0015,1,0.9437742851251183,0.9113727672519207,0.8495107868570436,0.7735237175121736,0.6909722222222222
developmental_synthetic,review_capacity_low,world_bottleneck-seed-4170565587130884155,item_0016,0,0.9437742851251183,0.9113727672519207,0.8495107868570436,0.7735237175121736,0.6909722222222222
developmental_synthetic,review_capacity_low,world_bottleneck-seed-4170565587130884155,item_0017,1,0.9437742851251183,0.9113727672519207,0.8495107868570436,0.7735237175121736,0.6909722222222222
developmental_synthetic,review_capacity_low,world_bottleneck-seed-4170565587130884155,item_0018,0,0.9437742851251183,0.9113727672519207,0.8495107868570436,0.7735237175121736,0.6909722222222222
developmental_synthetic,review_capacity_low,world_bottleneck-seed-4170565587130884155,item_0019,1,0.9437742851251183,0.9113727672519207,0.8495107868570436,0.7735237175121736,0.6909722222222222
developmental_synthetic,review_capacity_low,world_bottleneck-seed-4170565587130884155,item_0020,0,0.9437742851251183,0.9113727672519207,0.8495107868570436,0.7735237175121736,0.6909722222222222
developmental_synthetic,review_capacity_low,world_bottleneck-seed-4170565587130884155,item_0021,1,0.9437742851251183,0.9113727672519207,0.8495107868570436,0.7735237175121736,0.6909722222222222
developmental_synthetic,review_capacity_low,world_bottleneck-seed-4170565587130884155,item_0022,0,0.9437742851251183,0.9113727672519207,0.8495107868570436,0.7735237175121736,0.6909722222222222
developmental_synthetic,review_capacity_low,world_bottleneck-seed-4170565587130884155,item_0023,1,0.9437742851251183,0.9113727672519207,0.8495107868570436,0.7735237175121736,0.6909722222222222
developmental_synthetic,review_capacity_low,world_bottleneck-seed-4170565587130884155,item_0024,0,0.9437742851251183,0.9113727672519207,0.8495107868570436,0.7735237175121736,0.6909722222222222
developmental_synthetic,review_capacity_low,world_bottleneck-seed-2717423041065866496,item_0001,1,0.9437742851251183,0.9113727672519207,0.8495107868570436,0.7735237175121736,0.6909722222222222
developmental_synthetic,review_capacity_low,world_bottleneck-seed-2717423041065866496,item_0002,0,0.9437742851251183,0.9113727672519207,0.8495107868570436,0.7735237175121736,0.6909722222222222
developmental_synthetic,review_capacity_low,world_bottleneck-seed-2717423041065866496,item_0003,1,0.9437742851251183,0.9113727672519207,0.8495107868570436,0.7735237175121736,0.6909722222222222
developmental_synthetic,review_capacity_low,world_bottleneck-seed-2717423041065866496,item_0004,0,0.9437742851251183,0.9113727672519207,0.8495107868570436,0.7735237175121736,0.6909722222222222
developmental_synthetic,review_capacity_low,world_bottleneck-seed-2717423041065866496,item_0005,1,0.9437742851251183,0.9113727672519207,0.8495107868570436,0.7735237175121736,0.6909722222222222
developmental_synthetic,review_capacity_low,world_bottleneck-seed-2717423041065866496,item_0006,0,0.9437742851251183,0.9113727672519207,0.8495107868570436,0.7735237175121736,0.6909722222222222
developmental_synthetic,review_capacity_low,world_bottleneck-seed-2717423041065866496,item_0007,1,0.9437742851251183,0.9113727672519207,0.8495107868570436,0.7735237175121736,0.6909722222222222
developmental_synthetic,review_capacity_low,world_bottleneck-seed-2717423041065866496,item_0008,0,0.9437742851251183,0.9113727672519207,0.8495107868570436,0.7735237175121736,0.6909722222222222
developmental_synthetic,review_capacity_low,world_bottleneck-seed-2717423041065866496,item_0009,1,0.9437742851251183,0.9113727672519207,0.8495107868570436,0.7735237175121736,0.6909722222222222
developmental_synthetic,review_capacity_low,world_bottleneck-seed-2717423041065866496,item_0010,0,0.9437742851251183,0.9113727672519207,0.8495107868570436,0.7735237175121736,0.6909722222222222
developmental_synthetic,review_capacity_low,world_bottleneck-seed-2717423041065866496,item_0011,1,0.9437742851251183,0.9113727672519207,0.8495107868570436,0.7735237175121736,0.6909722222222222
developmental_synthetic,review_capacity_low,world_bottleneck-seed-2717423041065866496,item_0012,0,0.9437742851251183,0.9113727672519207,0.8495107868570436,0.7735237175121736,0.6909722222222222
developmental_synthetic,review_capacity_low,world_bottleneck-seed-2717423041065866496,item_0013,1,0.9437742851251183,0.9113727672519207,0.8495107868570436,0.7735237175121736,0.6909722222222222
developmental_synthetic,review_capacity_low,world_bottleneck-seed-2717423041065866496,item_0014,0,0.9437742851251183,0.9113727672519207,0.8495107868570436,0.7735237175121736,0.6909722222222222
developmental_synthetic,review_capacity_low,world_bottleneck-seed-2717423041065866496,item_0015,1,0.9437742851251183,0.9113727672519207,0.8495107868570436,0.7735237175121736,0.6909722222222222
developmental_synthetic,review_capacity_low,world_bottleneck-seed-2717423041065866496,item_0016,0,0.9437742851251183,0.9113727672519207,0.8495107868570436,0.7735237175121736,0.6909722222222222
developmental_synthetic,review_capacity_low,world_bottleneck-seed-2717423041065866496,item_0017,1,0.9437742851251183,0.9113727672519207,0.8495107868570436,0.7735237175121736,0.6909722222222222
developmental_synthetic,review_capacity_low,world_bottleneck-seed-2717423041065866496,item_0018,0,0.9437742851251183,0.9113727672519207,0.8495107868570436,0.7735237175121736,0.6909722222222222
developmental_synthetic,review_capacity_low,world_bottleneck-seed-2717423041065866496,item_0019,0,0.9437742851251183,0.9113727672519207,0.8495107868570436,0.7735237175121736,0.6909722222222222
developmental_synthetic,review_capacity_low,world_bottleneck-seed-2717423041065866496,item_0020,0,0.9437742851251183,0.9113727672519207,0.8495107868570436,0.7735237175121736,0.6909722222222222
developmental_synthetic,review_capacity_low,world_bottleneck-seed-2717423041065866496,item_0021,1,0.9437742851251183,0.9113727672519207,0.8495107868570436,0.7735237175121736,0.6909722222222222
developmental_synthetic,review_capacity_low,world_bottleneck-seed-2717423041065866496,item_0022,0,0.9437742851251183,0.9113727672519207,0.8495107868570436,0.7735237175121736,0.6909722222222222
developmental_synthetic,review_capacity_low,world_bottleneck-seed-2717423041065866496,item_0023,0,0.9437742851251183,0.9113727672519207,0.8495107868570436,0.7735237175121736,0.6909722222222222
developmental_synthetic,review_capacity_low,world_bottleneck-seed-2717423041065866496,item_0024,0,0.9437742851251183,0.9113727672519207,0.8495107868570436,0.7735237175121736,0.6909722222222222
developmental_synthetic,review_capacity_low,world_bottleneck-seed-3300210048293211683,item_0001,1,0.9437742851251183,0.9113727672519207,0.8495107868570436,0.7735237175121736,0.6909722222222222
developmental_synthetic,review_capacity_low,world_bottleneck-seed-3300210048293211683,item_0002,1,0.9437742851251183,0.9113727672519207,0.8495107868570436,0.7735237175121736,0.6909722222222222
developmental_synthetic,review_capacity_low,world_bottleneck-seed-3300210048293211683,item_0003,1,0.9437742851251183,0.9113727672519207,0.8495107868570436,0.7735237175121736,0.6909722222222222
developmental_synthetic,review_capacity_low,world_bottleneck-seed-3300210048293211683,item_0004,1,0.9437742851251183,0.9113727672519207,0.8495107868570436,0.7735237175121736,0.6909722222222222
developmental_synthetic,review_capacity_low,world_bottleneck-seed-3300210048293211683,item_0005,1,0.9437742851251183,0.9113727672519207,0.8495107868570436,0.7735237175121736,0.6909722222222222
developmental_synthetic,review_capacity_low,world_bottleneck-seed-3300210048293211683,item_0006,1,0.9437742851251183,0.9113727672519207,0.8495107868570436,0.7735237175121736,0.6909722222222222
developmental_synthetic,review_capacity_low,world_bottleneck-seed-3300210048293211683,item_0007,1,0.9437742851251183,0.9113727672519207,0.8495107868570436,0.7735237175121736,0.6909722222222222
developmental_synthetic,review_capacity_low,world_bottleneck-seed-3300210048293211683,item_0008,0,0.9437742851251183,0.9113727672519207,0.8495107868570436,0.7735237175121736,0.6909722222222222
developmental_synthetic,review_capacity_low,world_bottleneck-seed-3300210048293211683,item_0009,1,0.9437742851251183,0.9113727672519207,0.8495107868570436,0.7735237175121736,0.6909722222222222
developmental_synthetic,review_capacity_low,world_bottleneck-seed-3300210048293211683,item_0010,1,0.9437742851251183,0.9113727672519207,0.8495107868570436,0.7735237175121736,0.6909722222222222
developmental_synthetic,review_capacity_low,world_bottleneck-seed-3300210048293211683,item_0011,1,0.9437742851251183,0.9113727672519207,0.8495107868570436,0.7735237175121736,0.6909722222222222
developmental_synthetic,review_capacity_low,world_bottleneck-seed-3300210048293211683,item_0012,1,0.9437742851251183,0.9113727672519207,0.8495107868570436,0.7735237175121736,0.6909722222222222
developmental_synthetic,review_capacity_low,world_bottleneck-seed-3300210048293211683,item_0013,1,0.9437742851251183,0.9113727672519207,0.8495107868570436,0.7735237175121736,0.6909722222222222
developmental_synthetic,review_capacity_low,world_bottleneck-seed-3300210048293211683,item_0014,1,0.9437742851251183,0.9113727672519207,0.8495107868570436,0.7735237175121736,0.6909722222222222
developmental_synthetic,review_capacity_low,world_bottleneck-seed-3300210048293211683,item_0015,1,0.9437742851251183,0.9113727672519207,0.8495107868570436,0.7735237175121736,0.6909722222222222
developmental_synthetic,review_capacity_low,world_bottleneck-seed-3300210048293211683,item_0016,1,0.9437742851251183,0.9113727672519207,0.8495107868570436,0.7735237175121736,0.6909722222222222
developmental_synthetic,review_capacity_low,world_bottleneck-seed-3300210048293211683,item_0017,1,0.9437742851251183,0.9113727672519207,0.8495107868570436,0.7735237175121736,0.6909722222222222
developmental_synthetic,review_capacity_low,world_bottleneck-seed-3300210048293211683,item_0018,1,0.9437742851251183,0.9113727672519207,0.8495107868570436,0.7735237175121736,0.6909722222222222
developmental_synthetic,review_capacity_low,world_bottleneck-seed-3300210048293211683,item_0019,1,0.9437742851251183,0.9113727672519207,0.8495107868570436,0.7735237175121736,0.6909722222222222
developmental_synthetic,review_capacity_low,world_bottleneck-seed-3300210048293211683,item_0020,1,0.9437742851251183,0.9113727672519207,0.8495107868570436,0.7735237175121736,0.6909722222222222
developmental_synthetic,review_capacity_low,world_bottleneck-seed-3300210048293211683,item_0021,1,0.9437742851251183,0.9113727672519207,0.8495107868570436,0.7735237175121736,0.6909722222222222
developmental_synthetic,review_capacity_low,world_bottleneck-seed-3300210048293211683,item_0022,1,0.9437742851251183,0.9113727672519207,0.8495107868570436,0.7735237175121736,0.6909722222222222
developmental_synthetic,review_capacity_low,world_bottleneck-seed-3300210048293211683,item_0023,1,0.9437742851251183,0.9113727672519207,0.8495107868570436,0.7735237175121736,0.6909722222222222
developmental_synthetic,review_capacity_low,world_bottleneck-seed-3300210048293211683,item_0024,1,0.9437742851251183,0.9113727672519207,0.8495107868570436,0.7735237175121736,0.6909722222222222
developmental_synthetic,review_capacity_low,world_bottleneck-seed-8029632760491593691,item_0001,1,0.9437742851251183,0.9113727672519207,0.8495107868570436,0.7735237175121736,0.6909722222222222
developmental_synthetic,review_capacity_low,world_bottleneck-seed-8029632760491593691,item_0002,0,0.9437742851251183,0.9113727672519207,0.8495107868570436,0.7735237175121736,0.6909722222222222
developmental_synthetic,review_capacity_low,world_bottleneck-seed-8029632760491593691,item_0003,1,0.9437742851251183,0.9113727672519207,0.8495107868570436,0.7735237175121736,0.6909722222222222
developmental_synthetic,review_capacity_low,world_bottleneck-seed-8029632760491593691,item_0004,0,0.9437742851251183,0.9113727672519207,0.8495107868570436,0.7735237175121736,0.6909722222222222
developmental_synthetic,review_capacity_low,world_bottleneck-seed-8029632760491593691,item_0005,1,0.9437742851251183,0.9113727672519207,0.8495107868570436,0.7735237175121736,0.6909722222222222
developmental_synthetic,review_capacity_low,world_bottleneck-seed-8029632760491593691,item_0006,0,0.9437742851251183,0.9113727672519207,0.8495107868570436,0.7735237175121736,0.6909722222222222
developmental_synthetic,review_capacity_low,world_bottleneck-seed-8029632760491593691,item_0007,1,0.9437742851251183,0.9113727672519207,0.8495107868570436,0.7735237175121736,0.6909722222222222
developmental_synthetic,review_capacity_low,world_bottleneck-seed-8029632760491593691,item_0008,0,0.9437742851251183,0.9113727672519207,0.8495107868570436,0.7735237175121736,0.6909722222222222
developmental_synthetic,review_capacity_low,world_bottleneck-seed-8029632760491593691,item_0009,1,0.9437742851251183,0.9113727672519207,0.8495107868570436,0.7735237175121736,0.6909722222222222
developmental_synthetic,review_capacity_low,world_bottleneck-seed-8029632760491593691,item_0010,0,0.9437742851251183,0.9113727672519207,0.8495107868570436,0.7735237175121736,0.6909722222222222
developmental_synthetic,review_capacity_low,world_bottleneck-seed-8029632760491593691,item_0011,1,0.9437742851251183,0.9113727672519207,0.8495107868570436,0.7735237175121736,0.6909722222222222
developmental_synthetic,review_capacity_low,world_bottleneck-seed-8029632760491593691,item_0012,0,0.9437742851251183,0.9113727672519207,0.8495107868570436,0.7735237175121736,0.6909722222222222
developmental_synthetic,review_capacity_low,world_bottleneck-seed-8029632760491593691,item_0013,1,0.9437742851251183,0.9113727672519207,0.8495107868570436,0.7735237175121736,0.6909722222222222
developmental_synthetic,review_capacity_low,world_bottleneck-seed-8029632760491593691,item_0014,0,0.9437742851251183,0.9113727672519207,0.8495107868570436,0.7735237175121736,0.6909722222222222
developmental_synthetic,review_capacity_low,world_bottleneck-seed-8029632760491593691,item_0015,1,0.9437742851251183,0.9113727672519207,0.8495107868570436,0.7735237175121736,0.6909722222222222
developmental_synthetic,review_capacity_low,world_bottleneck-seed-8029632760491593691,item_0016,0,0.9437742851251183,0.9113727672519207,0.8495107868570436,0.7735237175121736,0.6909722222222222
developmental_synthetic,review_capacity_low,world_bottleneck-seed-8029632760491593691,item_0017,1,0.9437742851251183,0.9113727672519207,0.8495107868570436,0.7735237175121736,0.6909722222222222
developmental_synthetic,review_capacity_low,world_bottleneck-seed-8029632760491593691,item_0018,0,0.9437742851251183,0.9113727672519207,0.8495107868570436,0.7735237175121736,0.6909722222222222
developmental_synthetic,review_capacity_low,world_bottleneck-seed-8029632760491593691,item_0019,1,0.9437742851251183,0.9113727672519207,0.8495107868570436,0.7735237175121736,0.6909722222222222
developmental_synthetic,review_capacity_low,world_bottleneck-seed-8029632760491593691,item_0020,0,0.9437742851251183,0.9113727672519207,0.8495107868570436,0.7735237175121736,0.6909722222222222
developmental_synthetic,review_capacity_low,world_bottleneck-seed-8029632760491593691,item_0021,0,0.9437742851251183,0.9113727672519207,0.8495107868570436,0.7735237175121736,0.6909722222222222
developmental_synthetic,review_capacity_low,world_bottleneck-seed-8029632760491593691,item_0022,0,0.9437742851251183,0.9113727672519207,0.8495107868570436,0.7735237175121736,0.6909722222222222
developmental_synthetic,review_capacity_low,world_bottleneck-seed-8029632760491593691,item_0023,1,0.9437742851251183,0.9113727672519207,0.8495107868570436,0.7735237175121736,0.6909722222222222
developmental_synthetic,review_capacity_low,world_bottleneck-seed-8029632760491593691,item_0024,0,0.9437742851251183,0.9113727672519207,0.8495107868570436,0.7735237175121736,0.6909722222222222
developmental_synthetic,review_capacity_low,world_bottleneck-seed-1942033208343472871,item_0001,1,0.9437742851251183,0.9113727672519207,0.8495107868570436,0.7735237175121736,0.6909722222222222
developmental_synthetic,review_capacity_low,world_bottleneck-seed-1942033208343472871,item_0002,1,0.9437742851251183,0.9113727672519207,0.8495107868570436,0.7735237175121736,0.6909722222222222
developmental_synthetic,review_capacity_low,world_bottleneck-seed-1942033208343472871,item_0003,1,0.9437742851251183,0.9113727672519207,0.8495107868570436,0.7735237175121736,0.6909722222222222
developmental_synthetic,review_capacity_low,world_bottleneck-seed-1942033208343472871,item_0004,1,0.9437742851251183,0.9113727672519207,0.8495107868570436,0.7735237175121736,0.6909722222222222
developmental_synthetic,review_capacity_low,world_bottleneck-seed-1942033208343472871,item_0005,1,0.9437742851251183,0.9113727672519207,0.8495107868570436,0.7735237175121736,0.6909722222222222
developmental_synthetic,review_capacity_low,world_bottleneck-seed-1942033208343472871,item_0006,1,0.9437742851251183,0.9113727672519207,0.8495107868570436,0.7735237175121736,0.6909722222222222
developmental_synthetic,review_capacity_low,world_bottleneck-seed-1942033208343472871,item_0007,1,0.9437742851251183,0.9113727672519207,0.8495107868570436,0.7735237175121736,0.6909722222222222
developmental_synthetic,review_capacity_low,world_bottleneck-seed-1942033208343472871,item_0008,1,0.9437742851251183,0.9113727672519207,0.8495107868570436,0.7735237175121736,0.6909722222222222
developmental_synthetic,review_capacity_low,world_bottleneck-seed-1942033208343472871,item_0009,1,0.9437742851251183,0.9113727672519207,0.8495107868570436,0.7735237175121736,0.6909722222222222
developmental_synthetic,review_capacity_low,world_bottleneck-seed-1942033208343472871,item_0010,1,0.9437742851251183,0.9113727672519207,0.8495107868570436,0.7735237175121736,0.6909722222222222
developmental_synthetic,review_capacity_low,world_bottleneck-seed-1942033208343472871,item_0011,1,0.9437742851251183,0.9113727672519207,0.8495107868570436,0.7735237175121736,0.6909722222222222
developmental_synthetic,review_capacity_low,world_bottleneck-seed-1942033208343472871,item_0012,1,0.9437742851251183,0.9113727672519207,0.8495107868570436,0.7735237175121736,0.6909722222222222
developmental_synthetic,review_capacity_low,world_bottleneck-seed-1942033208343472871,item_0013,1,0.9437742851251183,0.9113727672519207,0.8495107868570436,0.7735237175121736,0.6909722222222222
developmental_synthetic,review_capacity_low,world_bottleneck-seed-1942033208343472871,item_0014,1,0.9437742851251183,0.9113727672519207,0.8495107868570436,0.7735237175121736,0.6909722222222222
developmental_synthetic,review_capacity_low,world_bottleneck-seed-1942033208343472871,item_0015,1,0.9437742851251183,0.9113727672519207,0.8495107868570436,0.7735237175121736,0.6909722222222222
developmental_synthetic,review_capacity_low,world_bottleneck-seed-1942033208343472871,item_0016,1,0.9437742851251183,0.9113727672519207,0.8495107868570436,0.7735237175121736,0.6909722222222222
developmental_synthetic,review_capacity_low,world_bottleneck-seed-1942033208343472871,item_0017,1,0.9437742851251183,0.9113727672519207,0.8495107868570436,0.7735237175121736,0.6909722222222222
developmental_synthetic,review_capacity_low,world_bottleneck-seed-1942033208343472871,item_0018,0,0.9437742851251183,0.9113727672519207,0.8495107868570436,0.7735237175121736,0.6909722222222222
developmental_synthetic,review_capacity_low,world_bottleneck-seed-1942033208343472871,item_0019,1,0.9437742851251183,0.9113727672519207,0.8495107868570436,0.7735237175121736,0.6909722222222222
developmental_synthetic,review_capacity_low,world_bottleneck-seed-1942033208343472871,item_0020,1,0.9437742851251183,0.9113727672519207,0.8495107868570436,0.7735237175121736,0.6909722222222222
developmental_synthetic,review_capacity_low,world_bottleneck-seed-1942033208343472871,item_0021,1,0.9437742851251183,0.9113727672519207,0.8495107868570436,0.7735237175121736,0.6909722222222222
developmental_synthetic,review_capacity_low,world_bottleneck-seed-1942033208343472871,item_0022,1,0.9437742851251183,0.9113727672519207,0.8495107868570436,0.7735237175121736,0.6909722222222222
developmental_synthetic,review_capacity_low,world_bottleneck-seed-1942033208343472871,item_0023,1,0.9437742851251183,0.9113727672519207,0.8495107868570436,0.7735237175121736,0.6909722222222222
developmental_synthetic,review_capacity_low,world_bottleneck-seed-1942033208343472871,item_0024,1,0.9437742851251183,0.9113727672519207,0.8495107868570436,0.7735237175121736,0.6909722222222222
developmental_synthetic,review_capacity_low,world_bottleneck-seed-4316497584180809060,item_0001,1,0.9437742851251183,0.9113727672519207,0.8495107868570436,0.7735237175121736,0.6909722222222222
developmental_synthetic,review_capacity_low,world_bottleneck-seed-4316497584180809060,item_0002,1,0.9437742851251183,0.9113727672519207,0.8495107868570436,0.7735237175121736,0.6909722222222222
developmental_synthetic,review_capacity_low,world_bottleneck-seed-4316497584180809060,item_0003,1,0.9437742851251183,0.9113727672519207,0.8495107868570436,0.7735237175121736,0.6909722222222222
developmental_synthetic,review_capacity_low,world_bottleneck-seed-4316497584180809060,item_0004,1,0.9437742851251183,0.9113727672519207,0.8495107868570436,0.7735237175121736,0.6909722222222222
developmental_synthetic,review_capacity_low,world_bottleneck-seed-4316497584180809060,item_0005,1,0.9437742851251183,0.9113727672519207,0.8495107868570436,0.7735237175121736,0.6909722222222222
developmental_synthetic,review_capacity_low,world_bottleneck-seed-4316497584180809060,item_0006,1,0.9437742851251183,0.9113727672519207,0.8495107868570436,0.7735237175121736,0.6909722222222222
developmental_synthetic,review_capacity_low,world_bottleneck-seed-4316497584180809060,item_0007,1,0.9437742851251183,0.9113727672519207,0.8495107868570436,0.7735237175121736,0.6909722222222222
developmental_synthetic,review_capacity_low,world_bottleneck-seed-4316497584180809060,item_0008,1,0.9437742851251183,0.9113727672519207,0.8495107868570436,0.7735237175121736,0.6909722222222222
developmental_synthetic,review_capacity_low,world_bottleneck-seed-4316497584180809060,item_0009,1,0.9437742851251183,0.9113727672519207,0.8495107868570436,0.7735237175121736,0.6909722222222222
developmental_synthetic,review_capacity_low,world_bottleneck-seed-4316497584180809060,item_0010,1,0.9437742851251183,0.9113727672519207,0.8495107868570436,0.7735237175121736,0.6909722222222222
developmental_synthetic,review_capacity_low,world_bottleneck-seed-4316497584180809060,item_0011,1,0.9437742851251183,0.9113727672519207,0.8495107868570436,0.7735237175121736,0.6909722222222222
developmental_synthetic,review_capacity_low,world_bottleneck-seed-4316497584180809060,item_0012,1,0.9437742851251183,0.9113727672519207,0.8495107868570436,0.7735237175121736,0.6909722222222222
developmental_synthetic,review_capacity_low,world_bottleneck-seed-4316497584180809060,item_0013,1,0.9437742851251183,0.9113727672519207,0.8495107868570436,0.7735237175121736,0.6909722222222222
developmental_synthetic,review_capacity_low,world_bottleneck-seed-4316497584180809060,item_0014,1,0.9437742851251183,0.9113727672519207,0.8495107868570436,0.7735237175121736,0.6909722222222222
developmental_synthetic,review_capacity_low,world_bottleneck-seed-4316497584180809060,item_0015,1,0.9437742851251183,0.9113727672519207,0.8495107868570436,0.7735237175121736,0.6909722222222222
developmental_synthetic,review_capacity_low,world_bottleneck-seed-4316497584180809060,item_0016,1,0.9437742851251183,0.9113727672519207,0.8495107868570436,0.7735237175121736,0.6909722222222222
developmental_synthetic,review_capacity_low,world_bottleneck-seed-4316497584180809060,item_0017,1,0.9437742851251183,0.9113727672519207,0.8495107868570436,0.7735237175121736,0.6909722222222222
developmental_synthetic,review_capacity_low,world_bottleneck-seed-4316497584180809060,item_0018,1,0.9437742851251183,0.9113727672519207,0.8495107868570436,0.7735237175121736,0.6909722222222222
developmental_synthetic,review_capacity_low,world_bottleneck-seed-4316497584180809060,item_0019,1,0.9437742851251183,0.9113727672519207,0.8495107868570436,0.7735237175121736,0.6909722222222222
developmental_synthetic,review_capacity_low,world_bottleneck-seed-4316497584180809060,item_0020,0,0.9437742851251183,0.9113727672519207,0.8495107868570436,0.7735237175121736,0.6909722222222222
developmental_synthetic,review_capacity_low,world_bottleneck-seed-4316497584180809060,item_0021,1,0.9437742851251183,0.9113727672519207,0.8495107868570436,0.7735237175121736,0.6909722222222222
developmental_synthetic,review_capacity_low,world_bottleneck-seed-4316497584180809060,item_0022,1,0.9437742851251183,0.9113727672519207,0.8495107868570436,0.7735237175121736,0.6909722222222222
developmental_synthetic,review_capacity_low,world_bottleneck-seed-4316497584180809060,item_0023,1,0.9437742851251183,0.9113727672519207,0.8495107868570436,0.7735237175121736,0.6909722222222222
developmental_synthetic,review_capacity_low,world_bottleneck-seed-4316497584180809060,item_0024,1,0.9437742851251183,0.9113727672519207,0.8495107868570436,0.7735237175121736,0.6909722222222222
developmental_synthetic,review_capacity_low,world_bottleneck-seed-267805246917825788,item_0001,1,0.9437742851251183,0.9113727672519207,0.8495107868570436,0.7735237175121736,0.6909722222222222
developmental_synthetic,review_capacity_low,world_bottleneck-seed-267805246917825788,item_0002,1,0.9437742851251183,0.9113727672519207,0.8495107868570436,0.7735237175121736,0.6909722222222222
developmental_synthetic,review_capacity_low,world_bottleneck-seed-267805246917825788,item_0003,1,0.9437742851251183,0.9113727672519207,0.8495107868570436,0.7735237175121736,0.6909722222222222
developmental_synthetic,review_capacity_low,world_bottleneck-seed-267805246917825788,item_0004,1,0.9437742851251183,0.9113727672519207,0.8495107868570436,0.7735237175121736,0.6909722222222222
developmental_synthetic,review_capacity_low,world_bottleneck-seed-267805246917825788,item_0005,1,0.9437742851251183,0.9113727672519207,0.8495107868570436,0.7735237175121736,0.6909722222222222
developmental_synthetic,review_capacity_low,world_bottleneck-seed-267805246917825788,item_0006,1,0.9437742851251183,0.9113727672519207,0.8495107868570436,0.7735237175121736,0.6909722222222222
developmental_synthetic,review_capacity_low,world_bottleneck-seed-267805246917825788,item_0007,1,0.9437742851251183,0.9113727672519207,0.8495107868570436,0.7735237175121736,0.6909722222222222
developmental_synthetic,review_capacity_low,world_bottleneck-seed-267805246917825788,item_0008,1,0.9437742851251183,0.9113727672519207,0.8495107868570436,0.7735237175121736,0.6909722222222222
developmental_synthetic,review_capacity_low,world_bottleneck-seed-267805246917825788,item_0009,1,0.9437742851251183,0.9113727672519207,0.8495107868570436,0.7735237175121736,0.6909722222222222
developmental_synthetic,review_capacity_low,world_bottleneck-seed-267805246917825788,item_0010,1,0.9437742851251183,0.9113727672519207,0.8495107868570436,0.7735237175121736,0.6909722222222222
developmental_synthetic,review_capacity_low,world_bottleneck-seed-267805246917825788,item_0011,1,0.9437742851251183,0.9113727672519207,0.8495107868570436,0.7735237175121736,0.6909722222222222
developmental_synthetic,review_capacity_low,world_bottleneck-seed-267805246917825788,item_0012,1,0.9437742851251183,0.9113727672519207,0.8495107868570436,0.7735237175121736,0.6909722222222222
developmental_synthetic,review_capacity_low,world_bottleneck-seed-267805246917825788,item_0013,1,0.9437742851251183,0.9113727672519207,0.8495107868570436,0.7735237175121736,0.6909722222222222
developmental_synthetic,review_capacity_low,world_bottleneck-seed-267805246917825788,item_0014,1,0.9437742851251183,0.9113727672519207,0.8495107868570436,0.7735237175121736,0.6909722222222222
developmental_synthetic,review_capacity_low,world_bottleneck-seed-267805246917825788,item_0015,1,0.9437742851251183,0.9113727672519207,0.8495107868570436,0.7735237175121736,0.6909722222222222
developmental_synthetic,review_capacity_low,world_bottleneck-seed-267805246917825788,item_0016,1,0.9437742851251183,0.9113727672519207,0.8495107868570436,0.7735237175121736,0.6909722222222222
developmental_synthetic,review_capacity_low,world_bottleneck-seed-267805246917825788,item_0017,1,0.9437742851251183,0.9113727672519207,0.8495107868570436,0.7735237175121736,0.6909722222222222
developmental_synthetic,review_capacity_low,world_bottleneck-seed-267805246917825788,item_0018,1,0.9437742851251183,0.9113727672519207,0.8495107868570436,0.7735237175121736,0.6909722222222222
developmental_synthetic,review_capacity_low,world_bottleneck-seed-267805246917825788,item_0019,1,0.9437742851251183,0.9113727672519207,0.8495107868570436,0.7735237175121736,0.6909722222222222
developmental_synthetic,review_capacity_low,world_bottleneck-seed-267805246917825788,item_0020,1,0.9437742851251183,0.9113727672519207,0.8495107868570436,0.7735237175121736,0.6909722222222222
developmental_synthetic,review_capacity_low,world_bottleneck-seed-267805246917825788,item_0021,1,0.9437742851251183,0.9113727672519207,0.8495107868570436,0.7735237175121736,0.6909722222222222
developmental_synthetic,review_capacity_low,world_bottleneck-seed-267805246917825788,item_0022,1,0.9437742851251183,0.9113727672519207,0.8495107868570436,0.7735237175121736,0.6909722222222222
developmental_synthetic,review_capacity_low,world_bottleneck-seed-267805246917825788,item_0023,1,0.9437742851251183,0.9113727672519207,0.8495107868570436,0.7735237175121736,0.6909722222222222
developmental_synthetic,review_capacity_low,world_bottleneck-seed-267805246917825788,item_0024,1,0.9437742851251183,0.9113727672519207,0.8495107868570436,0.7735237175121736,0.6909722222222222
developmental_synthetic,review_capacity_low,world_bottleneck-seed-5323512391870954056,item_0001,1,0.9437742851251183,0.9113727672519207,0.8495107868570436,0.7735237175121736,0.6909722222222222
developmental_synthetic,review_capacity_low,world_bottleneck-seed-5323512391870954056,item_0002,0,0.9437742851251183,0.9113727672519207,0.8495107868570436,0.7735237175121736,0.6909722222222222
developmental_synthetic,review_capacity_low,world_bottleneck-seed-5323512391870954056,item_0003,1,0.9437742851251183,0.9113727672519207,0.8495107868570436,0.7735237175121736,0.6909722222222222
developmental_synthetic,review_capacity_low,world_bottleneck-seed-5323512391870954056,item_0004,1,0.9437742851251183,0.9113727672519207,0.8495107868570436,0.7735237175121736,0.6909722222222222
developmental_synthetic,review_capacity_low,world_bottleneck-seed-5323512391870954056,item_0005,1,0.9437742851251183,0.9113727672519207,0.8495107868570436,0.7735237175121736,0.6909722222222222
developmental_synthetic,review_capacity_low,world_bottleneck-seed-5323512391870954056,item_0006,1,0.9437742851251183,0.9113727672519207,0.8495107868570436,0.7735237175121736,0.6909722222222222
developmental_synthetic,review_capacity_low,world_bottleneck-seed-5323512391870954056,item_0007,1,0.9437742851251183,0.9113727672519207,0.8495107868570436,0.7735237175121736,0.6909722222222222
developmental_synthetic,review_capacity_low,world_bottleneck-seed-5323512391870954056,item_0008,1,0.9437742851251183,0.9113727672519207,0.8495107868570436,0.7735237175121736,0.6909722222222222
developmental_synthetic,review_capacity_low,world_bottleneck-seed-5323512391870954056,item_0009,1,0.9437742851251183,0.9113727672519207,0.8495107868570436,0.7735237175121736,0.6909722222222222
developmental_synthetic,review_capacity_low,world_bottleneck-seed-5323512391870954056,item_0010,1,0.9437742851251183,0.9113727672519207,0.8495107868570436,0.7735237175121736,0.6909722222222222
developmental_synthetic,review_capacity_low,world_bottleneck-seed-5323512391870954056,item_0011,1,0.9437742851251183,0.9113727672519207,0.8495107868570436,0.7735237175121736,0.6909722222222222
developmental_synthetic,review_capacity_low,world_bottleneck-seed-5323512391870954056,item_0012,1,0.9437742851251183,0.9113727672519207,0.8495107868570436,0.7735237175121736,0.6909722222222222
developmental_synthetic,review_capacity_low,world_bottleneck-seed-5323512391870954056,item_0013,1,0.9437742851251183,0.9113727672519207,0.8495107868570436,0.7735237175121736,0.6909722222222222
developmental_synthetic,review_capacity_low,world_bottleneck-seed-5323512391870954056,item_0014,1,0.9437742851251183,0.9113727672519207,0.8495107868570436,0.7735237175121736,0.6909722222222222
developmental_synthetic,review_capacity_low,world_bottleneck-seed-5323512391870954056,item_0015,1,0.9437742851251183,0.9113727672519207,0.8495107868570436,0.7735237175121736,0.6909722222222222
developmental_synthetic,review_capacity_low,world_bottleneck-seed-5323512391870954056,item_0016,1,0.9437742851251183,0.9113727672519207,0.8495107868570436,0.7735237175121736,0.6909722222222222
developmental_synthetic,review_capacity_low,world_bottleneck-seed-5323512391870954056,item_0017,1,0.9437742851251183,0.9113727672519207,0.8495107868570436,0.7735237175121736,0.6909722222222222
developmental_synthetic,review_capacity_low,world_bottleneck-seed-5323512391870954056,item_0018,1,0.9437742851251183,0.9113727672519207,0.8495107868570436,0.7735237175121736,0.6909722222222222
developmental_synthetic,review_capacity_low,world_bottleneck-seed-5323512391870954056,item_0019,1,0.9437742851251183,0.9113727672519207,0.8495107868570436,0.7735237175121736,0.6909722222222222
developmental_synthetic,review_capacity_low,world_bottleneck-seed-5323512391870954056,item_0020,1,0.9437742851251183,0.9113727672519207,0.8495107868570436,0.7735237175121736,0.6909722222222222
developmental_synthetic,review_capacity_low,world_bottleneck-seed-5323512391870954056,item_0021,1,0.9437742851251183,0.9113727672519207,0.8495107868570436,0.7735237175121736,0.6909722222222222
developmental_synthetic,review_capacity_low,world_bottleneck-seed-5323512391870954056,item_0022,1,0.9437742851251183,0.9113727672519207,0.8495107868570436,0.7735237175121736,0.6909722222222222
developmental_synthetic,review_capacity_low,world_bottleneck-seed-5323512391870954056,item_0023,1,0.9437742851251183,0.9113727672519207,0.8495107868570436,0.7735237175121736,0.6909722222222222
developmental_synthetic,review_capacity_low,world_bottleneck-seed-5323512391870954056,item_0024,1,0.9437742851251183,0.9113727672519207,0.8495107868570436,0.7735237175121736,0.6909722222222222
developmental_synthetic,review_capacity_low,world_bottleneck-seed-1172434494149480746,item_0001,0,0.9437742851251183,0.9113727672519207,0.8495107868570436,0.7735237175121736,0.6909722222222222
developmental_synthetic,review_capacity_low,world_bottleneck-seed-1172434494149480746,item_0002,0,0.9437742851251183,0.9113727672519207,0.8495107868570436,0.7735237175121736,0.6909722222222222
developmental_synthetic,review_capacity_low,world_bottleneck-seed-1172434494149480746,item_0003,1,0.9437742851251183,0.9113727672519207,0.8495107868570436,0.7735237175121736,0.6909722222222222
developmental_synthetic,review_capacity_low,world_bottleneck-seed-1172434494149480746,item_0004,0,0.9437742851251183,0.9113727672519207,0.8495107868570436,0.7735237175121736,0.6909722222222222
developmental_synthetic,review_capacity_low,world_bottleneck-seed-1172434494149480746,item_0005,1,0.9437742851251183,0.9113727672519207,0.8495107868570436,0.7735237175121736,0.6909722222222222
developmental_synthetic,review_capacity_low,world_bottleneck-seed-1172434494149480746,item_0006,0,0.9437742851251183,0.9113727672519207,0.8495107868570436,0.7735237175121736,0.6909722222222222
developmental_synthetic,review_capacity_low,world_bottleneck-seed-1172434494149480746,item_0007,0,0.9437742851251183,0.9113727672519207,0.8495107868570436,0.7735237175121736,0.6909722222222222
developmental_synthetic,review_capacity_low,world_bottleneck-seed-1172434494149480746,item_0008,0,0.9437742851251183,0.9113727672519207,0.8495107868570436,0.7735237175121736,0.6909722222222222
developmental_synthetic,review_capacity_low,world_bottleneck-seed-1172434494149480746,item_0009,1,0.9437742851251183,0.9113727672519207,0.8495107868570436,0.7735237175121736,0.6909722222222222
developmental_synthetic,review_capacity_low,world_bottleneck-seed-1172434494149480746,item_0010,0,0.9437742851251183,0.9113727672519207,0.8495107868570436,0.7735237175121736,0.6909722222222222
developmental_synthetic,review_capacity_low,world_bottleneck-seed-1172434494149480746,item_0011,1,0.9437742851251183,0.9113727672519207,0.8495107868570436,0.7735237175121736,0.6909722222222222
developmental_synthetic,review_capacity_low,world_bottleneck-seed-1172434494149480746,item_0012,0,0.9437742851251183,0.9113727672519207,0.8495107868570436,0.7735237175121736,0.6909722222222222
developmental_synthetic,review_capacity_low,world_bottleneck-seed-1172434494149480746,item_0013,1,0.9437742851251183,0.9113727672519207,0.8495107868570436,0.7735237175121736,0.6909722222222222
developmental_synthetic,review_capacity_low,world_bottleneck-seed-1172434494149480746,item_0014,0,0.9437742851251183,0.9113727672519207,0.8495107868570436,0.7735237175121736,0.6909722222222222
developmental_synthetic,review_capacity_low,world_bottleneck-seed-1172434494149480746,item_0015,1,0.9437742851251183,0.9113727672519207,0.8495107868570436,0.7735237175121736,0.6909722222222222
developmental_synthetic,review_capacity_low,world_bottleneck-seed-1172434494149480746,item_0016,0,0.9437742851251183,0.9113727672519207,0.8495107868570436,0.7735237175121736,0.6909722222222222
developmental_synthetic,review_capacity_low,world_bottleneck-seed-1172434494149480746,item_0017,1,0.9437742851251183,0.9113727672519207,0.8495107868570436,0.7735237175121736,0.6909722222222222
developmental_synthetic,review_capacity_low,world_bottleneck-seed-1172434494149480746,item_0018,0,0.9437742851251183,0.9113727672519207,0.8495107868570436,0.7735237175121736,0.6909722222222222
developmental_synthetic,review_capacity_low,world_bottleneck-seed-1172434494149480746,item_0019,1,0.9437742851251183,0.9113727672519207,0.8495107868570436,0.7735237175121736,0.6909722222222222
developmental_synthetic,review_capacity_low,world_bottleneck-seed-1172434494149480746,item_0020,0,0.9437742851251183,0.9113727672519207,0.8495107868570436,0.7735237175121736,0.6909722222222222
developmental_synthetic,review_capacity_low,world_bottleneck-seed-1172434494149480746,item_0021,1,0.9437742851251183,0.9113727672519207,0.8495107868570436,0.7735237175121736,0.6909722222222222
developmental_synthetic,review_capacity_low,world_bottleneck-seed-1172434494149480746,item_0022,0,0.9437742851251183,0.9113727672519207,0.8495107868570436,0.7735237175121736,0.6909722222222222
developmental_synthetic,review_capacity_low,world_bottleneck-seed-1172434494149480746,item_0023,1,0.9437742851251183,0.9113727672519207,0.8495107868570436,0.7735237175121736,0.6909722222222222
developmental_synthetic,review_capacity_low,world_bottleneck-seed-1172434494149480746,item_0024,0,0.9437742851251183,0.9113727672519207,0.8495107868570436,0.7735237175121736,0.6909722222222222
developmental_synthetic,review_capacity_low,world_bottleneck-seed-5726125126166933359,item_0001,1,0.9437742851251183,0.9113727672519207,0.8495107868570436,0.7735237175121736,0.6909722222222222
developmental_synthetic,review_capacity_low,world_bottleneck-seed-5726125126166933359,item_0002,0,0.9437742851251183,0.9113727672519207,0.8495107868570436,0.7735237175121736,0.6909722222222222
developmental_synthetic,review_capacity_low,world_bottleneck-seed-5726125126166933359,item_0003,1,0.9437742851251183,0.9113727672519207,0.8495107868570436,0.7735237175121736,0.6909722222222222
developmental_synthetic,review_capacity_low,world_bottleneck-seed-5726125126166933359,item_0004,0,0.9437742851251183,0.9113727672519207,0.8495107868570436,0.7735237175121736,0.6909722222222222
developmental_synthetic,review_capacity_low,world_bottleneck-seed-5726125126166933359,item_0005,0,0.9437742851251183,0.9113727672519207,0.8495107868570436,0.7735237175121736,0.6909722222222222
developmental_synthetic,review_capacity_low,world_bottleneck-seed-5726125126166933359,item_0006,0,0.9437742851251183,0.9113727672519207,0.8495107868570436,0.7735237175121736,0.6909722222222222
developmental_synthetic,review_capacity_low,world_bottleneck-seed-5726125126166933359,item_0007,1,0.9437742851251183,0.9113727672519207,0.8495107868570436,0.7735237175121736,0.6909722222222222
developmental_synthetic,review_capacity_low,world_bottleneck-seed-5726125126166933359,item_0008,0,0.9437742851251183,0.9113727672519207,0.8495107868570436,0.7735237175121736,0.6909722222222222
developmental_synthetic,review_capacity_low,world_bottleneck-seed-5726125126166933359,item_0009,1,0.9437742851251183,0.9113727672519207,0.8495107868570436,0.7735237175121736,0.6909722222222222
developmental_synthetic,review_capacity_low,world_bottleneck-seed-5726125126166933359,item_0010,0,0.9437742851251183,0.9113727672519207,0.8495107868570436,0.7735237175121736,0.6909722222222222
developmental_synthetic,review_capacity_low,world_bottleneck-seed-5726125126166933359,item_0011,1,0.9437742851251183,0.9113727672519207,0.8495107868570436,0.7735237175121736,0.6909722222222222
developmental_synthetic,review_capacity_low,world_bottleneck-seed-5726125126166933359,item_0012,0,0.9437742851251183,0.9113727672519207,0.8495107868570436,0.7735237175121736,0.6909722222222222
developmental_synthetic,review_capacity_low,world_bottleneck-seed-5726125126166933359,item_0013,1,0.9437742851251183,0.9113727672519207,0.8495107868570436,0.7735237175121736,0.6909722222222222
developmental_synthetic,review_capacity_low,world_bottleneck-seed-5726125126166933359,item_0014,0,0.9437742851251183,0.9113727672519207,0.8495107868570436,0.7735237175121736,0.6909722222222222
developmental_synthetic,review_capacity_low,world_bottleneck-seed-5726125126166933359,item_0015,1,0.9437742851251183,0.9113727672519207,0.8495107868570436,0.7735237175121736,0.6909722222222222
developmental_synthetic,review_capacity_low,world_bottleneck-seed-5726125126166933359,item_0016,0,0.9437742851251183,0.9113727672519207,0.8495107868570436,0.7735237175121736,0.6909722222222222
developmental_synthetic,review_capacity_low,world_bottleneck-seed-5726125126166933359,item_0017,1,0.9437742851251183,0.9113727672519207,0.8495107868570436,0.7735237175121736,0.6909722222222222
developmental_synthetic,review_capacity_low,world_bottleneck-seed-5726125126166933359,item_0018,0,0.9437742851251183,0.9113727672519207,0.8495107868570436,0.7735237175121736,0.6909722222222222
developmental_synthetic,review_capacity_low,world_bottleneck-seed-5726125126166933359,item_0019,1,0.9437742851251183,0.9113727672519207,0.8495107868570436,0.7735237175121736,0.6909722222222222
developmental_synthetic,review_capacity_low,world_bottleneck-seed-5726125126166933359,item_0020,0,0.9437742851251183,0.9113727672519207,0.8495107868570436,0.7735237175121736,0.6909722222222222
developmental_synthetic,review_capacity_low,world_bottleneck-seed-5726125126166933359,item_0021,1,0.9437742851251183,0.9113727672519207,0.8495107868570436,0.7735237175121736,0.6909722222222222
developmental_synthetic,review_capacity_low,world_bottleneck-seed-5726125126166933359,item_0022,0,0.9437742851251183,0.9113727672519207,0.8495107868570436,0.7735237175121736,0.6909722222222222
developmental_synthetic,review_capacity_low,world_bottleneck-seed-5726125126166933359,item_0023,1,0.9437742851251183,0.9113727672519207,0.8495107868570436,0.7735237175121736,0.6909722222222222
developmental_synthetic,review_capacity_low,world_bottleneck-seed-5726125126166933359,item_0024,0,0.9437742851251183,0.9113727672519207,0.8495107868570436,0.7735237175121736,0.6909722222222222
developmental_synthetic,review_capacity_low,world_bottleneck-seed-319014136358887567,item_0001,1,0.9437742851251183,0.9113727672519207,0.8495107868570436,0.7735237175121736,0.6909722222222222
developmental_synthetic,review_capacity_low,world_bottleneck-seed-319014136358887567,item_0002,0,0.9437742851251183,0.9113727672519207,0.8495107868570436,0.7735237175121736,0.6909722222222222
developmental_synthetic,review_capacity_low,world_bottleneck-seed-319014136358887567,item_0003,1,0.9437742851251183,0.9113727672519207,0.8495107868570436,0.7735237175121736,0.6909722222222222
developmental_synthetic,review_capacity_low,world_bottleneck-seed-319014136358887567,item_0004,0,0.9437742851251183,0.9113727672519207,0.8495107868570436,0.7735237175121736,0.6909722222222222
developmental_synthetic,review_capacity_low,world_bottleneck-seed-319014136358887567,item_0005,1,0.9437742851251183,0.9113727672519207,0.8495107868570436,0.7735237175121736,0.6909722222222222
developmental_synthetic,review_capacity_low,world_bottleneck-seed-319014136358887567,item_0006,0,0.9437742851251183,0.9113727672519207,0.8495107868570436,0.7735237175121736,0.6909722222222222
developmental_synthetic,review_capacity_low,world_bottleneck-seed-319014136358887567,item_0007,1,0.9437742851251183,0.9113727672519207,0.8495107868570436,0.7735237175121736,0.6909722222222222
developmental_synthetic,review_capacity_low,world_bottleneck-seed-319014136358887567,item_0008,0,0.9437742851251183,0.9113727672519207,0.8495107868570436,0.7735237175121736,0.6909722222222222
developmental_synthetic,review_capacity_low,world_bottleneck-seed-319014136358887567,item_0009,1,0.9437742851251183,0.9113727672519207,0.8495107868570436,0.7735237175121736,0.6909722222222222
developmental_synthetic,review_capacity_low,world_bottleneck-seed-319014136358887567,item_0010,0,0.9437742851251183,0.9113727672519207,0.8495107868570436,0.7735237175121736,0.6909722222222222
developmental_synthetic,review_capacity_low,world_bottleneck-seed-319014136358887567,item_0011,1,0.9437742851251183,0.9113727672519207,0.8495107868570436,0.7735237175121736,0.6909722222222222
developmental_synthetic,review_capacity_low,world_bottleneck-seed-319014136358887567,item_0012,0,0.9437742851251183,0.9113727672519207,0.8495107868570436,0.7735237175121736,0.6909722222222222
developmental_synthetic,review_capacity_low,world_bottleneck-seed-319014136358887567,item_0013,1,0.9437742851251183,0.9113727672519207,0.8495107868570436,0.7735237175121736,0.6909722222222222
developmental_synthetic,review_capacity_low,world_bottleneck-seed-319014136358887567,item_0014,0,0.9437742851251183,0.9113727672519207,0.8495107868570436,0.7735237175121736,0.6909722222222222
developmental_synthetic,review_capacity_low,world_bottleneck-seed-319014136358887567,item_0015,0,0.9437742851251183,0.9113727672519207,0.8495107868570436,0.7735237175121736,0.6909722222222222
developmental_synthetic,review_capacity_low,world_bottleneck-seed-319014136358887567,item_0016,0,0.9437742851251183,0.9113727672519207,0.8495107868570436,0.7735237175121736,0.6909722222222222
developmental_synthetic,review_capacity_low,world_bottleneck-seed-319014136358887567,item_0017,1,0.9437742851251183,0.9113727672519207,0.8495107868570436,0.7735237175121736,0.6909722222222222
developmental_synthetic,review_capacity_low,world_bottleneck-seed-319014136358887567,item_0018,0,0.9437742851251183,0.9113727672519207,0.8495107868570436,0.7735237175121736,0.6909722222222222
developmental_synthetic,review_capacity_low,world_bottleneck-seed-319014136358887567,item_0019,1,0.9437742851251183,0.9113727672519207,0.8495107868570436,0.7735237175121736,0.6909722222222222
developmental_synthetic,review_capacity_low,world_bottleneck-seed-319014136358887567,item_0020,0,0.9437742851251183,0.9113727672519207,0.8495107868570436,0.7735237175121736,0.6909722222222222
developmental_synthetic,review_capacity_low,world_bottleneck-seed-319014136358887567,item_0021,1,0.9437742851251183,0.9113727672519207,0.8495107868570436,0.7735237175121736,0.6909722222222222
developmental_synthetic,review_capacity_low,world_bottleneck-seed-319014136358887567,item_0022,0,0.9437742851251183,0.9113727672519207,0.8495107868570436,0.7735237175121736,0.6909722222222222
developmental_synthetic,review_capacity_low,world_bottleneck-seed-319014136358887567,item_0023,1,0.9437742851251183,0.9113727672519207,0.8495107868570436,0.7735237175121736,0.6909722222222222
developmental_synthetic,review_capacity_low,world_bottleneck-seed-319014136358887567,item_0024,0,0.9437742851251183,0.9113727672519207,0.8495107868570436,0.7735237175121736,0.6909722222222222
developmental_synthetic,review_capacity_low,world_bottleneck-seed-3209872604180264923,item_0001,1,0.9437742851251183,0.9113727672519207,0.8495107868570436,0.7735237175121736,0.6909722222222222
developmental_synthetic,review_capacity_low,world_bottleneck-seed-3209872604180264923,item_0002,0,0.9437742851251183,0.9113727672519207,0.8495107868570436,0.7735237175121736,0.6909722222222222
developmental_synthetic,review_capacity_low,world_bottleneck-seed-3209872604180264923,item_0003,1,0.9437742851251183,0.9113727672519207,0.8495107868570436,0.7735237175121736,0.6909722222222222
developmental_synthetic,review_capacity_low,world_bottleneck-seed-3209872604180264923,item_0004,0,0.9437742851251183,0.9113727672519207,0.8495107868570436,0.7735237175121736,0.6909722222222222
developmental_synthetic,review_capacity_low,world_bottleneck-seed-3209872604180264923,item_0005,1,0.9437742851251183,0.9113727672519207,0.8495107868570436,0.7735237175121736,0.6909722222222222
developmental_synthetic,review_capacity_low,world_bottleneck-seed-3209872604180264923,item_0006,0,0.9437742851251183,0.9113727672519207,0.8495107868570436,0.7735237175121736,0.6909722222222222
developmental_synthetic,review_capacity_low,world_bottleneck-seed-3209872604180264923,item_0007,1,0.9437742851251183,0.9113727672519207,0.8495107868570436,0.7735237175121736,0.6909722222222222
developmental_synthetic,review_capacity_low,world_bottleneck-seed-3209872604180264923,item_0008,0,0.9437742851251183,0.9113727672519207,0.8495107868570436,0.7735237175121736,0.6909722222222222
developmental_synthetic,review_capacity_low,world_bottleneck-seed-3209872604180264923,item_0009,1,0.9437742851251183,0.9113727672519207,0.8495107868570436,0.7735237175121736,0.6909722222222222
developmental_synthetic,review_capacity_low,world_bottleneck-seed-3209872604180264923,item_0010,0,0.9437742851251183,0.9113727672519207,0.8495107868570436,0.7735237175121736,0.6909722222222222
developmental_synthetic,review_capacity_low,world_bottleneck-seed-3209872604180264923,item_0011,1,0.9437742851251183,0.9113727672519207,0.8495107868570436,0.7735237175121736,0.6909722222222222
developmental_synthetic,review_capacity_low,world_bottleneck-seed-3209872604180264923,item_0012,0,0.9437742851251183,0.9113727672519207,0.8495107868570436,0.7735237175121736,0.6909722222222222
developmental_synthetic,review_capacity_low,world_bottleneck-seed-3209872604180264923,item_0013,0,0.9437742851251183,0.9113727672519207,0.8495107868570436,0.7735237175121736,0.6909722222222222
developmental_synthetic,review_capacity_low,world_bottleneck-seed-3209872604180264923,item_0014,0,0.9437742851251183,0.9113727672519207,0.8495107868570436,0.7735237175121736,0.6909722222222222
developmental_synthetic,review_capacity_low,world_bottleneck-seed-3209872604180264923,item_0015,1,0.9437742851251183,0.9113727672519207,0.8495107868570436,0.7735237175121736,0.6909722222222222
developmental_synthetic,review_capacity_low,world_bottleneck-seed-3209872604180264923,item_0016,0,0.9437742851251183,0.9113727672519207,0.8495107868570436,0.7735237175121736,0.6909722222222222
developmental_synthetic,review_capacity_low,world_bottleneck-seed-3209872604180264923,item_0017,1,0.9437742851251183,0.9113727672519207,0.8495107868570436,0.7735237175121736,0.6909722222222222
developmental_synthetic,review_capacity_low,world_bottleneck-seed-3209872604180264923,item_0018,0,0.9437742851251183,0.9113727672519207,0.8495107868570436,0.7735237175121736,0.6909722222222222
developmental_synthetic,review_capacity_low,world_bottleneck-seed-3209872604180264923,item_0019,1,0.9437742851251183,0.9113727672519207,0.8495107868570436,0.7735237175121736,0.6909722222222222
developmental_synthetic,review_capacity_low,world_bottleneck-seed-3209872604180264923,item_0020,0,0.9437742851251183,0.9113727672519207,0.8495107868570436,0.7735237175121736,0.6909722222222222
developmental_synthetic,review_capacity_low,world_bottleneck-seed-3209872604180264923,item_0021,1,0.9437742851251183,0.9113727672519207,0.8495107868570436,0.7735237175121736,0.6909722222222222
developmental_synthetic,review_capacity_low,world_bottleneck-seed-3209872604180264923,item_0022,0,0.9437742851251183,0.9113727672519207,0.8495107868570436,0.7735237175121736,0.6909722222222222
developmental_synthetic,review_capacity_low,world_bottleneck-seed-3209872604180264923,item_0023,1,0.9437742851251183,0.9113727672519207,0.8495107868570436,0.7735237175121736,0.6909722222222222
developmental_synthetic,review_capacity_low,world_bottleneck-seed-3209872604180264923,item_0024,0,0.9437742851251183,0.9113727672519207,0.8495107868570436,0.7735237175121736,0.6909722222222222
developmental_synthetic,review_capacity_low,world_bottleneck-seed-6784579373204956173,item_0001,1,0.9437742851251183,0.9113727672519207,0.8495107868570436,0.7735237175121736,0.6909722222222222
developmental_synthetic,review_capacity_low,world_bottleneck-seed-6784579373204956173,item_0002,0,0.9437742851251183,0.9113727672519207,0.8495107868570436,0.7735237175121736,0.6909722222222222
developmental_synthetic,review_capacity_low,world_bottleneck-seed-6784579373204956173,item_0003,1,0.9437742851251183,0.9113727672519207,0.8495107868570436,0.7735237175121736,0.6909722222222222
developmental_synthetic,review_capacity_low,world_bottleneck-seed-6784579373204956173,item_0004,0,0.9437742851251183,0.9113727672519207,0.8495107868570436,0.7735237175121736,0.6909722222222222
developmental_synthetic,review_capacity_low,world_bottleneck-seed-6784579373204956173,item_0005,1,0.9437742851251183,0.9113727672519207,0.8495107868570436,0.7735237175121736,0.6909722222222222
developmental_synthetic,review_capacity_low,world_bottleneck-seed-6784579373204956173,item_0006,0,0.9437742851251183,0.9113727672519207,0.8495107868570436,0.7735237175121736,0.6909722222222222
developmental_synthetic,review_capacity_low,world_bottleneck-seed-6784579373204956173,item_0007,1,0.9437742851251183,0.9113727672519207,0.8495107868570436,0.7735237175121736,0.6909722222222222
developmental_synthetic,review_capacity_low,world_bottleneck-seed-6784579373204956173,item_0008,0,0.9437742851251183,0.9113727672519207,0.8495107868570436,0.7735237175121736,0.6909722222222222
developmental_synthetic,review_capacity_low,world_bottleneck-seed-6784579373204956173,item_0009,1,0.9437742851251183,0.9113727672519207,0.8495107868570436,0.7735237175121736,0.6909722222222222
developmental_synthetic,review_capacity_low,world_bottleneck-seed-6784579373204956173,item_0010,0,0.9437742851251183,0.9113727672519207,0.8495107868570436,0.7735237175121736,0.6909722222222222
developmental_synthetic,review_capacity_low,world_bottleneck-seed-6784579373204956173,item_0011,1,0.9437742851251183,0.9113727672519207,0.8495107868570436,0.7735237175121736,0.6909722222222222
developmental_synthetic,review_capacity_low,world_bottleneck-seed-6784579373204956173,item_0012,0,0.9437742851251183,0.9113727672519207,0.8495107868570436,0.7735237175121736,0.6909722222222222
developmental_synthetic,review_capacity_low,world_bottleneck-seed-6784579373204956173,item_0013,1,0.9437742851251183,0.9113727672519207,0.8495107868570436,0.7735237175121736,0.6909722222222222
developmental_synthetic,review_capacity_low,world_bottleneck-seed-6784579373204956173,item_0014,0,0.9437742851251183,0.9113727672519207,0.8495107868570436,0.7735237175121736,0.6909722222222222
developmental_synthetic,review_capacity_low,world_bottleneck-seed-6784579373204956173,item_0015,1,0.9437742851251183,0.9113727672519207,0.8495107868570436,0.7735237175121736,0.6909722222222222
developmental_synthetic,review_capacity_low,world_bottleneck-seed-6784579373204956173,item_0016,0,0.9437742851251183,0.9113727672519207,0.8495107868570436,0.7735237175121736,0.6909722222222222
developmental_synthetic,review_capacity_low,world_bottleneck-seed-6784579373204956173,item_0017,1,0.9437742851251183,0.9113727672519207,0.8495107868570436,0.7735237175121736,0.6909722222222222
developmental_synthetic,review_capacity_low,world_bottleneck-seed-6784579373204956173,item_0018,0,0.9437742851251183,0.9113727672519207,0.8495107868570436,0.7735237175121736,0.6909722222222222
developmental_synthetic,review_capacity_low,world_bottleneck-seed-6784579373204956173,item_0019,1,0.9437742851251183,0.9113727672519207,0.8495107868570436,0.7735237175121736,0.6909722222222222
developmental_synthetic,review_capacity_low,world_bottleneck-seed-6784579373204956173,item_0020,0,0.9437742851251183,0.9113727672519207,0.8495107868570436,0.7735237175121736,0.6909722222222222
developmental_synthetic,review_capacity_low,world_bottleneck-seed-6784579373204956173,item_0021,0,0.9437742851251183,0.9113727672519207,0.8495107868570436,0.7735237175121736,0.6909722222222222
developmental_synthetic,review_capacity_low,world_bottleneck-seed-6784579373204956173,item_0022,0,0.9437742851251183,0.9113727672519207,0.8495107868570436,0.7735237175121736,0.6909722222222222
developmental_synthetic,review_capacity_low,world_bottleneck-seed-6784579373204956173,item_0023,1,0.9437742851251183,0.9113727672519207,0.8495107868570436,0.7735237175121736,0.6909722222222222
developmental_synthetic,review_capacity_low,world_bottleneck-seed-6784579373204956173,item_0024,0,0.9437742851251183,0.9113727672519207,0.8495107868570436,0.7735237175121736,0.6909722222222222
developmental_synthetic,review_capacity_low,world_bottleneck-seed-4191090533071896547,item_0001,1,0.9437742851251183,0.9113727672519207,0.8495107868570436,0.7735237175121736,0.6909722222222222
developmental_synthetic,review_capacity_low,world_bottleneck-seed-4191090533071896547,item_0002,1,0.9437742851251183,0.9113727672519207,0.8495107868570436,0.7735237175121736,0.6909722222222222
developmental_synthetic,review_capacity_low,world_bottleneck-seed-4191090533071896547,item_0003,1,0.9437742851251183,0.9113727672519207,0.8495107868570436,0.7735237175121736,0.6909722222222222
developmental_synthetic,review_capacity_low,world_bottleneck-seed-4191090533071896547,item_0004,1,0.9437742851251183,0.9113727672519207,0.8495107868570436,0.7735237175121736,0.6909722222222222
developmental_synthetic,review_capacity_low,world_bottleneck-seed-4191090533071896547,item_0005,1,0.9437742851251183,0.9113727672519207,0.8495107868570436,0.7735237175121736,0.6909722222222222
developmental_synthetic,review_capacity_low,world_bottleneck-seed-4191090533071896547,item_0006,1,0.9437742851251183,0.9113727672519207,0.8495107868570436,0.7735237175121736,0.6909722222222222
developmental_synthetic,review_capacity_low,world_bottleneck-seed-4191090533071896547,item_0007,1,0.9437742851251183,0.9113727672519207,0.8495107868570436,0.7735237175121736,0.6909722222222222
developmental_synthetic,review_capacity_low,world_bottleneck-seed-4191090533071896547,item_0008,1,0.9437742851251183,0.9113727672519207,0.8495107868570436,0.7735237175121736,0.6909722222222222
developmental_synthetic,review_capacity_low,world_bottleneck-seed-4191090533071896547,item_0009,1,0.9437742851251183,0.9113727672519207,0.8495107868570436,0.7735237175121736,0.6909722222222222
developmental_synthetic,review_capacity_low,world_bottleneck-seed-4191090533071896547,item_0010,1,0.9437742851251183,0.9113727672519207,0.8495107868570436,0.7735237175121736,0.6909722222222222
developmental_synthetic,review_capacity_low,world_bottleneck-seed-4191090533071896547,item_0011,1,0.9437742851251183,0.9113727672519207,0.8495107868570436,0.7735237175121736,0.6909722222222222
developmental_synthetic,review_capacity_low,world_bottleneck-seed-4191090533071896547,item_0012,1,0.9437742851251183,0.9113727672519207,0.8495107868570436,0.7735237175121736,0.6909722222222222
developmental_synthetic,review_capacity_low,world_bottleneck-seed-4191090533071896547,item_0013,1,0.9437742851251183,0.9113727672519207,0.8495107868570436,0.7735237175121736,0.6909722222222222
developmental_synthetic,review_capacity_low,world_bottleneck-seed-4191090533071896547,item_0014,1,0.9437742851251183,0.9113727672519207,0.8495107868570436,0.7735237175121736,0.6909722222222222
developmental_synthetic,review_capacity_low,world_bottleneck-seed-4191090533071896547,item_0015,1,0.9437742851251183,0.9113727672519207,0.8495107868570436,0.7735237175121736,0.6909722222222222
developmental_synthetic,review_capacity_low,world_bottleneck-seed-4191090533071896547,item_0016,1,0.9437742851251183,0.9113727672519207,0.8495107868570436,0.7735237175121736,0.6909722222222222
developmental_synthetic,review_capacity_low,world_bottleneck-seed-4191090533071896547,item_0017,1,0.9437742851251183,0.9113727672519207,0.8495107868570436,0.7735237175121736,0.6909722222222222
developmental_synthetic,review_capacity_low,world_bottleneck-seed-4191090533071896547,item_0018,1,0.9437742851251183,0.9113727672519207,0.8495107868570436,0.7735237175121736,0.6909722222222222
developmental_synthetic,review_capacity_low,world_bottleneck-seed-4191090533071896547,item_0019,1,0.9437742851251183,0.9113727672519207,0.8495107868570436,0.7735237175121736,0.6909722222222222
developmental_synthetic,review_capacity_low,world_bottleneck-seed-4191090533071896547,item_0020,1,0.9437742851251183,0.9113727672519207,0.8495107868570436,0.7735237175121736,0.6909722222222222
developmental_synthetic,review_capacity_low,world_bottleneck-seed-4191090533071896547,item_0021,1,0.9437742851251183,0.9113727672519207,0.8495107868570436,0.7735237175121736,0.6909722222222222
developmental_synthetic,review_capacity_low,world_bottleneck-seed-4191090533071896547,item_0022,1,0.9437742851251183,0.9113727672519207,0.8495107868570436,0.7735237175121736,0.6909722222222222
developmental_synthetic,review_capacity_low,world_bottleneck-seed-4191090533071896547,item_0023,1,0.9437742851251183,0.9113727672519207,0.8495107868570436,0.7735237175121736,0.6909722222222222
developmental_synthetic,review_capacity_low,world_bottleneck-seed-4191090533071896547,item_0024,1,0.9437742851251183,0.9113727672519207,0.8495107868570436,0.7735237175121736,0.6909722222222222
developmental_synthetic,review_capacity_low,world_bottleneck-seed-9117653556647870869,item_0001,1,0.9437742851251183,0.9113727672519207,0.8495107868570436,0.7735237175121736,0.6909722222222222
developmental_synthetic,review_capacity_low,world_bottleneck-seed-9117653556647870869,item_0002,1,0.9437742851251183,0.9113727672519207,0.8495107868570436,0.7735237175121736,0.6909722222222222
developmental_synthetic,review_capacity_low,world_bottleneck-seed-9117653556647870869,item_0003,1,0.9437742851251183,0.9113727672519207,0.8495107868570436,0.7735237175121736,0.6909722222222222
developmental_synthetic,review_capacity_low,world_bottleneck-seed-9117653556647870869,item_0004,1,0.9437742851251183,0.9113727672519207,0.8495107868570436,0.7735237175121736,0.6909722222222222
developmental_synthetic,review_capacity_low,world_bottleneck-seed-9117653556647870869,item_0005,1,0.9437742851251183,0.9113727672519207,0.8495107868570436,0.7735237175121736,0.6909722222222222
developmental_synthetic,review_capacity_low,world_bottleneck-seed-9117653556647870869,item_0006,1,0.9437742851251183,0.9113727672519207,0.8495107868570436,0.7735237175121736,0.6909722222222222
developmental_synthetic,review_capacity_low,world_bottleneck-seed-9117653556647870869,item_0007,1,0.9437742851251183,0.9113727672519207,0.8495107868570436,0.7735237175121736,0.6909722222222222
developmental_synthetic,review_capacity_low,world_bottleneck-seed-9117653556647870869,item_0008,1,0.9437742851251183,0.9113727672519207,0.8495107868570436,0.7735237175121736,0.6909722222222222
developmental_synthetic,review_capacity_low,world_bottleneck-seed-9117653556647870869,item_0009,1,0.9437742851251183,0.9113727672519207,0.8495107868570436,0.7735237175121736,0.6909722222222222
developmental_synthetic,review_capacity_low,world_bottleneck-seed-9117653556647870869,item_0010,1,0.9437742851251183,0.9113727672519207,0.8495107868570436,0.7735237175121736,0.6909722222222222
developmental_synthetic,review_capacity_low,world_bottleneck-seed-9117653556647870869,item_0011,1,0.9437742851251183,0.9113727672519207,0.8495107868570436,0.7735237175121736,0.6909722222222222
developmental_synthetic,review_capacity_low,world_bottleneck-seed-9117653556647870869,item_0012,1,0.9437742851251183,0.9113727672519207,0.8495107868570436,0.7735237175121736,0.6909722222222222
developmental_synthetic,review_capacity_low,world_bottleneck-seed-9117653556647870869,item_0013,1,0.9437742851251183,0.9113727672519207,0.8495107868570436,0.7735237175121736,0.6909722222222222
developmental_synthetic,review_capacity_low,world_bottleneck-seed-9117653556647870869,item_0014,1,0.9437742851251183,0.9113727672519207,0.8495107868570436,0.7735237175121736,0.6909722222222222
developmental_synthetic,review_capacity_low,world_bottleneck-seed-9117653556647870869,item_0015,1,0.9437742851251183,0.9113727672519207,0.8495107868570436,0.7735237175121736,0.6909722222222222
developmental_synthetic,review_capacity_low,world_bottleneck-seed-9117653556647870869,item_0016,1,0.9437742851251183,0.9113727672519207,0.8495107868570436,0.7735237175121736,0.6909722222222222
developmental_synthetic,review_capacity_low,world_bottleneck-seed-9117653556647870869,item_0017,1,0.9437742851251183,0.9113727672519207,0.8495107868570436,0.7735237175121736,0.6909722222222222
developmental_synthetic,review_capacity_low,world_bottleneck-seed-9117653556647870869,item_0018,1,0.9437742851251183,0.9113727672519207,0.8495107868570436,0.7735237175121736,0.6909722222222222
developmental_synthetic,review_capacity_low,world_bottleneck-seed-9117653556647870869,item_0019,1,0.9437742851251183,0.9113727672519207,0.8495107868570436,0.7735237175121736,0.6909722222222222
developmental_synthetic,review_capacity_low,world_bottleneck-seed-9117653556647870869,item_0020,1,0.9437742851251183,0.9113727672519207,0.8495107868570436,0.7735237175121736,0.6909722222222222
developmental_synthetic,review_capacity_low,world_bottleneck-seed-9117653556647870869,item_0021,1,0.9437742851251183,0.9113727672519207,0.8495107868570436,0.7735237175121736,0.6909722222222222
developmental_synthetic,review_capacity_low,world_bottleneck-seed-9117653556647870869,item_0022,1,0.9437742851251183,0.9113727672519207,0.8495107868570436,0.7735237175121736,0.6909722222222222
developmental_synthetic,review_capacity_low,world_bottleneck-seed-9117653556647870869,item_0023,1,0.9437742851251183,0.9113727672519207,0.8495107868570436,0.7735237175121736,0.6909722222222222
developmental_synthetic,review_capacity_low,world_bottleneck-seed-9117653556647870869,item_0024,0,0.9437742851251183,0.9113727672519207,0.8495107868570436,0.7735237175121736,0.6909722222222222
developmental_synthetic,review_capacity_low,world_bottleneck-seed-8669772086981772072,item_0001,1,0.9437742851251183,0.9113727672519207,0.8495107868570436,0.7735237175121736,0.6909722222222222
developmental_synthetic,review_capacity_low,world_bottleneck-seed-8669772086981772072,item_0002,0,0.9437742851251183,0.9113727672519207,0.8495107868570436,0.7735237175121736,0.6909722222222222
developmental_synthetic,review_capacity_low,world_bottleneck-seed-8669772086981772072,item_0003,1,0.9437742851251183,0.9113727672519207,0.8495107868570436,0.7735237175121736,0.6909722222222222
developmental_synthetic,review_capacity_low,world_bottleneck-seed-8669772086981772072,item_0004,0,0.9437742851251183,0.9113727672519207,0.8495107868570436,0.7735237175121736,0.6909722222222222
developmental_synthetic,review_capacity_low,world_bottleneck-seed-8669772086981772072,item_0005,1,0.9437742851251183,0.9113727672519207,0.8495107868570436,0.7735237175121736,0.6909722222222222
developmental_synthetic,review_capacity_low,world_bottleneck-seed-8669772086981772072,item_0006,0,0.9437742851251183,0.9113727672519207,0.8495107868570436,0.7735237175121736,0.6909722222222222
developmental_synthetic,review_capacity_low,world_bottleneck-seed-8669772086981772072,item_0007,1,0.9437742851251183,0.9113727672519207,0.8495107868570436,0.7735237175121736,0.6909722222222222
developmental_synthetic,review_capacity_low,world_bottleneck-seed-8669772086981772072,item_0008,0,0.9437742851251183,0.9113727672519207,0.8495107868570436,0.7735237175121736,0.6909722222222222
developmental_synthetic,review_capacity_low,world_bottleneck-seed-8669772086981772072,item_0009,1,0.9437742851251183,0.9113727672519207,0.8495107868570436,0.7735237175121736,0.6909722222222222
developmental_synthetic,review_capacity_low,world_bottleneck-seed-8669772086981772072,item_0010,0,0.9437742851251183,0.9113727672519207,0.8495107868570436,0.7735237175121736,0.6909722222222222
developmental_synthetic,review_capacity_low,world_bottleneck-seed-8669772086981772072,item_0011,1,0.9437742851251183,0.9113727672519207,0.8495107868570436,0.7735237175121736,0.6909722222222222
developmental_synthetic,review_capacity_low,world_bottleneck-seed-8669772086981772072,item_0012,0,0.9437742851251183,0.9113727672519207,0.8495107868570436,0.7735237175121736,0.6909722222222222
developmental_synthetic,review_capacity_low,world_bottleneck-seed-8669772086981772072,item_0013,1,0.9437742851251183,0.9113727672519207,0.8495107868570436,0.7735237175121736,0.6909722222222222
developmental_synthetic,review_capacity_low,world_bottleneck-seed-8669772086981772072,item_0014,0,0.9437742851251183,0.9113727672519207,0.8495107868570436,0.7735237175121736,0.6909722222222222
developmental_synthetic,review_capacity_low,world_bottleneck-seed-8669772086981772072,item_0015,0,0.9437742851251183,0.9113727672519207,0.8495107868570436,0.7735237175121736,0.6909722222222222
developmental_synthetic,review_capacity_low,world_bottleneck-seed-8669772086981772072,item_0016,0,0.9437742851251183,0.9113727672519207,0.8495107868570436,0.7735237175121736,0.6909722222222222
developmental_synthetic,review_capacity_low,world_bottleneck-seed-8669772086981772072,item_0017,1,0.9437742851251183,0.9113727672519207,0.8495107868570436,0.7735237175121736,0.6909722222222222
developmental_synthetic,review_capacity_low,world_bottleneck-seed-8669772086981772072,item_0018,0,0.9437742851251183,0.9113727672519207,0.8495107868570436,0.7735237175121736,0.6909722222222222
developmental_synthetic,review_capacity_low,world_bottleneck-seed-8669772086981772072,item_0019,1,0.9437742851251183,0.9113727672519207,0.8495107868570436,0.7735237175121736,0.6909722222222222
developmental_synthetic,review_capacity_low,world_bottleneck-seed-8669772086981772072,item_0020,0,0.9437742851251183,0.9113727672519207,0.8495107868570436,0.7735237175121736,0.6909722222222222
developmental_synthetic,review_capacity_low,world_bottleneck-seed-8669772086981772072,item_0021,1,0.9437742851251183,0.9113727672519207,0.8495107868570436,0.7735237175121736,0.6909722222222222
developmental_synthetic,review_capacity_low,world_bottleneck-seed-8669772086981772072,item_0022,0,0.9437742851251183,0.9113727672519207,0.8495107868570436,0.7735237175121736,0.6909722222222222
developmental_synthetic,review_capacity_low,world_bottleneck-seed-8669772086981772072,item_0023,1,0.9437742851251183,0.9113727672519207,0.8495107868570436,0.7735237175121736,0.6909722222222222
developmental_synthetic,review_capacity_low,world_bottleneck-seed-8669772086981772072,item_0024,0,0.9437742851251183,0.9113727672519207,0.8495107868570436,0.7735237175121736,0.6909722222222222
developmental_synthetic,review_capacity_low,world_bottleneck-seed-3353631954069894546,item_0001,1,0.9437742851251183,0.9113727672519207,0.8495107868570436,0.7735237175121736,0.6909722222222222
developmental_synthetic,review_capacity_low,world_bottleneck-seed-3353631954069894546,item_0002,1,0.9437742851251183,0.9113727672519207,0.8495107868570436,0.7735237175121736,0.6909722222222222
developmental_synthetic,review_capacity_low,world_bottleneck-seed-3353631954069894546,item_0003,1,0.9437742851251183,0.9113727672519207,0.8495107868570436,0.7735237175121736,0.6909722222222222
developmental_synthetic,review_capacity_low,world_bottleneck-seed-3353631954069894546,item_0004,1,0.9437742851251183,0.9113727672519207,0.8495107868570436,0.7735237175121736,0.6909722222222222
developmental_synthetic,review_capacity_low,world_bottleneck-seed-3353631954069894546,item_0005,1,0.9437742851251183,0.9113727672519207,0.8495107868570436,0.7735237175121736,0.6909722222222222
developmental_synthetic,review_capacity_low,world_bottleneck-seed-3353631954069894546,item_0006,1,0.9437742851251183,0.9113727672519207,0.8495107868570436,0.7735237175121736,0.6909722222222222
developmental_synthetic,review_capacity_low,world_bottleneck-seed-3353631954069894546,item_0007,1,0.9437742851251183,0.9113727672519207,0.8495107868570436,0.7735237175121736,0.6909722222222222
developmental_synthetic,review_capacity_low,world_bottleneck-seed-3353631954069894546,item_0008,1,0.9437742851251183,0.9113727672519207,0.8495107868570436,0.7735237175121736,0.6909722222222222
developmental_synthetic,review_capacity_low,world_bottleneck-seed-3353631954069894546,item_0009,1,0.9437742851251183,0.9113727672519207,0.8495107868570436,0.7735237175121736,0.6909722222222222
developmental_synthetic,review_capacity_low,world_bottleneck-seed-3353631954069894546,item_0010,1,0.9437742851251183,0.9113727672519207,0.8495107868570436,0.7735237175121736,0.6909722222222222
developmental_synthetic,review_capacity_low,world_bottleneck-seed-3353631954069894546,item_0011,1,0.9437742851251183,0.9113727672519207,0.8495107868570436,0.7735237175121736,0.6909722222222222
developmental_synthetic,review_capacity_low,world_bottleneck-seed-3353631954069894546,item_0012,1,0.9437742851251183,0.9113727672519207,0.8495107868570436,0.7735237175121736,0.6909722222222222
developmental_synthetic,review_capacity_low,world_bottleneck-seed-3353631954069894546,item_0013,1,0.9437742851251183,0.9113727672519207,0.8495107868570436,0.7735237175121736,0.6909722222222222
developmental_synthetic,review_capacity_low,world_bottleneck-seed-3353631954069894546,item_0014,1,0.9437742851251183,0.9113727672519207,0.8495107868570436,0.7735237175121736,0.6909722222222222
developmental_synthetic,review_capacity_low,world_bottleneck-seed-3353631954069894546,item_0015,1,0.9437742851251183,0.9113727672519207,0.8495107868570436,0.7735237175121736,0.6909722222222222
developmental_synthetic,review_capacity_low,world_bottleneck-seed-3353631954069894546,item_0016,1,0.9437742851251183,0.9113727672519207,0.8495107868570436,0.7735237175121736,0.6909722222222222
developmental_synthetic,review_capacity_low,world_bottleneck-seed-3353631954069894546,item_0017,1,0.9437742851251183,0.9113727672519207,0.8495107868570436,0.7735237175121736,0.6909722222222222
developmental_synthetic,review_capacity_low,world_bottleneck-seed-3353631954069894546,item_0018,1,0.9437742851251183,0.9113727672519207,0.8495107868570436,0.7735237175121736,0.6909722222222222
developmental_synthetic,review_capacity_low,world_bottleneck-seed-3353631954069894546,item_0019,1,0.9437742851251183,0.9113727672519207,0.8495107868570436,0.7735237175121736,0.6909722222222222
developmental_synthetic,review_capacity_low,world_bottleneck-seed-3353631954069894546,item_0020,1,0.9437742851251183,0.9113727672519207,0.8495107868570436,0.7735237175121736,0.6909722222222222
developmental_synthetic,review_capacity_low,world_bottleneck-seed-3353631954069894546,item_0021,1,0.9437742851251183,0.9113727672519207,0.8495107868570436,0.7735237175121736,0.6909722222222222
developmental_synthetic,review_capacity_low,world_bottleneck-seed-3353631954069894546,item_0022,1,0.9437742851251183,0.9113727672519207,0.8495107868570436,0.7735237175121736,0.6909722222222222
developmental_synthetic,review_capacity_low,world_bottleneck-seed-3353631954069894546,item_0023,1,0.9437742851251183,0.9113727672519207,0.8495107868570436,0.7735237175121736,0.6909722222222222
developmental_synthetic,review_capacity_low,world_bottleneck-seed-3353631954069894546,item_0024,1,0.9437742851251183,0.9113727672519207,0.8495107868570436,0.7735237175121736,0.6909722222222222
developmental_synthetic,review_capacity_low,world_bottleneck-seed-9078621501550203399,item_0001,1,0.9437742851251183,0.9113727672519207,0.8495107868570436,0.7735237175121736,0.6909722222222222
developmental_synthetic,review_capacity_low,world_bottleneck-seed-9078621501550203399,item_0002,0,0.9437742851251183,0.9113727672519207,0.8495107868570436,0.7735237175121736,0.6909722222222222
developmental_synthetic,review_capacity_low,world_bottleneck-seed-9078621501550203399,item_0003,1,0.9437742851251183,0.9113727672519207,0.8495107868570436,0.7735237175121736,0.6909722222222222
developmental_synthetic,review_capacity_low,world_bottleneck-seed-9078621501550203399,item_0004,0,0.9437742851251183,0.9113727672519207,0.8495107868570436,0.7735237175121736,0.6909722222222222
developmental_synthetic,review_capacity_low,world_bottleneck-seed-9078621501550203399,item_0005,1,0.9437742851251183,0.9113727672519207,0.8495107868570436,0.7735237175121736,0.6909722222222222
developmental_synthetic,review_capacity_low,world_bottleneck-seed-9078621501550203399,item_0006,0,0.9437742851251183,0.9113727672519207,0.8495107868570436,0.7735237175121736,0.6909722222222222
developmental_synthetic,review_capacity_low,world_bottleneck-seed-9078621501550203399,item_0007,1,0.9437742851251183,0.9113727672519207,0.8495107868570436,0.7735237175121736,0.6909722222222222
developmental_synthetic,review_capacity_low,world_bottleneck-seed-9078621501550203399,item_0008,0,0.9437742851251183,0.9113727672519207,0.8495107868570436,0.7735237175121736,0.6909722222222222
developmental_synthetic,review_capacity_low,world_bottleneck-seed-9078621501550203399,item_0009,1,0.9437742851251183,0.9113727672519207,0.8495107868570436,0.7735237175121736,0.6909722222222222
developmental_synthetic,review_capacity_low,world_bottleneck-seed-9078621501550203399,item_0010,0,0.9437742851251183,0.9113727672519207,0.8495107868570436,0.7735237175121736,0.6909722222222222
developmental_synthetic,review_capacity_low,world_bottleneck-seed-9078621501550203399,item_0011,1,0.9437742851251183,0.9113727672519207,0.8495107868570436,0.7735237175121736,0.6909722222222222
developmental_synthetic,review_capacity_low,world_bottleneck-seed-9078621501550203399,item_0012,0,0.9437742851251183,0.9113727672519207,0.8495107868570436,0.7735237175121736,0.6909722222222222
developmental_synthetic,review_capacity_low,world_bottleneck-seed-9078621501550203399,item_0013,0,0.9437742851251183,0.9113727672519207,0.8495107868570436,0.7735237175121736,0.6909722222222222
developmental_synthetic,review_capacity_low,world_bottleneck-seed-9078621501550203399,item_0014,0,0.9437742851251183,0.9113727672519207,0.8495107868570436,0.7735237175121736,0.6909722222222222
developmental_synthetic,review_capacity_low,world_bottleneck-seed-9078621501550203399,item_0015,1,0.9437742851251183,0.9113727672519207,0.8495107868570436,0.7735237175121736,0.6909722222222222
developmental_synthetic,review_capacity_low,world_bottleneck-seed-9078621501550203399,item_0016,0,0.9437742851251183,0.9113727672519207,0.8495107868570436,0.7735237175121736,0.6909722222222222
developmental_synthetic,review_capacity_low,world_bottleneck-seed-9078621501550203399,item_0017,1,0.9437742851251183,0.9113727672519207,0.8495107868570436,0.7735237175121736,0.6909722222222222
developmental_synthetic,review_capacity_low,world_bottleneck-seed-9078621501550203399,item_0018,0,0.9437742851251183,0.9113727672519207,0.8495107868570436,0.7735237175121736,0.6909722222222222
developmental_synthetic,review_capacity_low,world_bottleneck-seed-9078621501550203399,item_0019,1,0.9437742851251183,0.9113727672519207,0.8495107868570436,0.7735237175121736,0.6909722222222222
developmental_synthetic,review_capacity_low,world_bottleneck-seed-9078621501550203399,item_0020,0,0.9437742851251183,0.9113727672519207,0.8495107868570436,0.7735237175121736,0.6909722222222222
developmental_synthetic,review_capacity_low,world_bottleneck-seed-9078621501550203399,item_0021,1,0.9437742851251183,0.9113727672519207,0.8495107868570436,0.7735237175121736,0.6909722222222222
developmental_synthetic,review_capacity_low,world_bottleneck-seed-9078621501550203399,item_0022,0,0.9437742851251183,0.9113727672519207,0.8495107868570436,0.7735237175121736,0.6909722222222222
developmental_synthetic,review_capacity_low,world_bottleneck-seed-9078621501550203399,item_0023,1,0.9437742851251183,0.9113727672519207,0.8495107868570436,0.7735237175121736,0.6909722222222222
developmental_synthetic,review_capacity_low,world_bottleneck-seed-9078621501550203399,item_0024,0,0.9437742851251183,0.9113727672519207,0.8495107868570436,0.7735237175121736,0.6909722222222222
developmental_synthetic,review_capacity_low,world_bottleneck-seed-2232509440464157497,item_0001,1,0.9437742851251183,0.9113727672519207,0.8495107868570436,0.7735237175121736,0.6909722222222222
developmental_synthetic,review_capacity_low,world_bottleneck-seed-2232509440464157497,item_0002,0,0.9437742851251183,0.9113727672519207,0.8495107868570436,0.7735237175121736,0.6909722222222222
developmental_synthetic,review_capacity_low,world_bottleneck-seed-2232509440464157497,item_0003,1,0.9437742851251183,0.9113727672519207,0.8495107868570436,0.7735237175121736,0.6909722222222222
developmental_synthetic,review_capacity_low,world_bottleneck-seed-2232509440464157497,item_0004,0,0.9437742851251183,0.9113727672519207,0.8495107868570436,0.7735237175121736,0.6909722222222222
developmental_synthetic,review_capacity_low,world_bottleneck-seed-2232509440464157497,item_0005,1,0.9437742851251183,0.9113727672519207,0.8495107868570436,0.7735237175121736,0.6909722222222222
developmental_synthetic,review_capacity_low,world_bottleneck-seed-2232509440464157497,item_0006,0,0.9437742851251183,0.9113727672519207,0.8495107868570436,0.7735237175121736,0.6909722222222222
developmental_synthetic,review_capacity_low,world_bottleneck-seed-2232509440464157497,item_0007,1,0.9437742851251183,0.9113727672519207,0.8495107868570436,0.7735237175121736,0.6909722222222222
developmental_synthetic,review_capacity_low,world_bottleneck-seed-2232509440464157497,item_0008,0,0.9437742851251183,0.9113727672519207,0.8495107868570436,0.7735237175121736,0.6909722222222222
developmental_synthetic,review_capacity_low,world_bottleneck-seed-2232509440464157497,item_0009,1,0.9437742851251183,0.9113727672519207,0.8495107868570436,0.7735237175121736,0.6909722222222222
developmental_synthetic,review_capacity_low,world_bottleneck-seed-2232509440464157497,item_0010,0,0.9437742851251183,0.9113727672519207,0.8495107868570436,0.7735237175121736,0.6909722222222222
developmental_synthetic,review_capacity_low,world_bottleneck-seed-2232509440464157497,item_0011,0,0.9437742851251183,0.9113727672519207,0.8495107868570436,0.7735237175121736,0.6909722222222222
developmental_synthetic,review_capacity_low,world_bottleneck-seed-2232509440464157497,item_0012,0,0.9437742851251183,0.9113727672519207,0.8495107868570436,0.7735237175121736,0.6909722222222222
developmental_synthetic,review_capacity_low,world_bottleneck-seed-2232509440464157497,item_0013,1,0.9437742851251183,0.9113727672519207,0.8495107868570436,0.7735237175121736,0.6909722222222222
developmental_synthetic,review_capacity_low,world_bottleneck-seed-2232509440464157497,item_0014,0,0.9437742851251183,0.9113727672519207,0.8495107868570436,0.7735237175121736,0.6909722222222222
developmental_synthetic,review_capacity_low,world_bottleneck-seed-2232509440464157497,item_0015,1,0.9437742851251183,0.9113727672519207,0.8495107868570436,0.7735237175121736,0.6909722222222222
developmental_synthetic,review_capacity_low,world_bottleneck-seed-2232509440464157497,item_0016,0,0.9437742851251183,0.9113727672519207,0.8495107868570436,0.7735237175121736,0.6909722222222222
developmental_synthetic,review_capacity_low,world_bottleneck-seed-2232509440464157497,item_0017,1,0.9437742851251183,0.9113727672519207,0.8495107868570436,0.7735237175121736,0.6909722222222222
developmental_synthetic,review_capacity_low,world_bottleneck-seed-2232509440464157497,item_0018,0,0.9437742851251183,0.9113727672519207,0.8495107868570436,0.7735237175121736,0.6909722222222222
developmental_synthetic,review_capacity_low,world_bottleneck-seed-2232509440464157497,item_0019,1,0.9437742851251183,0.9113727672519207,0.8495107868570436,0.7735237175121736,0.6909722222222222
developmental_synthetic,review_capacity_low,world_bottleneck-seed-2232509440464157497,item_0020,0,0.9437742851251183,0.9113727672519207,0.8495107868570436,0.7735237175121736,0.6909722222222222
developmental_synthetic,review_capacity_low,world_bottleneck-seed-2232509440464157497,item_0021,1,0.9437742851251183,0.9113727672519207,0.8495107868570436,0.7735237175121736,0.6909722222222222
developmental_synthetic,review_capacity_low,world_bottleneck-seed-2232509440464157497,item_0022,0,0.9437742851251183,0.9113727672519207,0.8495107868570436,0.7735237175121736,0.6909722222222222
developmental_synthetic,review_capacity_low,world_bottleneck-seed-2232509440464157497,item_0023,1,0.9437742851251183,0.9113727672519207,0.8495107868570436,0.7735237175121736,0.6909722222222222
developmental_synthetic,review_capacity_low,world_bottleneck-seed-2232509440464157497,item_0024,0,0.9437742851251183,0.9113727672519207,0.8495107868570436,0.7735237175121736,0.6909722222222222
developmental_synthetic,review_capacity_low,world_bottleneck-seed-1318810389743050509,item_0001,1,0.9437742851251183,0.9113727672519207,0.8495107868570436,0.7735237175121736,0.6909722222222222
developmental_synthetic,review_capacity_low,world_bottleneck-seed-1318810389743050509,item_0002,0,0.9437742851251183,0.9113727672519207,0.8495107868570436,0.7735237175121736,0.6909722222222222
developmental_synthetic,review_capacity_low,world_bottleneck-seed-1318810389743050509,item_0003,1,0.9437742851251183,0.9113727672519207,0.8495107868570436,0.7735237175121736,0.6909722222222222
developmental_synthetic,review_capacity_low,world_bottleneck-seed-1318810389743050509,item_0004,0,0.9437742851251183,0.9113727672519207,0.8495107868570436,0.7735237175121736,0.6909722222222222
developmental_synthetic,review_capacity_low,world_bottleneck-seed-1318810389743050509,item_0005,1,0.9437742851251183,0.9113727672519207,0.8495107868570436,0.7735237175121736,0.6909722222222222
developmental_synthetic,review_capacity_low,world_bottleneck-seed-1318810389743050509,item_0006,0,0.9437742851251183,0.9113727672519207,0.8495107868570436,0.7735237175121736,0.6909722222222222
developmental_synthetic,review_capacity_low,world_bottleneck-seed-1318810389743050509,item_0007,1,0.9437742851251183,0.9113727672519207,0.8495107868570436,0.7735237175121736,0.6909722222222222
developmental_synthetic,review_capacity_low,world_bottleneck-seed-1318810389743050509,item_0008,0,0.9437742851251183,0.9113727672519207,0.8495107868570436,0.7735237175121736,0.6909722222222222
developmental_synthetic,review_capacity_low,world_bottleneck-seed-1318810389743050509,item_0009,1,0.9437742851251183,0.9113727672519207,0.8495107868570436,0.7735237175121736,0.6909722222222222
developmental_synthetic,review_capacity_low,world_bottleneck-seed-1318810389743050509,item_0010,0,0.9437742851251183,0.9113727672519207,0.8495107868570436,0.7735237175121736,0.6909722222222222
developmental_synthetic,review_capacity_low,world_bottleneck-seed-1318810389743050509,item_0011,1,0.9437742851251183,0.9113727672519207,0.8495107868570436,0.7735237175121736,0.6909722222222222
developmental_synthetic,review_capacity_low,world_bottleneck-seed-1318810389743050509,item_0012,0,0.9437742851251183,0.9113727672519207,0.8495107868570436,0.7735237175121736,0.6909722222222222
developmental_synthetic,review_capacity_low,world_bottleneck-seed-1318810389743050509,item_0013,1,0.9437742851251183,0.9113727672519207,0.8495107868570436,0.7735237175121736,0.6909722222222222
developmental_synthetic,review_capacity_low,world_bottleneck-seed-1318810389743050509,item_0014,0,0.9437742851251183,0.9113727672519207,0.8495107868570436,0.7735237175121736,0.6909722222222222
developmental_synthetic,review_capacity_low,world_bottleneck-seed-1318810389743050509,item_0015,1,0.9437742851251183,0.9113727672519207,0.8495107868570436,0.7735237175121736,0.6909722222222222
developmental_synthetic,review_capacity_low,world_bottleneck-seed-1318810389743050509,item_0016,0,0.9437742851251183,0.9113727672519207,0.8495107868570436,0.7735237175121736,0.6909722222222222
developmental_synthetic,review_capacity_low,world_bottleneck-seed-1318810389743050509,item_0017,1,0.9437742851251183,0.9113727672519207,0.8495107868570436,0.7735237175121736,0.6909722222222222
developmental_synthetic,review_capacity_low,world_bottleneck-seed-1318810389743050509,item_0018,0,0.9437742851251183,0.9113727672519207,0.8495107868570436,0.7735237175121736,0.6909722222222222
developmental_synthetic,review_capacity_low,world_bottleneck-seed-1318810389743050509,item_0019,1,0.9437742851251183,0.9113727672519207,0.8495107868570436,0.7735237175121736,0.6909722222222222
developmental_synthetic,review_capacity_low,world_bottleneck-seed-1318810389743050509,item_0020,0,0.9437742851251183,0.9113727672519207,0.8495107868570436,0.7735237175121736,0.6909722222222222
developmental_synthetic,review_capacity_low,world_bottleneck-seed-1318810389743050509,item_0021,1,0.9437742851251183,0.9113727672519207,0.8495107868570436,0.7735237175121736,0.6909722222222222
developmental_synthetic,review_capacity_low,world_bottleneck-seed-1318810389743050509,item_0022,0,0.9437742851251183,0.9113727672519207,0.8495107868570436,0.7735237175121736,0.6909722222222222
developmental_synthetic,review_capacity_low,world_bottleneck-seed-1318810389743050509,item_0023,0,0.9437742851251183,0.9113727672519207,0.8495107868570436,0.7735237175121736,0.6909722222222222
developmental_synthetic,review_capacity_low,world_bottleneck-seed-1318810389743050509,item_0024,0,0.9437742851251183,0.9113727672519207,0.8495107868570436,0.7735237175121736,0.6909722222222222
developmental_synthetic,review_capacity_low,world_bottleneck-seed-2672526422288897444,item_0001,1,0.9437742851251183,0.9113727672519207,0.8495107868570436,0.7735237175121736,0.6909722222222222
developmental_synthetic,review_capacity_low,world_bottleneck-seed-2672526422288897444,item_0002,0,0.9437742851251183,0.9113727672519207,0.8495107868570436,0.7735237175121736,0.6909722222222222
developmental_synthetic,review_capacity_low,world_bottleneck-seed-2672526422288897444,item_0003,1,0.9437742851251183,0.9113727672519207,0.8495107868570436,0.7735237175121736,0.6909722222222222
developmental_synthetic,review_capacity_low,world_bottleneck-seed-2672526422288897444,item_0004,0,0.9437742851251183,0.9113727672519207,0.8495107868570436,0.7735237175121736,0.6909722222222222
developmental_synthetic,review_capacity_low,world_bottleneck-seed-2672526422288897444,item_0005,1,0.9437742851251183,0.9113727672519207,0.8495107868570436,0.7735237175121736,0.6909722222222222
developmental_synthetic,review_capacity_low,world_bottleneck-seed-2672526422288897444,item_0006,0,0.9437742851251183,0.9113727672519207,0.8495107868570436,0.7735237175121736,0.6909722222222222
developmental_synthetic,review_capacity_low,world_bottleneck-seed-2672526422288897444,item_0007,1,0.9437742851251183,0.9113727672519207,0.8495107868570436,0.7735237175121736,0.6909722222222222
developmental_synthetic,review_capacity_low,world_bottleneck-seed-2672526422288897444,item_0008,0,0.9437742851251183,0.9113727672519207,0.8495107868570436,0.7735237175121736,0.6909722222222222
developmental_synthetic,review_capacity_low,world_bottleneck-seed-2672526422288897444,item_0009,1,0.9437742851251183,0.9113727672519207,0.8495107868570436,0.7735237175121736,0.6909722222222222
developmental_synthetic,review_capacity_low,world_bottleneck-seed-2672526422288897444,item_0010,0,0.9437742851251183,0.9113727672519207,0.8495107868570436,0.7735237175121736,0.6909722222222222
developmental_synthetic,review_capacity_low,world_bottleneck-seed-2672526422288897444,item_0011,1,0.9437742851251183,0.9113727672519207,0.8495107868570436,0.7735237175121736,0.6909722222222222
developmental_synthetic,review_capacity_low,world_bottleneck-seed-2672526422288897444,item_0012,0,0.9437742851251183,0.9113727672519207,0.8495107868570436,0.7735237175121736,0.6909722222222222
developmental_synthetic,review_capacity_low,world_bottleneck-seed-2672526422288897444,item_0013,1,0.9437742851251183,0.9113727672519207,0.8495107868570436,0.7735237175121736,0.6909722222222222
developmental_synthetic,review_capacity_low,world_bottleneck-seed-2672526422288897444,item_0014,0,0.9437742851251183,0.9113727672519207,0.8495107868570436,0.7735237175121736,0.6909722222222222
developmental_synthetic,review_capacity_low,world_bottleneck-seed-2672526422288897444,item_0015,1,0.9437742851251183,0.9113727672519207,0.8495107868570436,0.7735237175121736,0.6909722222222222
developmental_synthetic,review_capacity_low,world_bottleneck-seed-2672526422288897444,item_0016,0,0.9437742851251183,0.9113727672519207,0.8495107868570436,0.7735237175121736,0.6909722222222222
developmental_synthetic,review_capacity_low,world_bottleneck-seed-2672526422288897444,item_0017,0,0.9437742851251183,0.9113727672519207,0.8495107868570436,0.7735237175121736,0.6909722222222222
developmental_synthetic,review_capacity_low,world_bottleneck-seed-2672526422288897444,item_0018,0,0.9437742851251183,0.9113727672519207,0.8495107868570436,0.7735237175121736,0.6909722222222222
developmental_synthetic,review_capacity_low,world_bottleneck-seed-2672526422288897444,item_0019,1,0.9437742851251183,0.9113727672519207,0.8495107868570436,0.7735237175121736,0.6909722222222222
developmental_synthetic,review_capacity_low,world_bottleneck-seed-2672526422288897444,item_0020,0,0.9437742851251183,0.9113727672519207,0.8495107868570436,0.7735237175121736,0.6909722222222222
developmental_synthetic,review_capacity_low,world_bottleneck-seed-2672526422288897444,item_0021,1,0.9437742851251183,0.9113727672519207,0.8495107868570436,0.7735237175121736,0.6909722222222222
developmental_synthetic,review_capacity_low,world_bottleneck-seed-2672526422288897444,item_0022,0,0.9437742851251183,0.9113727672519207,0.8495107868570436,0.7735237175121736,0.6909722222222222
developmental_synthetic,review_capacity_low,world_bottleneck-seed-2672526422288897444,item_0023,1,0.9437742851251183,0.9113727672519207,0.8495107868570436,0.7735237175121736,0.6909722222222222
developmental_synthetic,review_capacity_low,world_bottleneck-seed-2672526422288897444,item_0024,0,0.9437742851251183,0.9113727672519207,0.8495107868570436,0.7735237175121736,0.6909722222222222
developmental_synthetic,review_capacity_low,world_bottleneck-seed-2184401695212112810,item_0001,1,0.9437742851251183,0.9113727672519207,0.8495107868570436,0.7735237175121736,0.6909722222222222
developmental_synthetic,review_capacity_low,world_bottleneck-seed-2184401695212112810,item_0002,1,0.9437742851251183,0.9113727672519207,0.8495107868570436,0.7735237175121736,0.6909722222222222
developmental_synthetic,review_capacity_low,world_bottleneck-seed-2184401695212112810,item_0003,1,0.9437742851251183,0.9113727672519207,0.8495107868570436,0.7735237175121736,0.6909722222222222
developmental_synthetic,review_capacity_low,world_bottleneck-seed-2184401695212112810,item_0004,1,0.9437742851251183,0.9113727672519207,0.8495107868570436,0.7735237175121736,0.6909722222222222
developmental_synthetic,review_capacity_low,world_bottleneck-seed-2184401695212112810,item_0005,1,0.9437742851251183,0.9113727672519207,0.8495107868570436,0.7735237175121736,0.6909722222222222
developmental_synthetic,review_capacity_low,world_bottleneck-seed-2184401695212112810,item_0006,1,0.9437742851251183,0.9113727672519207,0.8495107868570436,0.7735237175121736,0.6909722222222222
developmental_synthetic,review_capacity_low,world_bottleneck-seed-2184401695212112810,item_0007,1,0.9437742851251183,0.9113727672519207,0.8495107868570436,0.7735237175121736,0.6909722222222222
developmental_synthetic,review_capacity_low,world_bottleneck-seed-2184401695212112810,item_0008,1,0.9437742851251183,0.9113727672519207,0.8495107868570436,0.7735237175121736,0.6909722222222222
developmental_synthetic,review_capacity_low,world_bottleneck-seed-2184401695212112810,item_0009,1,0.9437742851251183,0.9113727672519207,0.8495107868570436,0.7735237175121736,0.6909722222222222
developmental_synthetic,review_capacity_low,world_bottleneck-seed-2184401695212112810,item_0010,1,0.9437742851251183,0.9113727672519207,0.8495107868570436,0.7735237175121736,0.6909722222222222
developmental_synthetic,review_capacity_low,world_bottleneck-seed-2184401695212112810,item_0011,1,0.9437742851251183,0.9113727672519207,0.8495107868570436,0.7735237175121736,0.6909722222222222
developmental_synthetic,review_capacity_low,world_bottleneck-seed-2184401695212112810,item_0012,1,0.9437742851251183,0.9113727672519207,0.8495107868570436,0.7735237175121736,0.6909722222222222
developmental_synthetic,review_capacity_low,world_bottleneck-seed-2184401695212112810,item_0013,1,0.9437742851251183,0.9113727672519207,0.8495107868570436,0.7735237175121736,0.6909722222222222
developmental_synthetic,review_capacity_low,world_bottleneck-seed-2184401695212112810,item_0014,1,0.9437742851251183,0.9113727672519207,0.8495107868570436,0.7735237175121736,0.6909722222222222
developmental_synthetic,review_capacity_low,world_bottleneck-seed-2184401695212112810,item_0015,1,0.9437742851251183,0.9113727672519207,0.8495107868570436,0.7735237175121736,0.6909722222222222
developmental_synthetic,review_capacity_low,world_bottleneck-seed-2184401695212112810,item_0016,1,0.9437742851251183,0.9113727672519207,0.8495107868570436,0.7735237175121736,0.6909722222222222
developmental_synthetic,review_capacity_low,world_bottleneck-seed-2184401695212112810,item_0017,1,0.9437742851251183,0.9113727672519207,0.8495107868570436,0.7735237175121736,0.6909722222222222
developmental_synthetic,review_capacity_low,world_bottleneck-seed-2184401695212112810,item_0018,1,0.9437742851251183,0.9113727672519207,0.8495107868570436,0.7735237175121736,0.6909722222222222
developmental_synthetic,review_capacity_low,world_bottleneck-seed-2184401695212112810,item_0019,1,0.9437742851251183,0.9113727672519207,0.8495107868570436,0.7735237175121736,0.6909722222222222
developmental_synthetic,review_capacity_low,world_bottleneck-seed-2184401695212112810,item_0020,1,0.9437742851251183,0.9113727672519207,0.8495107868570436,0.7735237175121736,0.6909722222222222
developmental_synthetic,review_capacity_low,world_bottleneck-seed-2184401695212112810,item_0021,1,0.9437742851251183,0.9113727672519207,0.8495107868570436,0.7735237175121736,0.6909722222222222
developmental_synthetic,review_capacity_low,world_bottleneck-seed-2184401695212112810,item_0022,1,0.9437742851251183,0.9113727672519207,0.8495107868570436,0.7735237175121736,0.6909722222222222
developmental_synthetic,review_capacity_low,world_bottleneck-seed-2184401695212112810,item_0023,1,0.9437742851251183,0.9113727672519207,0.8495107868570436,0.7735237175121736,0.6909722222222222
developmental_synthetic,review_capacity_low,world_bottleneck-seed-2184401695212112810,item_0024,1,0.9437742851251183,0.9113727672519207,0.8495107868570436,0.7735237175121736,0.6909722222222222
developmental_synthetic,review_capacity_high,world_bottleneck-seed-4594190432599945735,item_0001,1,0.9437742851251183,0.9113727672519207,0.9714085948860692,0.9536107536574743,0.6597222222222222
developmental_synthetic,review_capacity_high,world_bottleneck-seed-4594190432599945735,item_0002,0,0.9437742851251183,0.9113727672519207,0.9714085948860692,0.9536107536574743,0.6597222222222222
developmental_synthetic,review_capacity_high,world_bottleneck-seed-4594190432599945735,item_0003,1,0.9437742851251183,0.9113727672519207,0.9714085948860692,0.9536107536574743,0.6597222222222222
developmental_synthetic,review_capacity_high,world_bottleneck-seed-4594190432599945735,item_0004,0,0.9437742851251183,0.9113727672519207,0.9714085948860692,0.9536107536574743,0.6597222222222222
developmental_synthetic,review_capacity_high,world_bottleneck-seed-4594190432599945735,item_0005,1,0.9437742851251183,0.9113727672519207,0.9714085948860692,0.9536107536574743,0.6597222222222222
developmental_synthetic,review_capacity_high,world_bottleneck-seed-4594190432599945735,item_0006,0,0.9437742851251183,0.9113727672519207,0.9714085948860692,0.9536107536574743,0.6597222222222222
developmental_synthetic,review_capacity_high,world_bottleneck-seed-4594190432599945735,item_0007,1,0.9437742851251183,0.9113727672519207,0.9714085948860692,0.9536107536574743,0.6597222222222222
developmental_synthetic,review_capacity_high,world_bottleneck-seed-4594190432599945735,item_0008,0,0.9437742851251183,0.9113727672519207,0.9714085948860692,0.9536107536574743,0.6597222222222222
developmental_synthetic,review_capacity_high,world_bottleneck-seed-4594190432599945735,item_0009,1,0.9437742851251183,0.9113727672519207,0.9714085948860692,0.9536107536574743,0.6597222222222222
developmental_synthetic,review_capacity_high,world_bottleneck-seed-4594190432599945735,item_0010,0,0.9437742851251183,0.9113727672519207,0.9714085948860692,0.9536107536574743,0.6597222222222222
developmental_synthetic,review_capacity_high,world_bottleneck-seed-4594190432599945735,item_0011,1,0.9437742851251183,0.9113727672519207,0.9714085948860692,0.9536107536574743,0.6597222222222222
developmental_synthetic,review_capacity_high,world_bottleneck-seed-4594190432599945735,item_0012,0,0.9437742851251183,0.9113727672519207,0.9714085948860692,0.9536107536574743,0.6597222222222222
developmental_synthetic,review_capacity_high,world_bottleneck-seed-4594190432599945735,item_0013,0,0.9437742851251183,0.9113727672519207,0.9714085948860692,0.9536107536574743,0.6597222222222222
developmental_synthetic,review_capacity_high,world_bottleneck-seed-4594190432599945735,item_0014,0,0.9437742851251183,0.9113727672519207,0.9714085948860692,0.9536107536574743,0.6597222222222222
developmental_synthetic,review_capacity_high,world_bottleneck-seed-4594190432599945735,item_0015,1,0.9437742851251183,0.9113727672519207,0.9714085948860692,0.9536107536574743,0.6597222222222222
developmental_synthetic,review_capacity_high,world_bottleneck-seed-4594190432599945735,item_0016,0,0.9437742851251183,0.9113727672519207,0.9714085948860692,0.9536107536574743,0.6597222222222222
developmental_synthetic,review_capacity_high,world_bottleneck-seed-4594190432599945735,item_0017,1,0.9437742851251183,0.9113727672519207,0.9714085948860692,0.9536107536574743,0.6597222222222222
developmental_synthetic,review_capacity_high,world_bottleneck-seed-4594190432599945735,item_0018,0,0.9437742851251183,0.9113727672519207,0.9714085948860692,0.9536107536574743,0.6597222222222222
developmental_synthetic,review_capacity_high,world_bottleneck-seed-4594190432599945735,item_0019,1,0.9437742851251183,0.9113727672519207,0.9714085948860692,0.9536107536574743,0.6597222222222222
developmental_synthetic,review_capacity_high,world_bottleneck-seed-4594190432599945735,item_0020,0,0.9437742851251183,0.9113727672519207,0.9714085948860692,0.9536107536574743,0.6597222222222222
developmental_synthetic,review_capacity_high,world_bottleneck-seed-4594190432599945735,item_0021,1,0.9437742851251183,0.9113727672519207,0.9714085948860692,0.9536107536574743,0.6597222222222222
developmental_synthetic,review_capacity_high,world_bottleneck-seed-4594190432599945735,item_0022,0,0.9437742851251183,0.9113727672519207,0.9714085948860692,0.9536107536574743,0.6597222222222222
developmental_synthetic,review_capacity_high,world_bottleneck-seed-4594190432599945735,item_0023,1,0.9437742851251183,0.9113727672519207,0.9714085948860692,0.9536107536574743,0.6597222222222222
developmental_synthetic,review_capacity_high,world_bottleneck-seed-4594190432599945735,item_0024,0,0.9437742851251183,0.9113727672519207,0.9714085948860692,0.9536107536574743,0.6597222222222222
developmental_synthetic,review_capacity_high,world_bottleneck-seed-8166473292603767607,item_0001,1,0.9437742851251183,0.9113727672519207,0.9714085948860692,0.9536107536574743,0.6597222222222222
developmental_synthetic,review_capacity_high,world_bottleneck-seed-8166473292603767607,item_0002,1,0.9437742851251183,0.9113727672519207,0.9714085948860692,0.9536107536574743,0.6597222222222222
developmental_synthetic,review_capacity_high,world_bottleneck-seed-8166473292603767607,item_0003,1,0.9437742851251183,0.9113727672519207,0.9714085948860692,0.9536107536574743,0.6597222222222222
developmental_synthetic,review_capacity_high,world_bottleneck-seed-8166473292603767607,item_0004,0,0.9437742851251183,0.9113727672519207,0.9714085948860692,0.9536107536574743,0.6597222222222222
developmental_synthetic,review_capacity_high,world_bottleneck-seed-8166473292603767607,item_0005,1,0.9437742851251183,0.9113727672519207,0.9714085948860692,0.9536107536574743,0.6597222222222222
developmental_synthetic,review_capacity_high,world_bottleneck-seed-8166473292603767607,item_0006,1,0.9437742851251183,0.9113727672519207,0.9714085948860692,0.9536107536574743,0.6597222222222222
developmental_synthetic,review_capacity_high,world_bottleneck-seed-8166473292603767607,item_0007,1,0.9437742851251183,0.9113727672519207,0.9714085948860692,0.9536107536574743,0.6597222222222222
developmental_synthetic,review_capacity_high,world_bottleneck-seed-8166473292603767607,item_0008,1,0.9437742851251183,0.9113727672519207,0.9714085948860692,0.9536107536574743,0.6597222222222222
developmental_synthetic,review_capacity_high,world_bottleneck-seed-8166473292603767607,item_0009,1,0.9437742851251183,0.9113727672519207,0.9714085948860692,0.9536107536574743,0.6597222222222222
developmental_synthetic,review_capacity_high,world_bottleneck-seed-8166473292603767607,item_0010,1,0.9437742851251183,0.9113727672519207,0.9714085948860692,0.9536107536574743,0.6597222222222222
developmental_synthetic,review_capacity_high,world_bottleneck-seed-8166473292603767607,item_0011,1,0.9437742851251183,0.9113727672519207,0.9714085948860692,0.9536107536574743,0.6597222222222222
developmental_synthetic,review_capacity_high,world_bottleneck-seed-8166473292603767607,item_0012,1,0.9437742851251183,0.9113727672519207,0.9714085948860692,0.9536107536574743,0.6597222222222222
developmental_synthetic,review_capacity_high,world_bottleneck-seed-8166473292603767607,item_0013,1,0.9437742851251183,0.9113727672519207,0.9714085948860692,0.9536107536574743,0.6597222222222222
developmental_synthetic,review_capacity_high,world_bottleneck-seed-8166473292603767607,item_0014,1,0.9437742851251183,0.9113727672519207,0.9714085948860692,0.9536107536574743,0.6597222222222222
developmental_synthetic,review_capacity_high,world_bottleneck-seed-8166473292603767607,item_0015,1,0.9437742851251183,0.9113727672519207,0.9714085948860692,0.9536107536574743,0.6597222222222222
developmental_synthetic,review_capacity_high,world_bottleneck-seed-8166473292603767607,item_0016,1,0.9437742851251183,0.9113727672519207,0.9714085948860692,0.9536107536574743,0.6597222222222222
developmental_synthetic,review_capacity_high,world_bottleneck-seed-8166473292603767607,item_0017,1,0.9437742851251183,0.9113727672519207,0.9714085948860692,0.9536107536574743,0.6597222222222222
developmental_synthetic,review_capacity_high,world_bottleneck-seed-8166473292603767607,item_0018,1,0.9437742851251183,0.9113727672519207,0.9714085948860692,0.9536107536574743,0.6597222222222222
developmental_synthetic,review_capacity_high,world_bottleneck-seed-8166473292603767607,item_0019,1,0.9437742851251183,0.9113727672519207,0.9714085948860692,0.9536107536574743,0.6597222222222222
developmental_synthetic,review_capacity_high,world_bottleneck-seed-8166473292603767607,item_0020,1,0.9437742851251183,0.9113727672519207,0.9714085948860692,0.9536107536574743,0.6597222222222222
developmental_synthetic,review_capacity_high,world_bottleneck-seed-8166473292603767607,item_0021,1,0.9437742851251183,0.9113727672519207,0.9714085948860692,0.9536107536574743,0.6597222222222222
developmental_synthetic,review_capacity_high,world_bottleneck-seed-8166473292603767607,item_0022,1,0.9437742851251183,0.9113727672519207,0.9714085948860692,0.9536107536574743,0.6597222222222222
developmental_synthetic,review_capacity_high,world_bottleneck-seed-8166473292603767607,item_0023,1,0.9437742851251183,0.9113727672519207,0.9714085948860692,0.9536107536574743,0.6597222222222222
developmental_synthetic,review_capacity_high,world_bottleneck-seed-8166473292603767607,item_0024,1,0.9437742851251183,0.9113727672519207,0.9714085948860692,0.9536107536574743,0.6597222222222222
developmental_synthetic,review_capacity_high,world_bottleneck-seed-4170565587130884155,item_0001,1,0.9437742851251183,0.9113727672519207,0.9714085948860692,0.9536107536574743,0.6597222222222222
developmental_synthetic,review_capacity_high,world_bottleneck-seed-4170565587130884155,item_0002,1,0.9437742851251183,0.9113727672519207,0.9714085948860692,0.9536107536574743,0.6597222222222222
developmental_synthetic,review_capacity_high,world_bottleneck-seed-4170565587130884155,item_0003,1,0.9437742851251183,0.9113727672519207,0.9714085948860692,0.9536107536574743,0.6597222222222222
developmental_synthetic,review_capacity_high,world_bottleneck-seed-4170565587130884155,item_0004,1,0.9437742851251183,0.9113727672519207,0.9714085948860692,0.9536107536574743,0.6597222222222222
developmental_synthetic,review_capacity_high,world_bottleneck-seed-4170565587130884155,item_0005,1,0.9437742851251183,0.9113727672519207,0.9714085948860692,0.9536107536574743,0.6597222222222222
developmental_synthetic,review_capacity_high,world_bottleneck-seed-4170565587130884155,item_0006,1,0.9437742851251183,0.9113727672519207,0.9714085948860692,0.9536107536574743,0.6597222222222222
developmental_synthetic,review_capacity_high,world_bottleneck-seed-4170565587130884155,item_0007,1,0.9437742851251183,0.9113727672519207,0.9714085948860692,0.9536107536574743,0.6597222222222222
developmental_synthetic,review_capacity_high,world_bottleneck-seed-4170565587130884155,item_0008,1,0.9437742851251183,0.9113727672519207,0.9714085948860692,0.9536107536574743,0.6597222222222222
developmental_synthetic,review_capacity_high,world_bottleneck-seed-4170565587130884155,item_0009,1,0.9437742851251183,0.9113727672519207,0.9714085948860692,0.9536107536574743,0.6597222222222222
developmental_synthetic,review_capacity_high,world_bottleneck-seed-4170565587130884155,item_0010,1,0.9437742851251183,0.9113727672519207,0.9714085948860692,0.9536107536574743,0.6597222222222222
developmental_synthetic,review_capacity_high,world_bottleneck-seed-4170565587130884155,item_0011,1,0.9437742851251183,0.9113727672519207,0.9714085948860692,0.9536107536574743,0.6597222222222222
developmental_synthetic,review_capacity_high,world_bottleneck-seed-4170565587130884155,item_0012,1,0.9437742851251183,0.9113727672519207,0.9714085948860692,0.9536107536574743,0.6597222222222222
developmental_synthetic,review_capacity_high,world_bottleneck-seed-4170565587130884155,item_0013,1,0.9437742851251183,0.9113727672519207,0.9714085948860692,0.9536107536574743,0.6597222222222222
developmental_synthetic,review_capacity_high,world_bottleneck-seed-4170565587130884155,item_0014,1,0.9437742851251183,0.9113727672519207,0.9714085948860692,0.9536107536574743,0.6597222222222222
developmental_synthetic,review_capacity_high,world_bottleneck-seed-4170565587130884155,item_0015,1,0.9437742851251183,0.9113727672519207,0.9714085948860692,0.9536107536574743,0.6597222222222222
developmental_synthetic,review_capacity_high,world_bottleneck-seed-4170565587130884155,item_0016,1,0.9437742851251183,0.9113727672519207,0.9714085948860692,0.9536107536574743,0.6597222222222222
developmental_synthetic,review_capacity_high,world_bottleneck-seed-4170565587130884155,item_0017,1,0.9437742851251183,0.9113727672519207,0.9714085948860692,0.9536107536574743,0.6597222222222222
developmental_synthetic,review_capacity_high,world_bottleneck-seed-4170565587130884155,item_0018,1,0.9437742851251183,0.9113727672519207,0.9714085948860692,0.9536107536574743,0.6597222222222222
developmental_synthetic,review_capacity_high,world_bottleneck-seed-4170565587130884155,item_0019,1,0.9437742851251183,0.9113727672519207,0.9714085948860692,0.9536107536574743,0.6597222222222222
developmental_synthetic,review_capacity_high,world_bottleneck-seed-4170565587130884155,item_0020,1,0.9437742851251183,0.9113727672519207,0.9714085948860692,0.9536107536574743,0.6597222222222222
developmental_synthetic,review_capacity_high,world_bottleneck-seed-4170565587130884155,item_0021,1,0.9437742851251183,0.9113727672519207,0.9714085948860692,0.9536107536574743,0.6597222222222222
developmental_synthetic,review_capacity_high,world_bottleneck-seed-4170565587130884155,item_0022,1,0.9437742851251183,0.9113727672519207,0.9714085948860692,0.9536107536574743,0.6597222222222222
developmental_synthetic,review_capacity_high,world_bottleneck-seed-4170565587130884155,item_0023,1,0.9437742851251183,0.9113727672519207,0.9714085948860692,0.9536107536574743,0.6597222222222222
developmental_synthetic,review_capacity_high,world_bottleneck-seed-4170565587130884155,item_0024,1,0.9437742851251183,0.9113727672519207,0.9714085948860692,0.9536107536574743,0.6597222222222222
developmental_synthetic,review_capacity_high,world_bottleneck-seed-2717423041065866496,item_0001,1,0.9437742851251183,0.9113727672519207,0.9714085948860692,0.9536107536574743,0.6597222222222222
developmental_synthetic,review_capacity_high,world_bottleneck-seed-2717423041065866496,item_0002,0,0.9437742851251183,0.9113727672519207,0.9714085948860692,0.9536107536574743,0.6597222222222222
developmental_synthetic,review_capacity_high,world_bottleneck-seed-2717423041065866496,item_0003,1,0.9437742851251183,0.9113727672519207,0.9714085948860692,0.9536107536574743,0.6597222222222222
developmental_synthetic,review_capacity_high,world_bottleneck-seed-2717423041065866496,item_0004,0,0.9437742851251183,0.9113727672519207,0.9714085948860692,0.9536107536574743,0.6597222222222222
developmental_synthetic,review_capacity_high,world_bottleneck-seed-2717423041065866496,item_0005,1,0.9437742851251183,0.9113727672519207,0.9714085948860692,0.9536107536574743,0.6597222222222222
developmental_synthetic,review_capacity_high,world_bottleneck-seed-2717423041065866496,item_0006,0,0.9437742851251183,0.9113727672519207,0.9714085948860692,0.9536107536574743,0.6597222222222222
developmental_synthetic,review_capacity_high,world_bottleneck-seed-2717423041065866496,item_0007,1,0.9437742851251183,0.9113727672519207,0.9714085948860692,0.9536107536574743,0.6597222222222222
developmental_synthetic,review_capacity_high,world_bottleneck-seed-2717423041065866496,item_0008,0,0.9437742851251183,0.9113727672519207,0.9714085948860692,0.9536107536574743,0.6597222222222222
developmental_synthetic,review_capacity_high,world_bottleneck-seed-2717423041065866496,item_0009,1,0.9437742851251183,0.9113727672519207,0.9714085948860692,0.9536107536574743,0.6597222222222222
developmental_synthetic,review_capacity_high,world_bottleneck-seed-2717423041065866496,item_0010,0,0.9437742851251183,0.9113727672519207,0.9714085948860692,0.9536107536574743,0.6597222222222222
developmental_synthetic,review_capacity_high,world_bottleneck-seed-2717423041065866496,item_0011,1,0.9437742851251183,0.9113727672519207,0.9714085948860692,0.9536107536574743,0.6597222222222222
developmental_synthetic,review_capacity_high,world_bottleneck-seed-2717423041065866496,item_0012,0,0.9437742851251183,0.9113727672519207,0.9714085948860692,0.9536107536574743,0.6597222222222222
developmental_synthetic,review_capacity_high,world_bottleneck-seed-2717423041065866496,item_0013,1,0.9437742851251183,0.9113727672519207,0.9714085948860692,0.9536107536574743,0.6597222222222222
developmental_synthetic,review_capacity_high,world_bottleneck-seed-2717423041065866496,item_0014,0,0.9437742851251183,0.9113727672519207,0.9714085948860692,0.9536107536574743,0.6597222222222222
developmental_synthetic,review_capacity_high,world_bottleneck-seed-2717423041065866496,item_0015,1,0.9437742851251183,0.9113727672519207,0.9714085948860692,0.9536107536574743,0.6597222222222222
developmental_synthetic,review_capacity_high,world_bottleneck-seed-2717423041065866496,item_0016,0,0.9437742851251183,0.9113727672519207,0.9714085948860692,0.9536107536574743,0.6597222222222222
developmental_synthetic,review_capacity_high,world_bottleneck-seed-2717423041065866496,item_0017,1,0.9437742851251183,0.9113727672519207,0.9714085948860692,0.9536107536574743,0.6597222222222222
developmental_synthetic,review_capacity_high,world_bottleneck-seed-2717423041065866496,item_0018,0,0.9437742851251183,0.9113727672519207,0.9714085948860692,0.9536107536574743,0.6597222222222222
developmental_synthetic,review_capacity_high,world_bottleneck-seed-2717423041065866496,item_0019,1,0.9437742851251183,0.9113727672519207,0.9714085948860692,0.9536107536574743,0.6597222222222222
developmental_synthetic,review_capacity_high,world_bottleneck-seed-2717423041065866496,item_0020,0,0.9437742851251183,0.9113727672519207,0.9714085948860692,0.9536107536574743,0.6597222222222222
developmental_synthetic,review_capacity_high,world_bottleneck-seed-2717423041065866496,item_0021,0,0.9437742851251183,0.9113727672519207,0.9714085948860692,0.9536107536574743,0.6597222222222222
developmental_synthetic,review_capacity_high,world_bottleneck-seed-2717423041065866496,item_0022,0,0.9437742851251183,0.9113727672519207,0.9714085948860692,0.9536107536574743,0.6597222222222222
developmental_synthetic,review_capacity_high,world_bottleneck-seed-2717423041065866496,item_0023,1,0.9437742851251183,0.9113727672519207,0.9714085948860692,0.9536107536574743,0.6597222222222222
developmental_synthetic,review_capacity_high,world_bottleneck-seed-2717423041065866496,item_0024,0,0.9437742851251183,0.9113727672519207,0.9714085948860692,0.9536107536574743,0.6597222222222222
developmental_synthetic,review_capacity_high,world_bottleneck-seed-3300210048293211683,item_0001,1,0.9437742851251183,0.9113727672519207,0.9714085948860692,0.9536107536574743,0.6597222222222222
developmental_synthetic,review_capacity_high,world_bottleneck-seed-3300210048293211683,item_0002,1,0.9437742851251183,0.9113727672519207,0.9714085948860692,0.9536107536574743,0.6597222222222222
developmental_synthetic,review_capacity_high,world_bottleneck-seed-3300210048293211683,item_0003,1,0.9437742851251183,0.9113727672519207,0.9714085948860692,0.9536107536574743,0.6597222222222222
developmental_synthetic,review_capacity_high,world_bottleneck-seed-3300210048293211683,item_0004,1,0.9437742851251183,0.9113727672519207,0.9714085948860692,0.9536107536574743,0.6597222222222222
developmental_synthetic,review_capacity_high,world_bottleneck-seed-3300210048293211683,item_0005,1,0.9437742851251183,0.9113727672519207,0.9714085948860692,0.9536107536574743,0.6597222222222222
developmental_synthetic,review_capacity_high,world_bottleneck-seed-3300210048293211683,item_0006,1,0.9437742851251183,0.9113727672519207,0.9714085948860692,0.9536107536574743,0.6597222222222222
developmental_synthetic,review_capacity_high,world_bottleneck-seed-3300210048293211683,item_0007,1,0.9437742851251183,0.9113727672519207,0.9714085948860692,0.9536107536574743,0.6597222222222222
developmental_synthetic,review_capacity_high,world_bottleneck-seed-3300210048293211683,item_0008,1,0.9437742851251183,0.9113727672519207,0.9714085948860692,0.9536107536574743,0.6597222222222222
developmental_synthetic,review_capacity_high,world_bottleneck-seed-3300210048293211683,item_0009,1,0.9437742851251183,0.9113727672519207,0.9714085948860692,0.9536107536574743,0.6597222222222222
developmental_synthetic,review_capacity_high,world_bottleneck-seed-3300210048293211683,item_0010,1,0.9437742851251183,0.9113727672519207,0.9714085948860692,0.9536107536574743,0.6597222222222222
developmental_synthetic,review_capacity_high,world_bottleneck-seed-3300210048293211683,item_0011,1,0.9437742851251183,0.9113727672519207,0.9714085948860692,0.9536107536574743,0.6597222222222222
developmental_synthetic,review_capacity_high,world_bottleneck-seed-3300210048293211683,item_0012,1,0.9437742851251183,0.9113727672519207,0.9714085948860692,0.9536107536574743,0.6597222222222222
developmental_synthetic,review_capacity_high,world_bottleneck-seed-3300210048293211683,item_0013,1,0.9437742851251183,0.9113727672519207,0.9714085948860692,0.9536107536574743,0.6597222222222222
developmental_synthetic,review_capacity_high,world_bottleneck-seed-3300210048293211683,item_0014,1,0.9437742851251183,0.9113727672519207,0.9714085948860692,0.9536107536574743,0.6597222222222222
developmental_synthetic,review_capacity_high,world_bottleneck-seed-3300210048293211683,item_0015,1,0.9437742851251183,0.9113727672519207,0.9714085948860692,0.9536107536574743,0.6597222222222222
developmental_synthetic,review_capacity_high,world_bottleneck-seed-3300210048293211683,item_0016,1,0.9437742851251183,0.9113727672519207,0.9714085948860692,0.9536107536574743,0.6597222222222222
developmental_synthetic,review_capacity_high,world_bottleneck-seed-3300210048293211683,item_0017,1,0.9437742851251183,0.9113727672519207,0.9714085948860692,0.9536107536574743,0.6597222222222222
developmental_synthetic,review_capacity_high,world_bottleneck-seed-3300210048293211683,item_0018,1,0.9437742851251183,0.9113727672519207,0.9714085948860692,0.9536107536574743,0.6597222222222222
developmental_synthetic,review_capacity_high,world_bottleneck-seed-3300210048293211683,item_0019,1,0.9437742851251183,0.9113727672519207,0.9714085948860692,0.9536107536574743,0.6597222222222222
developmental_synthetic,review_capacity_high,world_bottleneck-seed-3300210048293211683,item_0020,1,0.9437742851251183,0.9113727672519207,0.9714085948860692,0.9536107536574743,0.6597222222222222
developmental_synthetic,review_capacity_high,world_bottleneck-seed-3300210048293211683,item_0021,1,0.9437742851251183,0.9113727672519207,0.9714085948860692,0.9536107536574743,0.6597222222222222
developmental_synthetic,review_capacity_high,world_bottleneck-seed-3300210048293211683,item_0022,1,0.9437742851251183,0.9113727672519207,0.9714085948860692,0.9536107536574743,0.6597222222222222
developmental_synthetic,review_capacity_high,world_bottleneck-seed-3300210048293211683,item_0023,1,0.9437742851251183,0.9113727672519207,0.9714085948860692,0.9536107536574743,0.6597222222222222
developmental_synthetic,review_capacity_high,world_bottleneck-seed-3300210048293211683,item_0024,1,0.9437742851251183,0.9113727672519207,0.9714085948860692,0.9536107536574743,0.6597222222222222
developmental_synthetic,review_capacity_high,world_bottleneck-seed-8029632760491593691,item_0001,1,0.9437742851251183,0.9113727672519207,0.9714085948860692,0.9536107536574743,0.6597222222222222
developmental_synthetic,review_capacity_high,world_bottleneck-seed-8029632760491593691,item_0002,0,0.9437742851251183,0.9113727672519207,0.9714085948860692,0.9536107536574743,0.6597222222222222
developmental_synthetic,review_capacity_high,world_bottleneck-seed-8029632760491593691,item_0003,1,0.9437742851251183,0.9113727672519207,0.9714085948860692,0.9536107536574743,0.6597222222222222
developmental_synthetic,review_capacity_high,world_bottleneck-seed-8029632760491593691,item_0004,0,0.9437742851251183,0.9113727672519207,0.9714085948860692,0.9536107536574743,0.6597222222222222
developmental_synthetic,review_capacity_high,world_bottleneck-seed-8029632760491593691,item_0005,1,0.9437742851251183,0.9113727672519207,0.9714085948860692,0.9536107536574743,0.6597222222222222
developmental_synthetic,review_capacity_high,world_bottleneck-seed-8029632760491593691,item_0006,0,0.9437742851251183,0.9113727672519207,0.9714085948860692,0.9536107536574743,0.6597222222222222
developmental_synthetic,review_capacity_high,world_bottleneck-seed-8029632760491593691,item_0007,1,0.9437742851251183,0.9113727672519207,0.9714085948860692,0.9536107536574743,0.6597222222222222
developmental_synthetic,review_capacity_high,world_bottleneck-seed-8029632760491593691,item_0008,0,0.9437742851251183,0.9113727672519207,0.9714085948860692,0.9536107536574743,0.6597222222222222
developmental_synthetic,review_capacity_high,world_bottleneck-seed-8029632760491593691,item_0009,0,0.9437742851251183,0.9113727672519207,0.9714085948860692,0.9536107536574743,0.6597222222222222
developmental_synthetic,review_capacity_high,world_bottleneck-seed-8029632760491593691,item_0010,0,0.9437742851251183,0.9113727672519207,0.9714085948860692,0.9536107536574743,0.6597222222222222
developmental_synthetic,review_capacity_high,world_bottleneck-seed-8029632760491593691,item_0011,1,0.9437742851251183,0.9113727672519207,0.9714085948860692,0.9536107536574743,0.6597222222222222
developmental_synthetic,review_capacity_high,world_bottleneck-seed-8029632760491593691,item_0012,0,0.9437742851251183,0.9113727672519207,0.9714085948860692,0.9536107536574743,0.6597222222222222
developmental_synthetic,review_capacity_high,world_bottleneck-seed-8029632760491593691,item_0013,1,0.9437742851251183,0.9113727672519207,0.9714085948860692,0.9536107536574743,0.6597222222222222
developmental_synthetic,review_capacity_high,world_bottleneck-seed-8029632760491593691,item_0014,0,0.9437742851251183,0.9113727672519207,0.9714085948860692,0.9536107536574743,0.6597222222222222
developmental_synthetic,review_capacity_high,world_bottleneck-seed-8029632760491593691,item_0015,1,0.9437742851251183,0.9113727672519207,0.9714085948860692,0.9536107536574743,0.6597222222222222
developmental_synthetic,review_capacity_high,world_bottleneck-seed-8029632760491593691,item_0016,0,0.9437742851251183,0.9113727672519207,0.9714085948860692,0.9536107536574743,0.6597222222222222
developmental_synthetic,review_capacity_high,world_bottleneck-seed-8029632760491593691,item_0017,1,0.9437742851251183,0.9113727672519207,0.9714085948860692,0.9536107536574743,0.6597222222222222
developmental_synthetic,review_capacity_high,world_bottleneck-seed-8029632760491593691,item_0018,0,0.9437742851251183,0.9113727672519207,0.9714085948860692,0.9536107536574743,0.6597222222222222
developmental_synthetic,review_capacity_high,world_bottleneck-seed-8029632760491593691,item_0019,1,0.9437742851251183,0.9113727672519207,0.9714085948860692,0.9536107536574743,0.6597222222222222
developmental_synthetic,review_capacity_high,world_bottleneck-seed-8029632760491593691,item_0020,0,0.9437742851251183,0.9113727672519207,0.9714085948860692,0.9536107536574743,0.6597222222222222
developmental_synthetic,review_capacity_high,world_bottleneck-seed-8029632760491593691,item_0021,1,0.9437742851251183,0.9113727672519207,0.9714085948860692,0.9536107536574743,0.6597222222222222
developmental_synthetic,review_capacity_high,world_bottleneck-seed-8029632760491593691,item_0022,0,0.9437742851251183,0.9113727672519207,0.9714085948860692,0.9536107536574743,0.6597222222222222
developmental_synthetic,review_capacity_high,world_bottleneck-seed-8029632760491593691,item_0023,1,0.9437742851251183,0.9113727672519207,0.9714085948860692,0.9536107536574743,0.6597222222222222
developmental_synthetic,review_capacity_high,world_bottleneck-seed-8029632760491593691,item_0024,0,0.9437742851251183,0.9113727672519207,0.9714085948860692,0.9536107536574743,0.6597222222222222
developmental_synthetic,review_capacity_high,world_bottleneck-seed-1942033208343472871,item_0001,1,0.9437742851251183,0.9113727672519207,0.9714085948860692,0.9536107536574743,0.6597222222222222
developmental_synthetic,review_capacity_high,world_bottleneck-seed-1942033208343472871,item_0002,1,0.9437742851251183,0.9113727672519207,0.9714085948860692,0.9536107536574743,0.6597222222222222
developmental_synthetic,review_capacity_high,world_bottleneck-seed-1942033208343472871,item_0003,1,0.9437742851251183,0.9113727672519207,0.9714085948860692,0.9536107536574743,0.6597222222222222
developmental_synthetic,review_capacity_high,world_bottleneck-seed-1942033208343472871,item_0004,1,0.9437742851251183,0.9113727672519207,0.9714085948860692,0.9536107536574743,0.6597222222222222
developmental_synthetic,review_capacity_high,world_bottleneck-seed-1942033208343472871,item_0005,1,0.9437742851251183,0.9113727672519207,0.9714085948860692,0.9536107536574743,0.6597222222222222
developmental_synthetic,review_capacity_high,world_bottleneck-seed-1942033208343472871,item_0006,1,0.9437742851251183,0.9113727672519207,0.9714085948860692,0.9536107536574743,0.6597222222222222
developmental_synthetic,review_capacity_high,world_bottleneck-seed-1942033208343472871,item_0007,1,0.9437742851251183,0.9113727672519207,0.9714085948860692,0.9536107536574743,0.6597222222222222
developmental_synthetic,review_capacity_high,world_bottleneck-seed-1942033208343472871,item_0008,1,0.9437742851251183,0.9113727672519207,0.9714085948860692,0.9536107536574743,0.6597222222222222
developmental_synthetic,review_capacity_high,world_bottleneck-seed-1942033208343472871,item_0009,1,0.9437742851251183,0.9113727672519207,0.9714085948860692,0.9536107536574743,0.6597222222222222
developmental_synthetic,review_capacity_high,world_bottleneck-seed-1942033208343472871,item_0010,1,0.9437742851251183,0.9113727672519207,0.9714085948860692,0.9536107536574743,0.6597222222222222
developmental_synthetic,review_capacity_high,world_bottleneck-seed-1942033208343472871,item_0011,1,0.9437742851251183,0.9113727672519207,0.9714085948860692,0.9536107536574743,0.6597222222222222
developmental_synthetic,review_capacity_high,world_bottleneck-seed-1942033208343472871,item_0012,0,0.9437742851251183,0.9113727672519207,0.9714085948860692,0.9536107536574743,0.6597222222222222
developmental_synthetic,review_capacity_high,world_bottleneck-seed-1942033208343472871,item_0013,1,0.9437742851251183,0.9113727672519207,0.9714085948860692,0.9536107536574743,0.6597222222222222
developmental_synthetic,review_capacity_high,world_bottleneck-seed-1942033208343472871,item_0014,1,0.9437742851251183,0.9113727672519207,0.9714085948860692,0.9536107536574743,0.6597222222222222
developmental_synthetic,review_capacity_high,world_bottleneck-seed-1942033208343472871,item_0015,1,0.9437742851251183,0.9113727672519207,0.9714085948860692,0.9536107536574743,0.6597222222222222
developmental_synthetic,review_capacity_high,world_bottleneck-seed-1942033208343472871,item_0016,1,0.9437742851251183,0.9113727672519207,0.9714085948860692,0.9536107536574743,0.6597222222222222
developmental_synthetic,review_capacity_high,world_bottleneck-seed-1942033208343472871,item_0017,1,0.9437742851251183,0.9113727672519207,0.9714085948860692,0.9536107536574743,0.6597222222222222
developmental_synthetic,review_capacity_high,world_bottleneck-seed-1942033208343472871,item_0018,1,0.9437742851251183,0.9113727672519207,0.9714085948860692,0.9536107536574743,0.6597222222222222
developmental_synthetic,review_capacity_high,world_bottleneck-seed-1942033208343472871,item_0019,1,0.9437742851251183,0.9113727672519207,0.9714085948860692,0.9536107536574743,0.6597222222222222
developmental_synthetic,review_capacity_high,world_bottleneck-seed-1942033208343472871,item_0020,1,0.9437742851251183,0.9113727672519207,0.9714085948860692,0.9536107536574743,0.6597222222222222
developmental_synthetic,review_capacity_high,world_bottleneck-seed-1942033208343472871,item_0021,1,0.9437742851251183,0.9113727672519207,0.9714085948860692,0.9536107536574743,0.6597222222222222
developmental_synthetic,review_capacity_high,world_bottleneck-seed-1942033208343472871,item_0022,1,0.9437742851251183,0.9113727672519207,0.9714085948860692,0.9536107536574743,0.6597222222222222
developmental_synthetic,review_capacity_high,world_bottleneck-seed-1942033208343472871,item_0023,1,0.9437742851251183,0.9113727672519207,0.9714085948860692,0.9536107536574743,0.6597222222222222
developmental_synthetic,review_capacity_high,world_bottleneck-seed-1942033208343472871,item_0024,1,0.9437742851251183,0.9113727672519207,0.9714085948860692,0.9536107536574743,0.6597222222222222
developmental_synthetic,review_capacity_high,world_bottleneck-seed-4316497584180809060,item_0001,1,0.9437742851251183,0.9113727672519207,0.9714085948860692,0.9536107536574743,0.6597222222222222
developmental_synthetic,review_capacity_high,world_bottleneck-seed-4316497584180809060,item_0002,1,0.9437742851251183,0.9113727672519207,0.9714085948860692,0.9536107536574743,0.6597222222222222
developmental_synthetic,review_capacity_high,world_bottleneck-seed-4316497584180809060,item_0003,1,0.9437742851251183,0.9113727672519207,0.9714085948860692,0.9536107536574743,0.6597222222222222
developmental_synthetic,review_capacity_high,world_bottleneck-seed-4316497584180809060,item_0004,1,0.9437742851251183,0.9113727672519207,0.9714085948860692,0.9536107536574743,0.6597222222222222
developmental_synthetic,review_capacity_high,world_bottleneck-seed-4316497584180809060,item_0005,1,0.9437742851251183,0.9113727672519207,0.9714085948860692,0.9536107536574743,0.6597222222222222
developmental_synthetic,review_capacity_high,world_bottleneck-seed-4316497584180809060,item_0006,1,0.9437742851251183,0.9113727672519207,0.9714085948860692,0.9536107536574743,0.6597222222222222
developmental_synthetic,review_capacity_high,world_bottleneck-seed-4316497584180809060,item_0007,1,0.9437742851251183,0.9113727672519207,0.9714085948860692,0.9536107536574743,0.6597222222222222
developmental_synthetic,review_capacity_high,world_bottleneck-seed-4316497584180809060,item_0008,1,0.9437742851251183,0.9113727672519207,0.9714085948860692,0.9536107536574743,0.6597222222222222
developmental_synthetic,review_capacity_high,world_bottleneck-seed-4316497584180809060,item_0009,1,0.9437742851251183,0.9113727672519207,0.9714085948860692,0.9536107536574743,0.6597222222222222
developmental_synthetic,review_capacity_high,world_bottleneck-seed-4316497584180809060,item_0010,1,0.9437742851251183,0.9113727672519207,0.9714085948860692,0.9536107536574743,0.6597222222222222
developmental_synthetic,review_capacity_high,world_bottleneck-seed-4316497584180809060,item_0011,1,0.9437742851251183,0.9113727672519207,0.9714085948860692,0.9536107536574743,0.6597222222222222
developmental_synthetic,review_capacity_high,world_bottleneck-seed-4316497584180809060,item_0012,1,0.9437742851251183,0.9113727672519207,0.9714085948860692,0.9536107536574743,0.6597222222222222
developmental_synthetic,review_capacity_high,world_bottleneck-seed-4316497584180809060,item_0013,1,0.9437742851251183,0.9113727672519207,0.9714085948860692,0.9536107536574743,0.6597222222222222
developmental_synthetic,review_capacity_high,world_bottleneck-seed-4316497584180809060,item_0014,1,0.9437742851251183,0.9113727672519207,0.9714085948860692,0.9536107536574743,0.6597222222222222
developmental_synthetic,review_capacity_high,world_bottleneck-seed-4316497584180809060,item_0015,1,0.9437742851251183,0.9113727672519207,0.9714085948860692,0.9536107536574743,0.6597222222222222
developmental_synthetic,review_capacity_high,world_bottleneck-seed-4316497584180809060,item_0016,1,0.9437742851251183,0.9113727672519207,0.9714085948860692,0.9536107536574743,0.6597222222222222
developmental_synthetic,review_capacity_high,world_bottleneck-seed-4316497584180809060,item_0017,1,0.9437742851251183,0.9113727672519207,0.9714085948860692,0.9536107536574743,0.6597222222222222
developmental_synthetic,review_capacity_high,world_bottleneck-seed-4316497584180809060,item_0018,1,0.9437742851251183,0.9113727672519207,0.9714085948860692,0.9536107536574743,0.6597222222222222
developmental_synthetic,review_capacity_high,world_bottleneck-seed-4316497584180809060,item_0019,1,0.9437742851251183,0.9113727672519207,0.9714085948860692,0.9536107536574743,0.6597222222222222
developmental_synthetic,review_capacity_high,world_bottleneck-seed-4316497584180809060,item_0020,1,0.9437742851251183,0.9113727672519207,0.9714085948860692,0.9536107536574743,0.6597222222222222
developmental_synthetic,review_capacity_high,world_bottleneck-seed-4316497584180809060,item_0021,1,0.9437742851251183,0.9113727672519207,0.9714085948860692,0.9536107536574743,0.6597222222222222
developmental_synthetic,review_capacity_high,world_bottleneck-seed-4316497584180809060,item_0022,1,0.9437742851251183,0.9113727672519207,0.9714085948860692,0.9536107536574743,0.6597222222222222
developmental_synthetic,review_capacity_high,world_bottleneck-seed-4316497584180809060,item_0023,1,0.9437742851251183,0.9113727672519207,0.9714085948860692,0.9536107536574743,0.6597222222222222
developmental_synthetic,review_capacity_high,world_bottleneck-seed-4316497584180809060,item_0024,1,0.9437742851251183,0.9113727672519207,0.9714085948860692,0.9536107536574743,0.6597222222222222
developmental_synthetic,review_capacity_high,world_bottleneck-seed-267805246917825788,item_0001,0,0.9437742851251183,0.9113727672519207,0.9714085948860692,0.9536107536574743,0.6597222222222222
developmental_synthetic,review_capacity_high,world_bottleneck-seed-267805246917825788,item_0002,0,0.9437742851251183,0.9113727672519207,0.9714085948860692,0.9536107536574743,0.6597222222222222
developmental_synthetic,review_capacity_high,world_bottleneck-seed-267805246917825788,item_0003,1,0.9437742851251183,0.9113727672519207,0.9714085948860692,0.9536107536574743,0.6597222222222222
developmental_synthetic,review_capacity_high,world_bottleneck-seed-267805246917825788,item_0004,0,0.9437742851251183,0.9113727672519207,0.9714085948860692,0.9536107536574743,0.6597222222222222
developmental_synthetic,review_capacity_high,world_bottleneck-seed-267805246917825788,item_0005,1,0.9437742851251183,0.9113727672519207,0.9714085948860692,0.9536107536574743,0.6597222222222222
developmental_synthetic,review_capacity_high,world_bottleneck-seed-267805246917825788,item_0006,0,0.9437742851251183,0.9113727672519207,0.9714085948860692,0.9536107536574743,0.6597222222222222
developmental_synthetic,review_capacity_high,world_bottleneck-seed-267805246917825788,item_0007,1,0.9437742851251183,0.9113727672519207,0.9714085948860692,0.9536107536574743,0.6597222222222222
developmental_synthetic,review_capacity_high,world_bottleneck-seed-267805246917825788,item_0008,0,0.9437742851251183,0.9113727672519207,0.9714085948860692,0.9536107536574743,0.6597222222222222
developmental_synthetic,review_capacity_high,world_bottleneck-seed-267805246917825788,item_0009,1,0.9437742851251183,0.9113727672519207,0.9714085948860692,0.9536107536574743,0.6597222222222222
developmental_synthetic,review_capacity_high,world_bottleneck-seed-267805246917825788,item_0010,0,0.9437742851251183,0.9113727672519207,0.9714085948860692,0.9536107536574743,0.6597222222222222
developmental_synthetic,review_capacity_high,world_bottleneck-seed-267805246917825788,item_0011,1,0.9437742851251183,0.9113727672519207,0.9714085948860692,0.9536107536574743,0.6597222222222222
developmental_synthetic,review_capacity_high,world_bottleneck-seed-267805246917825788,item_0012,0,0.9437742851251183,0.9113727672519207,0.9714085948860692,0.9536107536574743,0.6597222222222222
developmental_synthetic,review_capacity_high,world_bottleneck-seed-267805246917825788,item_0013,1,0.9437742851251183,0.9113727672519207,0.9714085948860692,0.9536107536574743,0.6597222222222222
developmental_synthetic,review_capacity_high,world_bottleneck-seed-267805246917825788,item_0014,0,0.9437742851251183,0.9113727672519207,0.9714085948860692,0.9536107536574743,0.6597222222222222
developmental_synthetic,review_capacity_high,world_bottleneck-seed-267805246917825788,item_0015,1,0.9437742851251183,0.9113727672519207,0.9714085948860692,0.9536107536574743,0.6597222222222222
developmental_synthetic,review_capacity_high,world_bottleneck-seed-267805246917825788,item_0016,0,0.9437742851251183,0.9113727672519207,0.9714085948860692,0.9536107536574743,0.6597222222222222
developmental_synthetic,review_capacity_high,world_bottleneck-seed-267805246917825788,item_0017,1,0.9437742851251183,0.9113727672519207,0.9714085948860692,0.9536107536574743,0.6597222222222222
developmental_synthetic,review_capacity_high,world_bottleneck-seed-267805246917825788,item_0018,0,0.9437742851251183,0.9113727672519207,0.9714085948860692,0.9536107536574743,0.6597222222222222
developmental_synthetic,review_capacity_high,world_bottleneck-seed-267805246917825788,item_0019,1,0.9437742851251183,0.9113727672519207,0.9714085948860692,0.9536107536574743,0.6597222222222222
developmental_synthetic,review_capacity_high,world_bottleneck-seed-267805246917825788,item_0020,0,0.9437742851251183,0.9113727672519207,0.9714085948860692,0.9536107536574743,0.6597222222222222
developmental_synthetic,review_capacity_high,world_bottleneck-seed-267805246917825788,item_0021,1,0.9437742851251183,0.9113727672519207,0.9714085948860692,0.9536107536574743,0.6597222222222222
developmental_synthetic,review_capacity_high,world_bottleneck-seed-267805246917825788,item_0022,0,0.9437742851251183,0.9113727672519207,0.9714085948860692,0.9536107536574743,0.6597222222222222
developmental_synthetic,review_capacity_high,world_bottleneck-seed-267805246917825788,item_0023,0,0.9437742851251183,0.9113727672519207,0.9714085948860692,0.9536107536574743,0.6597222222222222
developmental_synthetic,review_capacity_high,world_bottleneck-seed-267805246917825788,item_0024,0,0.9437742851251183,0.9113727672519207,0.9714085948860692,0.9536107536574743,0.6597222222222222
developmental_synthetic,review_capacity_high,world_bottleneck-seed-5323512391870954056,item_0001,1,0.9437742851251183,0.9113727672519207,0.9714085948860692,0.9536107536574743,0.6597222222222222
developmental_synthetic,review_capacity_high,world_bottleneck-seed-5323512391870954056,item_0002,0,0.9437742851251183,0.9113727672519207,0.9714085948860692,0.9536107536574743,0.6597222222222222
developmental_synthetic,review_capacity_high,world_bottleneck-seed-5323512391870954056,item_0003,1,0.9437742851251183,0.9113727672519207,0.9714085948860692,0.9536107536574743,0.6597222222222222
developmental_synthetic,review_capacity_high,world_bottleneck-seed-5323512391870954056,item_0004,0,0.9437742851251183,0.9113727672519207,0.9714085948860692,0.9536107536574743,0.6597222222222222
developmental_synthetic,review_capacity_high,world_bottleneck-seed-5323512391870954056,item_0005,0,0.9437742851251183,0.9113727672519207,0.9714085948860692,0.9536107536574743,0.6597222222222222
developmental_synthetic,review_capacity_high,world_bottleneck-seed-5323512391870954056,item_0006,0,0.9437742851251183,0.9113727672519207,0.9714085948860692,0.9536107536574743,0.6597222222222222
developmental_synthetic,review_capacity_high,world_bottleneck-seed-5323512391870954056,item_0007,1,0.9437742851251183,0.9113727672519207,0.9714085948860692,0.9536107536574743,0.6597222222222222
developmental_synthetic,review_capacity_high,world_bottleneck-seed-5323512391870954056,item_0008,0,0.9437742851251183,0.9113727672519207,0.9714085948860692,0.9536107536574743,0.6597222222222222
developmental_synthetic,review_capacity_high,world_bottleneck-seed-5323512391870954056,item_0009,1,0.9437742851251183,0.9113727672519207,0.9714085948860692,0.9536107536574743,0.6597222222222222
developmental_synthetic,review_capacity_high,world_bottleneck-seed-5323512391870954056,item_0010,0,0.9437742851251183,0.9113727672519207,0.9714085948860692,0.9536107536574743,0.6597222222222222
developmental_synthetic,review_capacity_high,world_bottleneck-seed-5323512391870954056,item_0011,1,0.9437742851251183,0.9113727672519207,0.9714085948860692,0.9536107536574743,0.6597222222222222
developmental_synthetic,review_capacity_high,world_bottleneck-seed-5323512391870954056,item_0012,0,0.9437742851251183,0.9113727672519207,0.9714085948860692,0.9536107536574743,0.6597222222222222
developmental_synthetic,review_capacity_high,world_bottleneck-seed-5323512391870954056,item_0013,1,0.9437742851251183,0.9113727672519207,0.9714085948860692,0.9536107536574743,0.6597222222222222
developmental_synthetic,review_capacity_high,world_bottleneck-seed-5323512391870954056,item_0014,0,0.9437742851251183,0.9113727672519207,0.9714085948860692,0.9536107536574743,0.6597222222222222
developmental_synthetic,review_capacity_high,world_bottleneck-seed-5323512391870954056,item_0015,1,0.9437742851251183,0.9113727672519207,0.9714085948860692,0.9536107536574743,0.6597222222222222
developmental_synthetic,review_capacity_high,world_bottleneck-seed-5323512391870954056,item_0016,0,0.9437742851251183,0.9113727672519207,0.9714085948860692,0.9536107536574743,0.6597222222222222
developmental_synthetic,review_capacity_high,world_bottleneck-seed-5323512391870954056,item_0017,1,0.9437742851251183,0.9113727672519207,0.9714085948860692,0.9536107536574743,0.6597222222222222
developmental_synthetic,review_capacity_high,world_bottleneck-seed-5323512391870954056,item_0018,0,0.9437742851251183,0.9113727672519207,0.9714085948860692,0.9536107536574743,0.6597222222222222
developmental_synthetic,review_capacity_high,world_bottleneck-seed-5323512391870954056,item_0019,1,0.9437742851251183,0.9113727672519207,0.9714085948860692,0.9536107536574743,0.6597222222222222
developmental_synthetic,review_capacity_high,world_bottleneck-seed-5323512391870954056,item_0020,0,0.9437742851251183,0.9113727672519207,0.9714085948860692,0.9536107536574743,0.6597222222222222
developmental_synthetic,review_capacity_high,world_bottleneck-seed-5323512391870954056,item_0021,1,0.9437742851251183,0.9113727672519207,0.9714085948860692,0.9536107536574743,0.6597222222222222
developmental_synthetic,review_capacity_high,world_bottleneck-seed-5323512391870954056,item_0022,0,0.9437742851251183,0.9113727672519207,0.9714085948860692,0.9536107536574743,0.6597222222222222
developmental_synthetic,review_capacity_high,world_bottleneck-seed-5323512391870954056,item_0023,1,0.9437742851251183,0.9113727672519207,0.9714085948860692,0.9536107536574743,0.6597222222222222
developmental_synthetic,review_capacity_high,world_bottleneck-seed-5323512391870954056,item_0024,0,0.9437742851251183,0.9113727672519207,0.9714085948860692,0.9536107536574743,0.6597222222222222
developmental_synthetic,review_capacity_high,world_bottleneck-seed-1172434494149480746,item_0001,1,0.9437742851251183,0.9113727672519207,0.9714085948860692,0.9536107536574743,0.6597222222222222
developmental_synthetic,review_capacity_high,world_bottleneck-seed-1172434494149480746,item_0002,0,0.9437742851251183,0.9113727672519207,0.9714085948860692,0.9536107536574743,0.6597222222222222
developmental_synthetic,review_capacity_high,world_bottleneck-seed-1172434494149480746,item_0003,1,0.9437742851251183,0.9113727672519207,0.9714085948860692,0.9536107536574743,0.6597222222222222
developmental_synthetic,review_capacity_high,world_bottleneck-seed-1172434494149480746,item_0004,0,0.9437742851251183,0.9113727672519207,0.9714085948860692,0.9536107536574743,0.6597222222222222
developmental_synthetic,review_capacity_high,world_bottleneck-seed-1172434494149480746,item_0005,0,0.9437742851251183,0.9113727672519207,0.9714085948860692,0.9536107536574743,0.6597222222222222
developmental_synthetic,review_capacity_high,world_bottleneck-seed-1172434494149480746,item_0006,0,0.9437742851251183,0.9113727672519207,0.9714085948860692,0.9536107536574743,0.6597222222222222
developmental_synthetic,review_capacity_high,world_bottleneck-seed-1172434494149480746,item_0007,0,0.9437742851251183,0.9113727672519207,0.9714085948860692,0.9536107536574743,0.6597222222222222
developmental_synthetic,review_capacity_high,world_bottleneck-seed-1172434494149480746,item_0008,0,0.9437742851251183,0.9113727672519207,0.9714085948860692,0.9536107536574743,0.6597222222222222
developmental_synthetic,review_capacity_high,world_bottleneck-seed-1172434494149480746,item_0009,1,0.9437742851251183,0.9113727672519207,0.9714085948860692,0.9536107536574743,0.6597222222222222
developmental_synthetic,review_capacity_high,world_bottleneck-seed-1172434494149480746,item_0010,0,0.9437742851251183,0.9113727672519207,0.9714085948860692,0.9536107536574743,0.6597222222222222
developmental_synthetic,review_capacity_high,world_bottleneck-seed-1172434494149480746,item_0011,1,0.9437742851251183,0.9113727672519207,0.9714085948860692,0.9536107536574743,0.6597222222222222
developmental_synthetic,review_capacity_high,world_bottleneck-seed-1172434494149480746,item_0012,0,0.9437742851251183,0.9113727672519207,0.9714085948860692,0.9536107536574743,0.6597222222222222
developmental_synthetic,review_capacity_high,world_bottleneck-seed-1172434494149480746,item_0013,1,0.9437742851251183,0.9113727672519207,0.9714085948860692,0.9536107536574743,0.6597222222222222
developmental_synthetic,review_capacity_high,world_bottleneck-seed-1172434494149480746,item_0014,0,0.9437742851251183,0.9113727672519207,0.9714085948860692,0.9536107536574743,0.6597222222222222
developmental_synthetic,review_capacity_high,world_bottleneck-seed-1172434494149480746,item_0015,1,0.9437742851251183,0.9113727672519207,0.9714085948860692,0.9536107536574743,0.6597222222222222
developmental_synthetic,review_capacity_high,world_bottleneck-seed-1172434494149480746,item_0016,0,0.9437742851251183,0.9113727672519207,0.9714085948860692,0.9536107536574743,0.6597222222222222
developmental_synthetic,review_capacity_high,world_bottleneck-seed-1172434494149480746,item_0017,1,0.9437742851251183,0.9113727672519207,0.9714085948860692,0.9536107536574743,0.6597222222222222
developmental_synthetic,review_capacity_high,world_bottleneck-seed-1172434494149480746,item_0018,0,0.9437742851251183,0.9113727672519207,0.9714085948860692,0.9536107536574743,0.6597222222222222
developmental_synthetic,review_capacity_high,world_bottleneck-seed-1172434494149480746,item_0019,1,0.9437742851251183,0.9113727672519207,0.9714085948860692,0.9536107536574743,0.6597222222222222
developmental_synthetic,review_capacity_high,world_bottleneck-seed-1172434494149480746,item_0020,0,0.9437742851251183,0.9113727672519207,0.9714085948860692,0.9536107536574743,0.6597222222222222
developmental_synthetic,review_capacity_high,world_bottleneck-seed-1172434494149480746,item_0021,0,0.9437742851251183,0.9113727672519207,0.9714085948860692,0.9536107536574743,0.6597222222222222
developmental_synthetic,review_capacity_high,world_bottleneck-seed-1172434494149480746,item_0022,0,0.9437742851251183,0.9113727672519207,0.9714085948860692,0.9536107536574743,0.6597222222222222
developmental_synthetic,review_capacity_high,world_bottleneck-seed-1172434494149480746,item_0023,1,0.9437742851251183,0.9113727672519207,0.9714085948860692,0.9536107536574743,0.6597222222222222
developmental_synthetic,review_capacity_high,world_bottleneck-seed-1172434494149480746,item_0024,0,0.9437742851251183,0.9113727672519207,0.9714085948860692,0.9536107536574743,0.6597222222222222
developmental_synthetic,review_capacity_high,world_bottleneck-seed-5726125126166933359,item_0001,1,0.9437742851251183,0.9113727672519207,0.9714085948860692,0.9536107536574743,0.6597222222222222
developmental_synthetic,review_capacity_high,world_bottleneck-seed-5726125126166933359,item_0002,0,0.9437742851251183,0.9113727672519207,0.9714085948860692,0.9536107536574743,0.6597222222222222
developmental_synthetic,review_capacity_high,world_bottleneck-seed-5726125126166933359,item_0003,1,0.9437742851251183,0.9113727672519207,0.9714085948860692,0.9536107536574743,0.6597222222222222
developmental_synthetic,review_capacity_high,world_bottleneck-seed-5726125126166933359,item_0004,0,0.9437742851251183,0.9113727672519207,0.9714085948860692,0.9536107536574743,0.6597222222222222
developmental_synthetic,review_capacity_high,world_bottleneck-seed-5726125126166933359,item_0005,1,0.9437742851251183,0.9113727672519207,0.9714085948860692,0.9536107536574743,0.6597222222222222
developmental_synthetic,review_capacity_high,world_bottleneck-seed-5726125126166933359,item_0006,0,0.9437742851251183,0.9113727672519207,0.9714085948860692,0.9536107536574743,0.6597222222222222
developmental_synthetic,review_capacity_high,world_bottleneck-seed-5726125126166933359,item_0007,0,0.9437742851251183,0.9113727672519207,0.9714085948860692,0.9536107536574743,0.6597222222222222
developmental_synthetic,review_capacity_high,world_bottleneck-seed-5726125126166933359,item_0008,0,0.9437742851251183,0.9113727672519207,0.9714085948860692,0.9536107536574743,0.6597222222222222
developmental_synthetic,review_capacity_high,world_bottleneck-seed-5726125126166933359,item_0009,1,0.9437742851251183,0.9113727672519207,0.9714085948860692,0.9536107536574743,0.6597222222222222
developmental_synthetic,review_capacity_high,world_bottleneck-seed-5726125126166933359,item_0010,0,0.9437742851251183,0.9113727672519207,0.9714085948860692,0.9536107536574743,0.6597222222222222
developmental_synthetic,review_capacity_high,world_bottleneck-seed-5726125126166933359,item_0011,1,0.9437742851251183,0.9113727672519207,0.9714085948860692,0.9536107536574743,0.6597222222222222
developmental_synthetic,review_capacity_high,world_bottleneck-seed-5726125126166933359,item_0012,0,0.9437742851251183,0.9113727672519207,0.9714085948860692,0.9536107536574743,0.6597222222222222
developmental_synthetic,review_capacity_high,world_bottleneck-seed-5726125126166933359,item_0013,1,0.9437742851251183,0.9113727672519207,0.9714085948860692,0.9536107536574743,0.6597222222222222
developmental_synthetic,review_capacity_high,world_bottleneck-seed-5726125126166933359,item_0014,0,0.9437742851251183,0.9113727672519207,0.9714085948860692,0.9536107536574743,0.6597222222222222
developmental_synthetic,review_capacity_high,world_bottleneck-seed-5726125126166933359,item_0015,1,0.9437742851251183,0.9113727672519207,0.9714085948860692,0.9536107536574743,0.6597222222222222
developmental_synthetic,review_capacity_high,world_bottleneck-seed-5726125126166933359,item_0016,0,0.9437742851251183,0.9113727672519207,0.9714085948860692,0.9536107536574743,0.6597222222222222
developmental_synthetic,review_capacity_high,world_bottleneck-seed-5726125126166933359,item_0017,1,0.9437742851251183,0.9113727672519207,0.9714085948860692,0.9536107536574743,0.6597222222222222
developmental_synthetic,review_capacity_high,world_bottleneck-seed-5726125126166933359,item_0018,0,0.9437742851251183,0.9113727672519207,0.9714085948860692,0.9536107536574743,0.6597222222222222
developmental_synthetic,review_capacity_high,world_bottleneck-seed-5726125126166933359,item_0019,1,0.9437742851251183,0.9113727672519207,0.9714085948860692,0.9536107536574743,0.6597222222222222
developmental_synthetic,review_capacity_high,world_bottleneck-seed-5726125126166933359,item_0020,0,0.9437742851251183,0.9113727672519207,0.9714085948860692,0.9536107536574743,0.6597222222222222
developmental_synthetic,review_capacity_high,world_bottleneck-seed-5726125126166933359,item_0021,1,0.9437742851251183,0.9113727672519207,0.9714085948860692,0.9536107536574743,0.6597222222222222
developmental_synthetic,review_capacity_high,world_bottleneck-seed-5726125126166933359,item_0022,0,0.9437742851251183,0.9113727672519207,0.9714085948860692,0.9536107536574743,0.6597222222222222
developmental_synthetic,review_capacity_high,world_bottleneck-seed-5726125126166933359,item_0023,1,0.9437742851251183,0.9113727672519207,0.9714085948860692,0.9536107536574743,0.6597222222222222
developmental_synthetic,review_capacity_high,world_bottleneck-seed-5726125126166933359,item_0024,0,0.9437742851251183,0.9113727672519207,0.9714085948860692,0.9536107536574743,0.6597222222222222
developmental_synthetic,review_capacity_high,world_bottleneck-seed-319014136358887567,item_0001,1,0.9437742851251183,0.9113727672519207,0.9714085948860692,0.9536107536574743,0.6597222222222222
developmental_synthetic,review_capacity_high,world_bottleneck-seed-319014136358887567,item_0002,1,0.9437742851251183,0.9113727672519207,0.9714085948860692,0.9536107536574743,0.6597222222222222
developmental_synthetic,review_capacity_high,world_bottleneck-seed-319014136358887567,item_0003,1,0.9437742851251183,0.9113727672519207,0.9714085948860692,0.9536107536574743,0.6597222222222222
developmental_synthetic,review_capacity_high,world_bottleneck-seed-319014136358887567,item_0004,1,0.9437742851251183,0.9113727672519207,0.9714085948860692,0.9536107536574743,0.6597222222222222
developmental_synthetic,review_capacity_high,world_bottleneck-seed-319014136358887567,item_0005,1,0.9437742851251183,0.9113727672519207,0.9714085948860692,0.9536107536574743,0.6597222222222222
developmental_synthetic,review_capacity_high,world_bottleneck-seed-319014136358887567,item_0006,1,0.9437742851251183,0.9113727672519207,0.9714085948860692,0.9536107536574743,0.6597222222222222
developmental_synthetic,review_capacity_high,world_bottleneck-seed-319014136358887567,item_0007,1,0.9437742851251183,0.9113727672519207,0.9714085948860692,0.9536107536574743,0.6597222222222222
developmental_synthetic,review_capacity_high,world_bottleneck-seed-319014136358887567,item_0008,1,0.9437742851251183,0.9113727672519207,0.9714085948860692,0.9536107536574743,0.6597222222222222
developmental_synthetic,review_capacity_high,world_bottleneck-seed-319014136358887567,item_0009,1,0.9437742851251183,0.9113727672519207,0.9714085948860692,0.9536107536574743,0.6597222222222222
developmental_synthetic,review_capacity_high,world_bottleneck-seed-319014136358887567,item_0010,1,0.9437742851251183,0.9113727672519207,0.9714085948860692,0.9536107536574743,0.6597222222222222
developmental_synthetic,review_capacity_high,world_bottleneck-seed-319014136358887567,item_0011,1,0.9437742851251183,0.9113727672519207,0.9714085948860692,0.9536107536574743,0.6597222222222222
developmental_synthetic,review_capacity_high,world_bottleneck-seed-319014136358887567,item_0012,1,0.9437742851251183,0.9113727672519207,0.9714085948860692,0.9536107536574743,0.6597222222222222
developmental_synthetic,review_capacity_high,world_bottleneck-seed-319014136358887567,item_0013,1,0.9437742851251183,0.9113727672519207,0.9714085948860692,0.9536107536574743,0.6597222222222222
developmental_synthetic,review_capacity_high,world_bottleneck-seed-319014136358887567,item_0014,1,0.9437742851251183,0.9113727672519207,0.9714085948860692,0.9536107536574743,0.6597222222222222
developmental_synthetic,review_capacity_high,world_bottleneck-seed-319014136358887567,item_0015,1,0.9437742851251183,0.9113727672519207,0.9714085948860692,0.9536107536574743,0.6597222222222222
developmental_synthetic,review_capacity_high,world_bottleneck-seed-319014136358887567,item_0016,1,0.9437742851251183,0.9113727672519207,0.9714085948860692,0.9536107536574743,0.6597222222222222
developmental_synthetic,review_capacity_high,world_bottleneck-seed-319014136358887567,item_0017,1,0.9437742851251183,0.9113727672519207,0.9714085948860692,0.9536107536574743,0.6597222222222222
developmental_synthetic,review_capacity_high,world_bottleneck-seed-319014136358887567,item_0018,1,0.9437742851251183,0.9113727672519207,0.9714085948860692,0.9536107536574743,0.6597222222222222
developmental_synthetic,review_capacity_high,world_bottleneck-seed-319014136358887567,item_0019,1,0.9437742851251183,0.9113727672519207,0.9714085948860692,0.9536107536574743,0.6597222222222222
developmental_synthetic,review_capacity_high,world_bottleneck-seed-319014136358887567,item_0020,1,0.9437742851251183,0.9113727672519207,0.9714085948860692,0.9536107536574743,0.6597222222222222
developmental_synthetic,review_capacity_high,world_bottleneck-seed-319014136358887567,item_0021,1,0.9437742851251183,0.9113727672519207,0.9714085948860692,0.9536107536574743,0.6597222222222222
developmental_synthetic,review_capacity_high,world_bottleneck-seed-319014136358887567,item_0022,1,0.9437742851251183,0.9113727672519207,0.9714085948860692,0.9536107536574743,0.6597222222222222
developmental_synthetic,review_capacity_high,world_bottleneck-seed-319014136358887567,item_0023,1,0.9437742851251183,0.9113727672519207,0.9714085948860692,0.9536107536574743,0.6597222222222222
developmental_synthetic,review_capacity_high,world_bottleneck-seed-319014136358887567,item_0024,1,0.9437742851251183,0.9113727672519207,0.9714085948860692,0.9536107536574743,0.6597222222222222
developmental_synthetic,review_capacity_high,world_bottleneck-seed-3209872604180264923,item_0001,1,0.9437742851251183,0.9113727672519207,0.9714085948860692,0.9536107536574743,0.6597222222222222
developmental_synthetic,review_capacity_high,world_bottleneck-seed-3209872604180264923,item_0002,0,0.9437742851251183,0.9113727672519207,0.9714085948860692,0.9536107536574743,0.6597222222222222
developmental_synthetic,review_capacity_high,world_bottleneck-seed-3209872604180264923,item_0003,1,0.9437742851251183,0.9113727672519207,0.9714085948860692,0.9536107536574743,0.6597222222222222
developmental_synthetic,review_capacity_high,world_bottleneck-seed-3209872604180264923,item_0004,0,0.9437742851251183,0.9113727672519207,0.9714085948860692,0.9536107536574743,0.6597222222222222
developmental_synthetic,review_capacity_high,world_bottleneck-seed-3209872604180264923,item_0005,1,0.9437742851251183,0.9113727672519207,0.9714085948860692,0.9536107536574743,0.6597222222222222
developmental_synthetic,review_capacity_high,world_bottleneck-seed-3209872604180264923,item_0006,0,0.9437742851251183,0.9113727672519207,0.9714085948860692,0.9536107536574743,0.6597222222222222
developmental_synthetic,review_capacity_high,world_bottleneck-seed-3209872604180264923,item_0007,1,0.9437742851251183,0.9113727672519207,0.9714085948860692,0.9536107536574743,0.6597222222222222
developmental_synthetic,review_capacity_high,world_bottleneck-seed-3209872604180264923,item_0008,0,0.9437742851251183,0.9113727672519207,0.9714085948860692,0.9536107536574743,0.6597222222222222
developmental_synthetic,review_capacity_high,world_bottleneck-seed-3209872604180264923,item_0009,1,0.9437742851251183,0.9113727672519207,0.9714085948860692,0.9536107536574743,0.6597222222222222
developmental_synthetic,review_capacity_high,world_bottleneck-seed-3209872604180264923,item_0010,0,0.9437742851251183,0.9113727672519207,0.9714085948860692,0.9536107536574743,0.6597222222222222
developmental_synthetic,review_capacity_high,world_bottleneck-seed-3209872604180264923,item_0011,0,0.9437742851251183,0.9113727672519207,0.9714085948860692,0.9536107536574743,0.6597222222222222
developmental_synthetic,review_capacity_high,world_bottleneck-seed-3209872604180264923,item_0012,0,0.9437742851251183,0.9113727672519207,0.9714085948860692,0.9536107536574743,0.6597222222222222
developmental_synthetic,review_capacity_high,world_bottleneck-seed-3209872604180264923,item_0013,1,0.9437742851251183,0.9113727672519207,0.9714085948860692,0.9536107536574743,0.6597222222222222
developmental_synthetic,review_capacity_high,world_bottleneck-seed-3209872604180264923,item_0014,0,0.9437742851251183,0.9113727672519207,0.9714085948860692,0.9536107536574743,0.6597222222222222
developmental_synthetic,review_capacity_high,world_bottleneck-seed-3209872604180264923,item_0015,0,0.9437742851251183,0.9113727672519207,0.9714085948860692,0.9536107536574743,0.6597222222222222
developmental_synthetic,review_capacity_high,world_bottleneck-seed-3209872604180264923,item_0016,0,0.9437742851251183,0.9113727672519207,0.9714085948860692,0.9536107536574743,0.6597222222222222
developmental_synthetic,review_capacity_high,world_bottleneck-seed-3209872604180264923,item_0017,1,0.9437742851251183,0.9113727672519207,0.9714085948860692,0.9536107536574743,0.6597222222222222
developmental_synthetic,review_capacity_high,world_bottleneck-seed-3209872604180264923,item_0018,0,0.9437742851251183,0.9113727672519207,0.9714085948860692,0.9536107536574743,0.6597222222222222
developmental_synthetic,review_capacity_high,world_bottleneck-seed-3209872604180264923,item_0019,1,0.9437742851251183,0.9113727672519207,0.9714085948860692,0.9536107536574743,0.6597222222222222
developmental_synthetic,review_capacity_high,world_bottleneck-seed-3209872604180264923,item_0020,0,0.9437742851251183,0.9113727672519207,0.9714085948860692,0.9536107536574743,0.6597222222222222
developmental_synthetic,review_capacity_high,world_bottleneck-seed-3209872604180264923,item_0021,1,0.9437742851251183,0.9113727672519207,0.9714085948860692,0.9536107536574743,0.6597222222222222
developmental_synthetic,review_capacity_high,world_bottleneck-seed-3209872604180264923,item_0022,0,0.9437742851251183,0.9113727672519207,0.9714085948860692,0.9536107536574743,0.6597222222222222
developmental_synthetic,review_capacity_high,world_bottleneck-seed-3209872604180264923,item_0023,1,0.9437742851251183,0.9113727672519207,0.9714085948860692,0.9536107536574743,0.6597222222222222
developmental_synthetic,review_capacity_high,world_bottleneck-seed-3209872604180264923,item_0024,0,0.9437742851251183,0.9113727672519207,0.9714085948860692,0.9536107536574743,0.6597222222222222
developmental_synthetic,review_capacity_high,world_bottleneck-seed-6784579373204956173,item_0001,0,0.9437742851251183,0.9113727672519207,0.9714085948860692,0.9536107536574743,0.6597222222222222
developmental_synthetic,review_capacity_high,world_bottleneck-seed-6784579373204956173,item_0002,0,0.9437742851251183,0.9113727672519207,0.9714085948860692,0.9536107536574743,0.6597222222222222
developmental_synthetic,review_capacity_high,world_bottleneck-seed-6784579373204956173,item_0003,1,0.9437742851251183,0.9113727672519207,0.9714085948860692,0.9536107536574743,0.6597222222222222
developmental_synthetic,review_capacity_high,world_bottleneck-seed-6784579373204956173,item_0004,0,0.9437742851251183,0.9113727672519207,0.9714085948860692,0.9536107536574743,0.6597222222222222
developmental_synthetic,review_capacity_high,world_bottleneck-seed-6784579373204956173,item_0005,1,0.9437742851251183,0.9113727672519207,0.9714085948860692,0.9536107536574743,0.6597222222222222
developmental_synthetic,review_capacity_high,world_bottleneck-seed-6784579373204956173,item_0006,0,0.9437742851251183,0.9113727672519207,0.9714085948860692,0.9536107536574743,0.6597222222222222
developmental_synthetic,review_capacity_high,world_bottleneck-seed-6784579373204956173,item_0007,1,0.9437742851251183,0.9113727672519207,0.9714085948860692,0.9536107536574743,0.6597222222222222
developmental_synthetic,review_capacity_high,world_bottleneck-seed-6784579373204956173,item_0008,0,0.9437742851251183,0.9113727672519207,0.9714085948860692,0.9536107536574743,0.6597222222222222
developmental_synthetic,review_capacity_high,world_bottleneck-seed-6784579373204956173,item_0009,1,0.9437742851251183,0.9113727672519207,0.9714085948860692,0.9536107536574743,0.6597222222222222
developmental_synthetic,review_capacity_high,world_bottleneck-seed-6784579373204956173,item_0010,0,0.9437742851251183,0.9113727672519207,0.9714085948860692,0.9536107536574743,0.6597222222222222
developmental_synthetic,review_capacity_high,world_bottleneck-seed-6784579373204956173,item_0011,1,0.9437742851251183,0.9113727672519207,0.9714085948860692,0.9536107536574743,0.6597222222222222
developmental_synthetic,review_capacity_high,world_bottleneck-seed-6784579373204956173,item_0012,0,0.9437742851251183,0.9113727672519207,0.9714085948860692,0.9536107536574743,0.6597222222222222
developmental_synthetic,review_capacity_high,world_bottleneck-seed-6784579373204956173,item_0013,1,0.9437742851251183,0.9113727672519207,0.9714085948860692,0.9536107536574743,0.6597222222222222
developmental_synthetic,review_capacity_high,world_bottleneck-seed-6784579373204956173,item_0014,0,0.9437742851251183,0.9113727672519207,0.9714085948860692,0.9536107536574743,0.6597222222222222
developmental_synthetic,review_capacity_high,world_bottleneck-seed-6784579373204956173,item_0015,1,0.9437742851251183,0.9113727672519207,0.9714085948860692,0.9536107536574743,0.6597222222222222
developmental_synthetic,review_capacity_high,world_bottleneck-seed-6784579373204956173,item_0016,0,0.9437742851251183,0.9113727672519207,0.9714085948860692,0.9536107536574743,0.6597222222222222
developmental_synthetic,review_capacity_high,world_bottleneck-seed-6784579373204956173,item_0017,0,0.9437742851251183,0.9113727672519207,0.9714085948860692,0.9536107536574743,0.6597222222222222
developmental_synthetic,review_capacity_high,world_bottleneck-seed-6784579373204956173,item_0018,0,0.9437742851251183,0.9113727672519207,0.9714085948860692,0.9536107536574743,0.6597222222222222
developmental_synthetic,review_capacity_high,world_bottleneck-seed-6784579373204956173,item_0019,1,0.9437742851251183,0.9113727672519207,0.9714085948860692,0.9536107536574743,0.6597222222222222
developmental_synthetic,review_capacity_high,world_bottleneck-seed-6784579373204956173,item_0020,0,0.9437742851251183,0.9113727672519207,0.9714085948860692,0.9536107536574743,0.6597222222222222
developmental_synthetic,review_capacity_high,world_bottleneck-seed-6784579373204956173,item_0021,1,0.9437742851251183,0.9113727672519207,0.9714085948860692,0.9536107536574743,0.6597222222222222
developmental_synthetic,review_capacity_high,world_bottleneck-seed-6784579373204956173,item_0022,0,0.9437742851251183,0.9113727672519207,0.9714085948860692,0.9536107536574743,0.6597222222222222
developmental_synthetic,review_capacity_high,world_bottleneck-seed-6784579373204956173,item_0023,1,0.9437742851251183,0.9113727672519207,0.9714085948860692,0.9536107536574743,0.6597222222222222
developmental_synthetic,review_capacity_high,world_bottleneck-seed-6784579373204956173,item_0024,0,0.9437742851251183,0.9113727672519207,0.9714085948860692,0.9536107536574743,0.6597222222222222
developmental_synthetic,review_capacity_high,world_bottleneck-seed-4191090533071896547,item_0001,1,0.9437742851251183,0.9113727672519207,0.9714085948860692,0.9536107536574743,0.6597222222222222
developmental_synthetic,review_capacity_high,world_bottleneck-seed-4191090533071896547,item_0002,1,0.9437742851251183,0.9113727672519207,0.9714085948860692,0.9536107536574743,0.6597222222222222
developmental_synthetic,review_capacity_high,world_bottleneck-seed-4191090533071896547,item_0003,1,0.9437742851251183,0.9113727672519207,0.9714085948860692,0.9536107536574743,0.6597222222222222
developmental_synthetic,review_capacity_high,world_bottleneck-seed-4191090533071896547,item_0004,1,0.9437742851251183,0.9113727672519207,0.9714085948860692,0.9536107536574743,0.6597222222222222
developmental_synthetic,review_capacity_high,world_bottleneck-seed-4191090533071896547,item_0005,1,0.9437742851251183,0.9113727672519207,0.9714085948860692,0.9536107536574743,0.6597222222222222
developmental_synthetic,review_capacity_high,world_bottleneck-seed-4191090533071896547,item_0006,1,0.9437742851251183,0.9113727672519207,0.9714085948860692,0.9536107536574743,0.6597222222222222
developmental_synthetic,review_capacity_high,world_bottleneck-seed-4191090533071896547,item_0007,1,0.9437742851251183,0.9113727672519207,0.9714085948860692,0.9536107536574743,0.6597222222222222
developmental_synthetic,review_capacity_high,world_bottleneck-seed-4191090533071896547,item_0008,1,0.9437742851251183,0.9113727672519207,0.9714085948860692,0.9536107536574743,0.6597222222222222
developmental_synthetic,review_capacity_high,world_bottleneck-seed-4191090533071896547,item_0009,1,0.9437742851251183,0.9113727672519207,0.9714085948860692,0.9536107536574743,0.6597222222222222
developmental_synthetic,review_capacity_high,world_bottleneck-seed-4191090533071896547,item_0010,1,0.9437742851251183,0.9113727672519207,0.9714085948860692,0.9536107536574743,0.6597222222222222
developmental_synthetic,review_capacity_high,world_bottleneck-seed-4191090533071896547,item_0011,1,0.9437742851251183,0.9113727672519207,0.9714085948860692,0.9536107536574743,0.6597222222222222
developmental_synthetic,review_capacity_high,world_bottleneck-seed-4191090533071896547,item_0012,1,0.9437742851251183,0.9113727672519207,0.9714085948860692,0.9536107536574743,0.6597222222222222
developmental_synthetic,review_capacity_high,world_bottleneck-seed-4191090533071896547,item_0013,1,0.9437742851251183,0.9113727672519207,0.9714085948860692,0.9536107536574743,0.6597222222222222
developmental_synthetic,review_capacity_high,world_bottleneck-seed-4191090533071896547,item_0014,1,0.9437742851251183,0.9113727672519207,0.9714085948860692,0.9536107536574743,0.6597222222222222
developmental_synthetic,review_capacity_high,world_bottleneck-seed-4191090533071896547,item_0015,1,0.9437742851251183,0.9113727672519207,0.9714085948860692,0.9536107536574743,0.6597222222222222
developmental_synthetic,review_capacity_high,world_bottleneck-seed-4191090533071896547,item_0016,1,0.9437742851251183,0.9113727672519207,0.9714085948860692,0.9536107536574743,0.6597222222222222
developmental_synthetic,review_capacity_high,world_bottleneck-seed-4191090533071896547,item_0017,1,0.9437742851251183,0.9113727672519207,0.9714085948860692,0.9536107536574743,0.6597222222222222
developmental_synthetic,review_capacity_high,world_bottleneck-seed-4191090533071896547,item_0018,1,0.9437742851251183,0.9113727672519207,0.9714085948860692,0.9536107536574743,0.6597222222222222
developmental_synthetic,review_capacity_high,world_bottleneck-seed-4191090533071896547,item_0019,1,0.9437742851251183,0.9113727672519207,0.9714085948860692,0.9536107536574743,0.6597222222222222
developmental_synthetic,review_capacity_high,world_bottleneck-seed-4191090533071896547,item_0020,1,0.9437742851251183,0.9113727672519207,0.9714085948860692,0.9536107536574743,0.6597222222222222
developmental_synthetic,review_capacity_high,world_bottleneck-seed-4191090533071896547,item_0021,1,0.9437742851251183,0.9113727672519207,0.9714085948860692,0.9536107536574743,0.6597222222222222
developmental_synthetic,review_capacity_high,world_bottleneck-seed-4191090533071896547,item_0022,1,0.9437742851251183,0.9113727672519207,0.9714085948860692,0.9536107536574743,0.6597222222222222
developmental_synthetic,review_capacity_high,world_bottleneck-seed-4191090533071896547,item_0023,1,0.9437742851251183,0.9113727672519207,0.9714085948860692,0.9536107536574743,0.6597222222222222
developmental_synthetic,review_capacity_high,world_bottleneck-seed-4191090533071896547,item_0024,1,0.9437742851251183,0.9113727672519207,0.9714085948860692,0.9536107536574743,0.6597222222222222
developmental_synthetic,review_capacity_high,world_bottleneck-seed-9117653556647870869,item_0001,1,0.9437742851251183,0.9113727672519207,0.9714085948860692,0.9536107536574743,0.6597222222222222
developmental_synthetic,review_capacity_high,world_bottleneck-seed-9117653556647870869,item_0002,0,0.9437742851251183,0.9113727672519207,0.9714085948860692,0.9536107536574743,0.6597222222222222
developmental_synthetic,review_capacity_high,world_bottleneck-seed-9117653556647870869,item_0003,1,0.9437742851251183,0.9113727672519207,0.9714085948860692,0.9536107536574743,0.6597222222222222
developmental_synthetic,review_capacity_high,world_bottleneck-seed-9117653556647870869,item_0004,0,0.9437742851251183,0.9113727672519207,0.9714085948860692,0.9536107536574743,0.6597222222222222
developmental_synthetic,review_capacity_high,world_bottleneck-seed-9117653556647870869,item_0005,1,0.9437742851251183,0.9113727672519207,0.9714085948860692,0.9536107536574743,0.6597222222222222
developmental_synthetic,review_capacity_high,world_bottleneck-seed-9117653556647870869,item_0006,0,0.9437742851251183,0.9113727672519207,0.9714085948860692,0.9536107536574743,0.6597222222222222
developmental_synthetic,review_capacity_high,world_bottleneck-seed-9117653556647870869,item_0007,1,0.9437742851251183,0.9113727672519207,0.9714085948860692,0.9536107536574743,0.6597222222222222
developmental_synthetic,review_capacity_high,world_bottleneck-seed-9117653556647870869,item_0008,0,0.9437742851251183,0.9113727672519207,0.9714085948860692,0.9536107536574743,0.6597222222222222
developmental_synthetic,review_capacity_high,world_bottleneck-seed-9117653556647870869,item_0009,1,0.9437742851251183,0.9113727672519207,0.9714085948860692,0.9536107536574743,0.6597222222222222
developmental_synthetic,review_capacity_high,world_bottleneck-seed-9117653556647870869,item_0010,0,0.9437742851251183,0.9113727672519207,0.9714085948860692,0.9536107536574743,0.6597222222222222
developmental_synthetic,review_capacity_high,world_bottleneck-seed-9117653556647870869,item_0011,1,0.9437742851251183,0.9113727672519207,0.9714085948860692,0.9536107536574743,0.6597222222222222
developmental_synthetic,review_capacity_high,world_bottleneck-seed-9117653556647870869,item_0012,0,0.9437742851251183,0.9113727672519207,0.9714085948860692,0.9536107536574743,0.6597222222222222
developmental_synthetic,review_capacity_high,world_bottleneck-seed-9117653556647870869,item_0013,1,0.9437742851251183,0.9113727672519207,0.9714085948860692,0.9536107536574743,0.6597222222222222
developmental_synthetic,review_capacity_high,world_bottleneck-seed-9117653556647870869,item_0014,0,0.9437742851251183,0.9113727672519207,0.9714085948860692,0.9536107536574743,0.6597222222222222
developmental_synthetic,review_capacity_high,world_bottleneck-seed-9117653556647870869,item_0015,1,0.9437742851251183,0.9113727672519207,0.9714085948860692,0.9536107536574743,0.6597222222222222
developmental_synthetic,review_capacity_high,world_bottleneck-seed-9117653556647870869,item_0016,0,0.9437742851251183,0.9113727672519207,0.9714085948860692,0.9536107536574743,0.6597222222222222
developmental_synthetic,review_capacity_high,world_bottleneck-seed-9117653556647870869,item_0017,1,0.9437742851251183,0.9113727672519207,0.9714085948860692,0.9536107536574743,0.6597222222222222
developmental_synthetic,review_capacity_high,world_bottleneck-seed-9117653556647870869,item_0018,0,0.9437742851251183,0.9113727672519207,0.9714085948860692,0.9536107536574743,0.6597222222222222
developmental_synthetic,review_capacity_high,world_bottleneck-seed-9117653556647870869,item_0019,1,0.9437742851251183,0.9113727672519207,0.9714085948860692,0.9536107536574743,0.6597222222222222
developmental_synthetic,review_capacity_high,world_bottleneck-seed-9117653556647870869,item_0020,0,0.9437742851251183,0.9113727672519207,0.9714085948860692,0.9536107536574743,0.6597222222222222
developmental_synthetic,review_capacity_high,world_bottleneck-seed-9117653556647870869,item_0021,0,0.9437742851251183,0.9113727672519207,0.9714085948860692,0.9536107536574743,0.6597222222222222
developmental_synthetic,review_capacity_high,world_bottleneck-seed-9117653556647870869,item_0022,0,0.9437742851251183,0.9113727672519207,0.9714085948860692,0.9536107536574743,0.6597222222222222
developmental_synthetic,review_capacity_high,world_bottleneck-seed-9117653556647870869,item_0023,1,0.9437742851251183,0.9113727672519207,0.9714085948860692,0.9536107536574743,0.6597222222222222
developmental_synthetic,review_capacity_high,world_bottleneck-seed-9117653556647870869,item_0024,0,0.9437742851251183,0.9113727672519207,0.9714085948860692,0.9536107536574743,0.6597222222222222
developmental_synthetic,review_capacity_high,world_bottleneck-seed-8669772086981772072,item_0001,1,0.9437742851251183,0.9113727672519207,0.9714085948860692,0.9536107536574743,0.6597222222222222
developmental_synthetic,review_capacity_high,world_bottleneck-seed-8669772086981772072,item_0002,1,0.9437742851251183,0.9113727672519207,0.9714085948860692,0.9536107536574743,0.6597222222222222
developmental_synthetic,review_capacity_high,world_bottleneck-seed-8669772086981772072,item_0003,1,0.9437742851251183,0.9113727672519207,0.9714085948860692,0.9536107536574743,0.6597222222222222
developmental_synthetic,review_capacity_high,world_bottleneck-seed-8669772086981772072,item_0004,1,0.9437742851251183,0.9113727672519207,0.9714085948860692,0.9536107536574743,0.6597222222222222
developmental_synthetic,review_capacity_high,world_bottleneck-seed-8669772086981772072,item_0005,1,0.9437742851251183,0.9113727672519207,0.9714085948860692,0.9536107536574743,0.6597222222222222
developmental_synthetic,review_capacity_high,world_bottleneck-seed-8669772086981772072,item_0006,1,0.9437742851251183,0.9113727672519207,0.9714085948860692,0.9536107536574743,0.6597222222222222
developmental_synthetic,review_capacity_high,world_bottleneck-seed-8669772086981772072,item_0007,1,0.9437742851251183,0.9113727672519207,0.9714085948860692,0.9536107536574743,0.6597222222222222
developmental_synthetic,review_capacity_high,world_bottleneck-seed-8669772086981772072,item_0008,1,0.9437742851251183,0.9113727672519207,0.9714085948860692,0.9536107536574743,0.6597222222222222
developmental_synthetic,review_capacity_high,world_bottleneck-seed-8669772086981772072,item_0009,1,0.9437742851251183,0.9113727672519207,0.9714085948860692,0.9536107536574743,0.6597222222222222
developmental_synthetic,review_capacity_high,world_bottleneck-seed-8669772086981772072,item_0010,1,0.9437742851251183,0.9113727672519207,0.9714085948860692,0.9536107536574743,0.6597222222222222
developmental_synthetic,review_capacity_high,world_bottleneck-seed-8669772086981772072,item_0011,1,0.9437742851251183,0.9113727672519207,0.9714085948860692,0.9536107536574743,0.6597222222222222
developmental_synthetic,review_capacity_high,world_bottleneck-seed-8669772086981772072,item_0012,1,0.9437742851251183,0.9113727672519207,0.9714085948860692,0.9536107536574743,0.6597222222222222
developmental_synthetic,review_capacity_high,world_bottleneck-seed-8669772086981772072,item_0013,1,0.9437742851251183,0.9113727672519207,0.9714085948860692,0.9536107536574743,0.6597222222222222
developmental_synthetic,review_capacity_high,world_bottleneck-seed-8669772086981772072,item_0014,1,0.9437742851251183,0.9113727672519207,0.9714085948860692,0.9536107536574743,0.6597222222222222
developmental_synthetic,review_capacity_high,world_bottleneck-seed-8669772086981772072,item_0015,1,0.9437742851251183,0.9113727672519207,0.9714085948860692,0.9536107536574743,0.6597222222222222
developmental_synthetic,review_capacity_high,world_bottleneck-seed-8669772086981772072,item_0016,1,0.9437742851251183,0.9113727672519207,0.9714085948860692,0.9536107536574743,0.6597222222222222
developmental_synthetic,review_capacity_high,world_bottleneck-seed-8669772086981772072,item_0017,1,0.9437742851251183,0.9113727672519207,0.9714085948860692,0.9536107536574743,0.6597222222222222
developmental_synthetic,review_capacity_high,world_bottleneck-seed-8669772086981772072,item_0018,1,0.9437742851251183,0.9113727672519207,0.9714085948860692,0.9536107536574743,0.6597222222222222
developmental_synthetic,review_capacity_high,world_bottleneck-seed-8669772086981772072,item_0019,1,0.9437742851251183,0.9113727672519207,0.9714085948860692,0.9536107536574743,0.6597222222222222
developmental_synthetic,review_capacity_high,world_bottleneck-seed-8669772086981772072,item_0020,0,0.9437742851251183,0.9113727672519207,0.9714085948860692,0.9536107536574743,0.6597222222222222
developmental_synthetic,review_capacity_high,world_bottleneck-seed-8669772086981772072,item_0021,1,0.9437742851251183,0.9113727672519207,0.9714085948860692,0.9536107536574743,0.6597222222222222
developmental_synthetic,review_capacity_high,world_bottleneck-seed-8669772086981772072,item_0022,1,0.9437742851251183,0.9113727672519207,0.9714085948860692,0.9536107536574743,0.6597222222222222
developmental_synthetic,review_capacity_high,world_bottleneck-seed-8669772086981772072,item_0023,1,0.9437742851251183,0.9113727672519207,0.9714085948860692,0.9536107536574743,0.6597222222222222
developmental_synthetic,review_capacity_high,world_bottleneck-seed-8669772086981772072,item_0024,1,0.9437742851251183,0.9113727672519207,0.9714085948860692,0.9536107536574743,0.6597222222222222
developmental_synthetic,review_capacity_high,world_bottleneck-seed-3353631954069894546,item_0001,1,0.9437742851251183,0.9113727672519207,0.9714085948860692,0.9536107536574743,0.6597222222222222
developmental_synthetic,review_capacity_high,world_bottleneck-seed-3353631954069894546,item_0002,1,0.9437742851251183,0.9113727672519207,0.9714085948860692,0.9536107536574743,0.6597222222222222
developmental_synthetic,review_capacity_high,world_bottleneck-seed-3353631954069894546,item_0003,1,0.9437742851251183,0.9113727672519207,0.9714085948860692,0.9536107536574743,0.6597222222222222
developmental_synthetic,review_capacity_high,world_bottleneck-seed-3353631954069894546,item_0004,1,0.9437742851251183,0.9113727672519207,0.9714085948860692,0.9536107536574743,0.6597222222222222
developmental_synthetic,review_capacity_high,world_bottleneck-seed-3353631954069894546,item_0005,1,0.9437742851251183,0.9113727672519207,0.9714085948860692,0.9536107536574743,0.6597222222222222
developmental_synthetic,review_capacity_high,world_bottleneck-seed-3353631954069894546,item_0006,0,0.9437742851251183,0.9113727672519207,0.9714085948860692,0.9536107536574743,0.6597222222222222
developmental_synthetic,review_capacity_high,world_bottleneck-seed-3353631954069894546,item_0007,1,0.9437742851251183,0.9113727672519207,0.9714085948860692,0.9536107536574743,0.6597222222222222
developmental_synthetic,review_capacity_high,world_bottleneck-seed-3353631954069894546,item_0008,1,0.9437742851251183,0.9113727672519207,0.9714085948860692,0.9536107536574743,0.6597222222222222
developmental_synthetic,review_capacity_high,world_bottleneck-seed-3353631954069894546,item_0009,1,0.9437742851251183,0.9113727672519207,0.9714085948860692,0.9536107536574743,0.6597222222222222
developmental_synthetic,review_capacity_high,world_bottleneck-seed-3353631954069894546,item_0010,1,0.9437742851251183,0.9113727672519207,0.9714085948860692,0.9536107536574743,0.6597222222222222
developmental_synthetic,review_capacity_high,world_bottleneck-seed-3353631954069894546,item_0011,1,0.9437742851251183,0.9113727672519207,0.9714085948860692,0.9536107536574743,0.6597222222222222
developmental_synthetic,review_capacity_high,world_bottleneck-seed-3353631954069894546,item_0012,1,0.9437742851251183,0.9113727672519207,0.9714085948860692,0.9536107536574743,0.6597222222222222
developmental_synthetic,review_capacity_high,world_bottleneck-seed-3353631954069894546,item_0013,1,0.9437742851251183,0.9113727672519207,0.9714085948860692,0.9536107536574743,0.6597222222222222
developmental_synthetic,review_capacity_high,world_bottleneck-seed-3353631954069894546,item_0014,1,0.9437742851251183,0.9113727672519207,0.9714085948860692,0.9536107536574743,0.6597222222222222
developmental_synthetic,review_capacity_high,world_bottleneck-seed-3353631954069894546,item_0015,1,0.9437742851251183,0.9113727672519207,0.9714085948860692,0.9536107536574743,0.6597222222222222
developmental_synthetic,review_capacity_high,world_bottleneck-seed-3353631954069894546,item_0016,1,0.9437742851251183,0.9113727672519207,0.9714085948860692,0.9536107536574743,0.6597222222222222
developmental_synthetic,review_capacity_high,world_bottleneck-seed-3353631954069894546,item_0017,1,0.9437742851251183,0.9113727672519207,0.9714085948860692,0.9536107536574743,0.6597222222222222
developmental_synthetic,review_capacity_high,world_bottleneck-seed-3353631954069894546,item_0018,0,0.9437742851251183,0.9113727672519207,0.9714085948860692,0.9536107536574743,0.6597222222222222
developmental_synthetic,review_capacity_high,world_bottleneck-seed-3353631954069894546,item_0019,1,0.9437742851251183,0.9113727672519207,0.9714085948860692,0.9536107536574743,0.6597222222222222
developmental_synthetic,review_capacity_high,world_bottleneck-seed-3353631954069894546,item_0020,1,0.9437742851251183,0.9113727672519207,0.9714085948860692,0.9536107536574743,0.6597222222222222
developmental_synthetic,review_capacity_high,world_bottleneck-seed-3353631954069894546,item_0021,1,0.9437742851251183,0.9113727672519207,0.9714085948860692,0.9536107536574743,0.6597222222222222
developmental_synthetic,review_capacity_high,world_bottleneck-seed-3353631954069894546,item_0022,1,0.9437742851251183,0.9113727672519207,0.9714085948860692,0.9536107536574743,0.6597222222222222
developmental_synthetic,review_capacity_high,world_bottleneck-seed-3353631954069894546,item_0023,1,0.9437742851251183,0.9113727672519207,0.9714085948860692,0.9536107536574743,0.6597222222222222
developmental_synthetic,review_capacity_high,world_bottleneck-seed-3353631954069894546,item_0024,1,0.9437742851251183,0.9113727672519207,0.9714085948860692,0.9536107536574743,0.6597222222222222
developmental_synthetic,review_capacity_high,world_bottleneck-seed-9078621501550203399,item_0001,1,0.9437742851251183,0.9113727672519207,0.9714085948860692,0.9536107536574743,0.6597222222222222
developmental_synthetic,review_capacity_high,world_bottleneck-seed-9078621501550203399,item_0002,0,0.9437742851251183,0.9113727672519207,0.9714085948860692,0.9536107536574743,0.6597222222222222
developmental_synthetic,review_capacity_high,world_bottleneck-seed-9078621501550203399,item_0003,1,0.9437742851251183,0.9113727672519207,0.9714085948860692,0.9536107536574743,0.6597222222222222
developmental_synthetic,review_capacity_high,world_bottleneck-seed-9078621501550203399,item_0004,0,0.9437742851251183,0.9113727672519207,0.9714085948860692,0.9536107536574743,0.6597222222222222
developmental_synthetic,review_capacity_high,world_bottleneck-seed-9078621501550203399,item_0005,0,0.9437742851251183,0.9113727672519207,0.9714085948860692,0.9536107536574743,0.6597222222222222
developmental_synthetic,review_capacity_high,world_bottleneck-seed-9078621501550203399,item_0006,0,0.9437742851251183,0.9113727672519207,0.9714085948860692,0.9536107536574743,0.6597222222222222
developmental_synthetic,review_capacity_high,world_bottleneck-seed-9078621501550203399,item_0007,1,0.9437742851251183,0.9113727672519207,0.9714085948860692,0.9536107536574743,0.6597222222222222
developmental_synthetic,review_capacity_high,world_bottleneck-seed-9078621501550203399,item_0008,0,0.9437742851251183,0.9113727672519207,0.9714085948860692,0.9536107536574743,0.6597222222222222
developmental_synthetic,review_capacity_high,world_bottleneck-seed-9078621501550203399,item_0009,1,0.9437742851251183,0.9113727672519207,0.9714085948860692,0.9536107536574743,0.6597222222222222
developmental_synthetic,review_capacity_high,world_bottleneck-seed-9078621501550203399,item_0010,0,0.9437742851251183,0.9113727672519207,0.9714085948860692,0.9536107536574743,0.6597222222222222
developmental_synthetic,review_capacity_high,world_bottleneck-seed-9078621501550203399,item_0011,1,0.9437742851251183,0.9113727672519207,0.9714085948860692,0.9536107536574743,0.6597222222222222
developmental_synthetic,review_capacity_high,world_bottleneck-seed-9078621501550203399,item_0012,0,0.9437742851251183,0.9113727672519207,0.9714085948860692,0.9536107536574743,0.6597222222222222
developmental_synthetic,review_capacity_high,world_bottleneck-seed-9078621501550203399,item_0013,1,0.9437742851251183,0.9113727672519207,0.9714085948860692,0.9536107536574743,0.6597222222222222
developmental_synthetic,review_capacity_high,world_bottleneck-seed-9078621501550203399,item_0014,0,0.9437742851251183,0.9113727672519207,0.9714085948860692,0.9536107536574743,0.6597222222222222
developmental_synthetic,review_capacity_high,world_bottleneck-seed-9078621501550203399,item_0015,1,0.9437742851251183,0.9113727672519207,0.9714085948860692,0.9536107536574743,0.6597222222222222
developmental_synthetic,review_capacity_high,world_bottleneck-seed-9078621501550203399,item_0016,0,0.9437742851251183,0.9113727672519207,0.9714085948860692,0.9536107536574743,0.6597222222222222
developmental_synthetic,review_capacity_high,world_bottleneck-seed-9078621501550203399,item_0017,0,0.9437742851251183,0.9113727672519207,0.9714085948860692,0.9536107536574743,0.6597222222222222
developmental_synthetic,review_capacity_high,world_bottleneck-seed-9078621501550203399,item_0018,0,0.9437742851251183,0.9113727672519207,0.9714085948860692,0.9536107536574743,0.6597222222222222
developmental_synthetic,review_capacity_high,world_bottleneck-seed-9078621501550203399,item_0019,1,0.9437742851251183,0.9113727672519207,0.9714085948860692,0.9536107536574743,0.6597222222222222
developmental_synthetic,review_capacity_high,world_bottleneck-seed-9078621501550203399,item_0020,0,0.9437742851251183,0.9113727672519207,0.9714085948860692,0.9536107536574743,0.6597222222222222
developmental_synthetic,review_capacity_high,world_bottleneck-seed-9078621501550203399,item_0021,0,0.9437742851251183,0.9113727672519207,0.9714085948860692,0.9536107536574743,0.6597222222222222
developmental_synthetic,review_capacity_high,world_bottleneck-seed-9078621501550203399,item_0022,0,0.9437742851251183,0.9113727672519207,0.9714085948860692,0.9536107536574743,0.6597222222222222
developmental_synthetic,review_capacity_high,world_bottleneck-seed-9078621501550203399,item_0023,1,0.9437742851251183,0.9113727672519207,0.9714085948860692,0.9536107536574743,0.6597222222222222
developmental_synthetic,review_capacity_high,world_bottleneck-seed-9078621501550203399,item_0024,0,0.9437742851251183,0.9113727672519207,0.9714085948860692,0.9536107536574743,0.6597222222222222
developmental_synthetic,review_capacity_high,world_bottleneck-seed-2232509440464157497,item_0001,1,0.9437742851251183,0.9113727672519207,0.9714085948860692,0.9536107536574743,0.6597222222222222
developmental_synthetic,review_capacity_high,world_bottleneck-seed-2232509440464157497,item_0002,0,0.9437742851251183,0.9113727672519207,0.9714085948860692,0.9536107536574743,0.6597222222222222
developmental_synthetic,review_capacity_high,world_bottleneck-seed-2232509440464157497,item_0003,1,0.9437742851251183,0.9113727672519207,0.9714085948860692,0.9536107536574743,0.6597222222222222
developmental_synthetic,review_capacity_high,world_bottleneck-seed-2232509440464157497,item_0004,0,0.9437742851251183,0.9113727672519207,0.9714085948860692,0.9536107536574743,0.6597222222222222
developmental_synthetic,review_capacity_high,world_bottleneck-seed-2232509440464157497,item_0005,1,0.9437742851251183,0.9113727672519207,0.9714085948860692,0.9536107536574743,0.6597222222222222
developmental_synthetic,review_capacity_high,world_bottleneck-seed-2232509440464157497,item_0006,0,0.9437742851251183,0.9113727672519207,0.9714085948860692,0.9536107536574743,0.6597222222222222
developmental_synthetic,review_capacity_high,world_bottleneck-seed-2232509440464157497,item_0007,1,0.9437742851251183,0.9113727672519207,0.9714085948860692,0.9536107536574743,0.6597222222222222
developmental_synthetic,review_capacity_high,world_bottleneck-seed-2232509440464157497,item_0008,0,0.9437742851251183,0.9113727672519207,0.9714085948860692,0.9536107536574743,0.6597222222222222
developmental_synthetic,review_capacity_high,world_bottleneck-seed-2232509440464157497,item_0009,1,0.9437742851251183,0.9113727672519207,0.9714085948860692,0.9536107536574743,0.6597222222222222
developmental_synthetic,review_capacity_high,world_bottleneck-seed-2232509440464157497,item_0010,0,0.9437742851251183,0.9113727672519207,0.9714085948860692,0.9536107536574743,0.6597222222222222
developmental_synthetic,review_capacity_high,world_bottleneck-seed-2232509440464157497,item_0011,1,0.9437742851251183,0.9113727672519207,0.9714085948860692,0.9536107536574743,0.6597222222222222
developmental_synthetic,review_capacity_high,world_bottleneck-seed-2232509440464157497,item_0012,0,0.9437742851251183,0.9113727672519207,0.9714085948860692,0.9536107536574743,0.6597222222222222
developmental_synthetic,review_capacity_high,world_bottleneck-seed-2232509440464157497,item_0013,1,0.9437742851251183,0.9113727672519207,0.9714085948860692,0.9536107536574743,0.6597222222222222
developmental_synthetic,review_capacity_high,world_bottleneck-seed-2232509440464157497,item_0014,0,0.9437742851251183,0.9113727672519207,0.9714085948860692,0.9536107536574743,0.6597222222222222
developmental_synthetic,review_capacity_high,world_bottleneck-seed-2232509440464157497,item_0015,1,0.9437742851251183,0.9113727672519207,0.9714085948860692,0.9536107536574743,0.6597222222222222
developmental_synthetic,review_capacity_high,world_bottleneck-seed-2232509440464157497,item_0016,0,0.9437742851251183,0.9113727672519207,0.9714085948860692,0.9536107536574743,0.6597222222222222
developmental_synthetic,review_capacity_high,world_bottleneck-seed-2232509440464157497,item_0017,1,0.9437742851251183,0.9113727672519207,0.9714085948860692,0.9536107536574743,0.6597222222222222
developmental_synthetic,review_capacity_high,world_bottleneck-seed-2232509440464157497,item_0018,0,0.9437742851251183,0.9113727672519207,0.9714085948860692,0.9536107536574743,0.6597222222222222
developmental_synthetic,review_capacity_high,world_bottleneck-seed-2232509440464157497,item_0019,1,0.9437742851251183,0.9113727672519207,0.9714085948860692,0.9536107536574743,0.6597222222222222
developmental_synthetic,review_capacity_high,world_bottleneck-seed-2232509440464157497,item_0020,0,0.9437742851251183,0.9113727672519207,0.9714085948860692,0.9536107536574743,0.6597222222222222
developmental_synthetic,review_capacity_high,world_bottleneck-seed-2232509440464157497,item_0021,0,0.9437742851251183,0.9113727672519207,0.9714085948860692,0.9536107536574743,0.6597222222222222
developmental_synthetic,review_capacity_high,world_bottleneck-seed-2232509440464157497,item_0022,0,0.9437742851251183,0.9113727672519207,0.9714085948860692,0.9536107536574743,0.6597222222222222
developmental_synthetic,review_capacity_high,world_bottleneck-seed-2232509440464157497,item_0023,1,0.9437742851251183,0.9113727672519207,0.9714085948860692,0.9536107536574743,0.6597222222222222
developmental_synthetic,review_capacity_high,world_bottleneck-seed-2232509440464157497,item_0024,0,0.9437742851251183,0.9113727672519207,0.9714085948860692,0.9536107536574743,0.6597222222222222
developmental_synthetic,review_capacity_high,world_bottleneck-seed-1318810389743050509,item_0001,1,0.9437742851251183,0.9113727672519207,0.9714085948860692,0.9536107536574743,0.6597222222222222
developmental_synthetic,review_capacity_high,world_bottleneck-seed-1318810389743050509,item_0002,1,0.9437742851251183,0.9113727672519207,0.9714085948860692,0.9536107536574743,0.6597222222222222
developmental_synthetic,review_capacity_high,world_bottleneck-seed-1318810389743050509,item_0003,1,0.9437742851251183,0.9113727672519207,0.9714085948860692,0.9536107536574743,0.6597222222222222
developmental_synthetic,review_capacity_high,world_bottleneck-seed-1318810389743050509,item_0004,1,0.9437742851251183,0.9113727672519207,0.9714085948860692,0.9536107536574743,0.6597222222222222
developmental_synthetic,review_capacity_high,world_bottleneck-seed-1318810389743050509,item_0005,1,0.9437742851251183,0.9113727672519207,0.9714085948860692,0.9536107536574743,0.6597222222222222
developmental_synthetic,review_capacity_high,world_bottleneck-seed-1318810389743050509,item_0006,1,0.9437742851251183,0.9113727672519207,0.9714085948860692,0.9536107536574743,0.6597222222222222
developmental_synthetic,review_capacity_high,world_bottleneck-seed-1318810389743050509,item_0007,1,0.9437742851251183,0.9113727672519207,0.9714085948860692,0.9536107536574743,0.6597222222222222
developmental_synthetic,review_capacity_high,world_bottleneck-seed-1318810389743050509,item_0008,1,0.9437742851251183,0.9113727672519207,0.9714085948860692,0.9536107536574743,0.6597222222222222
developmental_synthetic,review_capacity_high,world_bottleneck-seed-1318810389743050509,item_0009,1,0.9437742851251183,0.9113727672519207,0.9714085948860692,0.9536107536574743,0.6597222222222222
developmental_synthetic,review_capacity_high,world_bottleneck-seed-1318810389743050509,item_0010,1,0.9437742851251183,0.9113727672519207,0.9714085948860692,0.9536107536574743,0.6597222222222222
developmental_synthetic,review_capacity_high,world_bottleneck-seed-1318810389743050509,item_0011,1,0.9437742851251183,0.9113727672519207,0.9714085948860692,0.9536107536574743,0.6597222222222222
developmental_synthetic,review_capacity_high,world_bottleneck-seed-1318810389743050509,item_0012,1,0.9437742851251183,0.9113727672519207,0.9714085948860692,0.9536107536574743,0.6597222222222222
developmental_synthetic,review_capacity_high,world_bottleneck-seed-1318810389743050509,item_0013,1,0.9437742851251183,0.9113727672519207,0.9714085948860692,0.9536107536574743,0.6597222222222222
developmental_synthetic,review_capacity_high,world_bottleneck-seed-1318810389743050509,item_0014,1,0.9437742851251183,0.9113727672519207,0.9714085948860692,0.9536107536574743,0.6597222222222222
developmental_synthetic,review_capacity_high,world_bottleneck-seed-1318810389743050509,item_0015,1,0.9437742851251183,0.9113727672519207,0.9714085948860692,0.9536107536574743,0.6597222222222222
developmental_synthetic,review_capacity_high,world_bottleneck-seed-1318810389743050509,item_0016,1,0.9437742851251183,0.9113727672519207,0.9714085948860692,0.9536107536574743,0.6597222222222222
developmental_synthetic,review_capacity_high,world_bottleneck-seed-1318810389743050509,item_0017,1,0.9437742851251183,0.9113727672519207,0.9714085948860692,0.9536107536574743,0.6597222222222222
developmental_synthetic,review_capacity_high,world_bottleneck-seed-1318810389743050509,item_0018,1,0.9437742851251183,0.9113727672519207,0.9714085948860692,0.9536107536574743,0.6597222222222222
developmental_synthetic,review_capacity_high,world_bottleneck-seed-1318810389743050509,item_0019,1,0.9437742851251183,0.9113727672519207,0.9714085948860692,0.9536107536574743,0.6597222222222222
developmental_synthetic,review_capacity_high,world_bottleneck-seed-1318810389743050509,item_0020,1,0.9437742851251183,0.9113727672519207,0.9714085948860692,0.9536107536574743,0.6597222222222222
developmental_synthetic,review_capacity_high,world_bottleneck-seed-1318810389743050509,item_0021,1,0.9437742851251183,0.9113727672519207,0.9714085948860692,0.9536107536574743,0.6597222222222222
developmental_synthetic,review_capacity_high,world_bottleneck-seed-1318810389743050509,item_0022,1,0.9437742851251183,0.9113727672519207,0.9714085948860692,0.9536107536574743,0.6597222222222222
developmental_synthetic,review_capacity_high,world_bottleneck-seed-1318810389743050509,item_0023,1,0.9437742851251183,0.9113727672519207,0.9714085948860692,0.9536107536574743,0.6597222222222222
developmental_synthetic,review_capacity_high,world_bottleneck-seed-1318810389743050509,item_0024,1,0.9437742851251183,0.9113727672519207,0.9714085948860692,0.9536107536574743,0.6597222222222222
developmental_synthetic,review_capacity_high,world_bottleneck-seed-2672526422288897444,item_0001,1,0.9437742851251183,0.9113727672519207,0.9714085948860692,0.9536107536574743,0.6597222222222222
developmental_synthetic,review_capacity_high,world_bottleneck-seed-2672526422288897444,item_0002,0,0.9437742851251183,0.9113727672519207,0.9714085948860692,0.9536107536574743,0.6597222222222222
developmental_synthetic,review_capacity_high,world_bottleneck-seed-2672526422288897444,item_0003,1,0.9437742851251183,0.9113727672519207,0.9714085948860692,0.9536107536574743,0.6597222222222222
developmental_synthetic,review_capacity_high,world_bottleneck-seed-2672526422288897444,item_0004,0,0.9437742851251183,0.9113727672519207,0.9714085948860692,0.9536107536574743,0.6597222222222222
developmental_synthetic,review_capacity_high,world_bottleneck-seed-2672526422288897444,item_0005,1,0.9437742851251183,0.9113727672519207,0.9714085948860692,0.9536107536574743,0.6597222222222222
developmental_synthetic,review_capacity_high,world_bottleneck-seed-2672526422288897444,item_0006,0,0.9437742851251183,0.9113727672519207,0.9714085948860692,0.9536107536574743,0.6597222222222222
developmental_synthetic,review_capacity_high,world_bottleneck-seed-2672526422288897444,item_0007,1,0.9437742851251183,0.9113727672519207,0.9714085948860692,0.9536107536574743,0.6597222222222222
developmental_synthetic,review_capacity_high,world_bottleneck-seed-2672526422288897444,item_0008,0,0.9437742851251183,0.9113727672519207,0.9714085948860692,0.9536107536574743,0.6597222222222222
developmental_synthetic,review_capacity_high,world_bottleneck-seed-2672526422288897444,item_0009,1,0.9437742851251183,0.9113727672519207,0.9714085948860692,0.9536107536574743,0.6597222222222222
developmental_synthetic,review_capacity_high,world_bottleneck-seed-2672526422288897444,item_0010,0,0.9437742851251183,0.9113727672519207,0.9714085948860692,0.9536107536574743,0.6597222222222222
developmental_synthetic,review_capacity_high,world_bottleneck-seed-2672526422288897444,item_0011,1,0.9437742851251183,0.9113727672519207,0.9714085948860692,0.9536107536574743,0.6597222222222222
developmental_synthetic,review_capacity_high,world_bottleneck-seed-2672526422288897444,item_0012,0,0.9437742851251183,0.9113727672519207,0.9714085948860692,0.9536107536574743,0.6597222222222222
developmental_synthetic,review_capacity_high,world_bottleneck-seed-2672526422288897444,item_0013,1,0.9437742851251183,0.9113727672519207,0.9714085948860692,0.9536107536574743,0.6597222222222222
developmental_synthetic,review_capacity_high,world_bottleneck-seed-2672526422288897444,item_0014,0,0.9437742851251183,0.9113727672519207,0.9714085948860692,0.9536107536574743,0.6597222222222222
developmental_synthetic,review_capacity_high,world_bottleneck-seed-2672526422288897444,item_0015,1,0.9437742851251183,0.9113727672519207,0.9714085948860692,0.9536107536574743,0.6597222222222222
developmental_synthetic,review_capacity_high,world_bottleneck-seed-2672526422288897444,item_0016,0,0.9437742851251183,0.9113727672519207,0.9714085948860692,0.9536107536574743,0.6597222222222222
developmental_synthetic,review_capacity_high,world_bottleneck-seed-2672526422288897444,item_0017,0,0.9437742851251183,0.9113727672519207,0.9714085948860692,0.9536107536574743,0.6597222222222222
developmental_synthetic,review_capacity_high,world_bottleneck-seed-2672526422288897444,item_0018,0,0.9437742851251183,0.9113727672519207,0.9714085948860692,0.9536107536574743,0.6597222222222222
developmental_synthetic,review_capacity_high,world_bottleneck-seed-2672526422288897444,item_0019,1,0.9437742851251183,0.9113727672519207,0.9714085948860692,0.9536107536574743,0.6597222222222222
developmental_synthetic,review_capacity_high,world_bottleneck-seed-2672526422288897444,item_0020,0,0.9437742851251183,0.9113727672519207,0.9714085948860692,0.9536107536574743,0.6597222222222222
developmental_synthetic,review_capacity_high,world_bottleneck-seed-2672526422288897444,item_0021,1,0.9437742851251183,0.9113727672519207,0.9714085948860692,0.9536107536574743,0.6597222222222222
developmental_synthetic,review_capacity_high,world_bottleneck-seed-2672526422288897444,item_0022,0,0.9437742851251183,0.9113727672519207,0.9714085948860692,0.9536107536574743,0.6597222222222222
developmental_synthetic,review_capacity_high,world_bottleneck-seed-2672526422288897444,item_0023,0,0.9437742851251183,0.9113727672519207,0.9714085948860692,0.9536107536574743,0.6597222222222222
developmental_synthetic,review_capacity_high,world_bottleneck-seed-2672526422288897444,item_0024,0,0.9437742851251183,0.9113727672519207,0.9714085948860692,0.9536107536574743,0.6597222222222222
developmental_synthetic,review_capacity_high,world_bottleneck-seed-2184401695212112810,item_0001,0,0.9437742851251183,0.9113727672519207,0.9714085948860692,0.9536107536574743,0.6597222222222222
developmental_synthetic,review_capacity_high,world_bottleneck-seed-2184401695212112810,item_0002,0,0.9437742851251183,0.9113727672519207,0.9714085948860692,0.9536107536574743,0.6597222222222222
developmental_synthetic,review_capacity_high,world_bottleneck-seed-2184401695212112810,item_0003,1,0.9437742851251183,0.9113727672519207,0.9714085948860692,0.9536107536574743,0.6597222222222222
developmental_synthetic,review_capacity_high,world_bottleneck-seed-2184401695212112810,item_0004,0,0.9437742851251183,0.9113727672519207,0.9714085948860692,0.9536107536574743,0.6597222222222222
developmental_synthetic,review_capacity_high,world_bottleneck-seed-2184401695212112810,item_0005,1,0.9437742851251183,0.9113727672519207,0.9714085948860692,0.9536107536574743,0.6597222222222222
developmental_synthetic,review_capacity_high,world_bottleneck-seed-2184401695212112810,item_0006,0,0.9437742851251183,0.9113727672519207,0.9714085948860692,0.9536107536574743,0.6597222222222222
developmental_synthetic,review_capacity_high,world_bottleneck-seed-2184401695212112810,item_0007,1,0.9437742851251183,0.9113727672519207,0.9714085948860692,0.9536107536574743,0.6597222222222222
developmental_synthetic,review_capacity_high,world_bottleneck-seed-2184401695212112810,item_0008,0,0.9437742851251183,0.9113727672519207,0.9714085948860692,0.9536107536574743,0.6597222222222222
developmental_synthetic,review_capacity_high,world_bottleneck-seed-2184401695212112810,item_0009,1,0.9437742851251183,0.9113727672519207,0.9714085948860692,0.9536107536574743,0.6597222222222222
developmental_synthetic,review_capacity_high,world_bottleneck-seed-2184401695212112810,item_0010,0,0.9437742851251183,0.9113727672519207,0.9714085948860692,0.9536107536574743,0.6597222222222222
developmental_synthetic,review_capacity_high,world_bottleneck-seed-2184401695212112810,item_0011,0,0.9437742851251183,0.9113727672519207,0.9714085948860692,0.9536107536574743,0.6597222222222222
developmental_synthetic,review_capacity_high,world_bottleneck-seed-2184401695212112810,item_0012,0,0.9437742851251183,0.9113727672519207,0.9714085948860692,0.9536107536574743,0.6597222222222222
developmental_synthetic,review_capacity_high,world_bottleneck-seed-2184401695212112810,item_0013,1,0.9437742851251183,0.9113727672519207,0.9714085948860692,0.9536107536574743,0.6597222222222222
developmental_synthetic,review_capacity_high,world_bottleneck-seed-2184401695212112810,item_0014,0,0.9437742851251183,0.9113727672519207,0.9714085948860692,0.9536107536574743,0.6597222222222222
developmental_synthetic,review_capacity_high,world_bottleneck-seed-2184401695212112810,item_0015,1,0.9437742851251183,0.9113727672519207,0.9714085948860692,0.9536107536574743,0.6597222222222222
developmental_synthetic,review_capacity_high,world_bottleneck-seed-2184401695212112810,item_0016,0,0.9437742851251183,0.9113727672519207,0.9714085948860692,0.9536107536574743,0.6597222222222222
developmental_synthetic,review_capacity_high,world_bottleneck-seed-2184401695212112810,item_0017,1,0.9437742851251183,0.9113727672519207,0.9714085948860692,0.9536107536574743,0.6597222222222222
developmental_synthetic,review_capacity_high,world_bottleneck-seed-2184401695212112810,item_0018,0,0.9437742851251183,0.9113727672519207,0.9714085948860692,0.9536107536574743,0.6597222222222222
developmental_synthetic,review_capacity_high,world_bottleneck-seed-2184401695212112810,item_0019,1,0.9437742851251183,0.9113727672519207,0.9714085948860692,0.9536107536574743,0.6597222222222222
developmental_synthetic,review_capacity_high,world_bottleneck-seed-2184401695212112810,item_0020,0,0.9437742851251183,0.9113727672519207,0.9714085948860692,0.9536107536574743,0.6597222222222222
developmental_synthetic,review_capacity_high,world_bottleneck-seed-2184401695212112810,item_0021,1,0.9437742851251183,0.9113727672519207,0.9714085948860692,0.9536107536574743,0.6597222222222222
developmental_synthetic,review_capacity_high,world_bottleneck-seed-2184401695212112810,item_0022,0,0.9437742851251183,0.9113727672519207,0.9714085948860692,0.9536107536574743,0.6597222222222222
developmental_synthetic,review_capacity_high,world_bottleneck-seed-2184401695212112810,item_0023,1,0.9437742851251183,0.9113727672519207,0.9714085948860692,0.9536107536574743,0.6597222222222222
developmental_synthetic,review_capacity_high,world_bottleneck-seed-2184401695212112810,item_0024,0,0.9437742851251183,0.9113727672519207,0.9714085948860692,0.9536107536574743,0.6597222222222222
developmental_synthetic,load_low,world_bottleneck-seed-4594190432599945735,item_0001,1,0.9759934274971894,0.9613996261568825,0.9849719144585546,0.97540331064735,0.8819444444444444
developmental_synthetic,load_low,world_bottleneck-seed-4594190432599945735,item_0002,1,0.9759934274971894,0.9613996261568825,0.9849719144585546,0.97540331064735,0.8819444444444444
developmental_synthetic,load_low,world_bottleneck-seed-4594190432599945735,item_0003,1,0.9759934274971894,0.9613996261568825,0.9849719144585546,0.97540331064735,0.8819444444444444
developmental_synthetic,load_low,world_bottleneck-seed-4594190432599945735,item_0004,1,0.9759934274971894,0.9613996261568825,0.9849719144585546,0.97540331064735,0.8819444444444444
developmental_synthetic,load_low,world_bottleneck-seed-4594190432599945735,item_0005,1,0.9759934274971894,0.9613996261568825,0.9849719144585546,0.97540331064735,0.8819444444444444
developmental_synthetic,load_low,world_bottleneck-seed-4594190432599945735,item_0006,1,0.9759934274971894,0.9613996261568825,0.9849719144585546,0.97540331064735,0.8819444444444444
developmental_synthetic,load_low,world_bottleneck-seed-8166473292603767607,item_0001,1,0.9759934274971894,0.9613996261568825,0.9849719144585546,0.97540331064735,0.8819444444444444
developmental_synthetic,load_low,world_bottleneck-seed-8166473292603767607,item_0002,1,0.9759934274971894,0.9613996261568825,0.9849719144585546,0.97540331064735,0.8819444444444444
developmental_synthetic,load_low,world_bottleneck-seed-8166473292603767607,item_0003,1,0.9759934274971894,0.9613996261568825,0.9849719144585546,0.97540331064735,0.8819444444444444
developmental_synthetic,load_low,world_bottleneck-seed-8166473292603767607,item_0004,0,0.9759934274971894,0.9613996261568825,0.9849719144585546,0.97540331064735,0.8819444444444444
developmental_synthetic,load_low,world_bottleneck-seed-8166473292603767607,item_0005,1,0.9759934274971894,0.9613996261568825,0.9849719144585546,0.97540331064735,0.8819444444444444
developmental_synthetic,load_low,world_bottleneck-seed-8166473292603767607,item_0006,1,0.9759934274971894,0.9613996261568825,0.9849719144585546,0.97540331064735,0.8819444444444444
developmental_synthetic,load_low,world_bottleneck-seed-4170565587130884155,item_0001,1,0.9759934274971894,0.9613996261568825,0.9849719144585546,0.97540331064735,0.8819444444444444
developmental_synthetic,load_low,world_bottleneck-seed-4170565587130884155,item_0002,0,0.9759934274971894,0.9613996261568825,0.9849719144585546,0.97540331064735,0.8819444444444444
developmental_synthetic,load_low,world_bottleneck-seed-4170565587130884155,item_0003,0,0.9759934274971894,0.9613996261568825,0.9849719144585546,0.97540331064735,0.8819444444444444
developmental_synthetic,load_low,world_bottleneck-seed-4170565587130884155,item_0004,0,0.9759934274971894,0.9613996261568825,0.9849719144585546,0.97540331064735,0.8819444444444444
developmental_synthetic,load_low,world_bottleneck-seed-4170565587130884155,item_0005,0,0.9759934274971894,0.9613996261568825,0.9849719144585546,0.97540331064735,0.8819444444444444
developmental_synthetic,load_low,world_bottleneck-seed-4170565587130884155,item_0006,0,0.9759934274971894,0.9613996261568825,0.9849719144585546,0.97540331064735,0.8819444444444444
developmental_synthetic,load_low,world_bottleneck-seed-2717423041065866496,item_0001,1,0.9759934274971894,0.9613996261568825,0.9849719144585546,0.97540331064735,0.8819444444444444
developmental_synthetic,load_low,world_bottleneck-seed-2717423041065866496,item_0002,1,0.9759934274971894,0.9613996261568825,0.9849719144585546,0.97540331064735,0.8819444444444444
developmental_synthetic,load_low,world_bottleneck-seed-2717423041065866496,item_0003,1,0.9759934274971894,0.9613996261568825,0.9849719144585546,0.97540331064735,0.8819444444444444
developmental_synthetic,load_low,world_bottleneck-seed-2717423041065866496,item_0004,1,0.9759934274971894,0.9613996261568825,0.9849719144585546,0.97540331064735,0.8819444444444444
developmental_synthetic,load_low,world_bottleneck-seed-2717423041065866496,item_0005,1,0.9759934274971894,0.9613996261568825,0.9849719144585546,0.97540331064735,0.8819444444444444
developmental_synthetic,load_low,world_bottleneck-seed-2717423041065866496,item_0006,1,0.9759934274971894,0.9613996261568825,0.9849719144585546,0.97540331064735,0.8819444444444444
developmental_synthetic,load_low,world_bottleneck-seed-3300210048293211683,item_0001,1,0.9759934274971894,0.9613996261568825,0.9849719144585546,0.97540331064735,0.8819444444444444
developmental_synthetic,load_low,world_bottleneck-seed-3300210048293211683,item_0002,1,0.9759934274971894,0.9613996261568825,0.9849719144585546,0.97540331064735,0.8819444444444444
developmental_synthetic,load_low,world_bottleneck-seed-3300210048293211683,item_0003,1,0.9759934274971894,0.9613996261568825,0.9849719144585546,0.97540331064735,0.8819444444444444
developmental_synthetic,load_low,world_bottleneck-seed-3300210048293211683,item_0004,1,0.9759934274971894,0.9613996261568825,0.9849719144585546,0.97540331064735,0.8819444444444444
developmental_synthetic,load_low,world_bottleneck-seed-3300210048293211683,item_0005,1,0.9759934274971894,0.9613996261568825,0.9849719144585546,0.97540331064735,0.8819444444444444
developmental_synthetic,load_low,world_bottleneck-seed-3300210048293211683,item_0006,1,0.9759934274971894,0.9613996261568825,0.9849719144585546,0.97540331064735,0.8819444444444444
developmental_synthetic,load_low,world_bottleneck-seed-8029632760491593691,item_0001,1,0.9759934274971894,0.9613996261568825,0.9849719144585546,0.97540331064735,0.8819444444444444
developmental_synthetic,load_low,world_bottleneck-seed-8029632760491593691,item_0002,1,0.9759934274971894,0.9613996261568825,0.9849719144585546,0.97540331064735,0.8819444444444444
developmental_synthetic,load_low,world_bottleneck-seed-8029632760491593691,item_0003,1,0.9759934274971894,0.9613996261568825,0.9849719144585546,0.97540331064735,0.8819444444444444
developmental_synthetic,load_low,world_bottleneck-seed-8029632760491593691,item_0004,1,0.9759934274971894,0.9613996261568825,0.9849719144585546,0.97540331064735,0.8819444444444444
developmental_synthetic,load_low,world_bottleneck-seed-8029632760491593691,item_0005,1,0.9759934274971894,0.9613996261568825,0.9849719144585546,0.97540331064735,0.8819444444444444
developmental_synthetic,load_low,world_bottleneck-seed-8029632760491593691,item_0006,1,0.9759934274971894,0.9613996261568825,0.9849719144585546,0.97540331064735,0.8819444444444444
developmental_synthetic,load_low,world_bottleneck-seed-1942033208343472871,item_0001,1,0.9759934274971894,0.9613996261568825,0.9849719144585546,0.97540331064735,0.8819444444444444
developmental_synthetic,load_low,world_bottleneck-seed-1942033208343472871,item_0002,1,0.9759934274971894,0.9613996261568825,0.9849719144585546,0.97540331064735,0.8819444444444444
developmental_synthetic,load_low,world_bottleneck-seed-1942033208343472871,item_0003,1,0.9759934274971894,0.9613996261568825,0.9849719144585546,0.97540331064735,0.8819444444444444
developmental_synthetic,load_low,world_bottleneck-seed-1942033208343472871,item_0004,1,0.9759934274971894,0.9613996261568825,0.9849719144585546,0.97540331064735,0.8819444444444444
developmental_synthetic,load_low,world_bottleneck-seed-1942033208343472871,item_0005,1,0.9759934274971894,0.9613996261568825,0.9849719144585546,0.97540331064735,0.8819444444444444
developmental_synthetic,load_low,world_bottleneck-seed-1942033208343472871,item_0006,1,0.9759934274971894,0.9613996261568825,0.9849719144585546,0.97540331064735,0.8819444444444444
developmental_synthetic,load_low,world_bottleneck-seed-4316497584180809060,item_0001,1,0.9759934274971894,0.9613996261568825,0.9849719144585546,0.97540331064735,0.8819444444444444
developmental_synthetic,load_low,world_bottleneck-seed-4316497584180809060,item_0002,0,0.9759934274971894,0.9613996261568825,0.9849719144585546,0.97540331064735,0.8819444444444444
developmental_synthetic,load_low,world_bottleneck-seed-4316497584180809060,item_0003,0,0.9759934274971894,0.9613996261568825,0.9849719144585546,0.97540331064735,0.8819444444444444
developmental_synthetic,load_low,world_bottleneck-seed-4316497584180809060,item_0004,0,0.9759934274971894,0.9613996261568825,0.9849719144585546,0.97540331064735,0.8819444444444444
developmental_synthetic,load_low,world_bottleneck-seed-4316497584180809060,item_0005,1,0.9759934274971894,0.9613996261568825,0.9849719144585546,0.97540331064735,0.8819444444444444
developmental_synthetic,load_low,world_bottleneck-seed-4316497584180809060,item_0006,0,0.9759934274971894,0.9613996261568825,0.9849719144585546,0.97540331064735,0.8819444444444444
developmental_synthetic,load_low,world_bottleneck-seed-267805246917825788,item_0001,1,0.9759934274971894,0.9613996261568825,0.9849719144585546,0.97540331064735,0.8819444444444444
developmental_synthetic,load_low,world_bottleneck-seed-267805246917825788,item_0002,1,0.9759934274971894,0.9613996261568825,0.9849719144585546,0.97540331064735,0.8819444444444444
developmental_synthetic,load_low,world_bottleneck-seed-267805246917825788,item_0003,1,0.9759934274971894,0.9613996261568825,0.9849719144585546,0.97540331064735,0.8819444444444444
developmental_synthetic,load_low,world_bottleneck-seed-267805246917825788,item_0004,1,0.9759934274971894,0.9613996261568825,0.9849719144585546,0.97540331064735,0.8819444444444444
developmental_synthetic,load_low,world_bottleneck-seed-267805246917825788,item_0005,1,0.9759934274971894,0.9613996261568825,0.9849719144585546,0.97540331064735,0.8819444444444444
developmental_synthetic,load_low,world_bottleneck-seed-267805246917825788,item_0006,1,0.9759934274971894,0.9613996261568825,0.9849719144585546,0.97540331064735,0.8819444444444444
developmental_synthetic,load_low,world_bottleneck-seed-5323512391870954056,item_0001,1,0.9759934274971894,0.9613996261568825,0.9849719144585546,0.97540331064735,0.8819444444444444
developmental_synthetic,load_low,world_bottleneck-seed-5323512391870954056,item_0002,1,0.9759934274971894,0.9613996261568825,0.9849719144585546,0.97540331064735,0.8819444444444444
developmental_synthetic,load_low,world_bottleneck-seed-5323512391870954056,item_0003,1,0.9759934274971894,0.9613996261568825,0.9849719144585546,0.97540331064735,0.8819444444444444
developmental_synthetic,load_low,world_bottleneck-seed-5323512391870954056,item_0004,1,0.9759934274971894,0.9613996261568825,0.9849719144585546,0.97540331064735,0.8819444444444444
developmental_synthetic,load_low,world_bottleneck-seed-5323512391870954056,item_0005,1,0.9759934274971894,0.9613996261568825,0.9849719144585546,0.97540331064735,0.8819444444444444
developmental_synthetic,load_low,world_bottleneck-seed-5323512391870954056,item_0006,1,0.9759934274971894,0.9613996261568825,0.9849719144585546,0.97540331064735,0.8819444444444444
developmental_synthetic,load_low,world_bottleneck-seed-1172434494149480746,item_0001,1,0.9759934274971894,0.9613996261568825,0.9849719144585546,0.97540331064735,0.8819444444444444
developmental_synthetic,load_low,world_bottleneck-seed-1172434494149480746,item_0002,1,0.9759934274971894,0.9613996261568825,0.9849719144585546,0.97540331064735,0.8819444444444444
developmental_synthetic,load_low,world_bottleneck-seed-1172434494149480746,item_0003,1,0.9759934274971894,0.9613996261568825,0.9849719144585546,0.97540331064735,0.8819444444444444
developmental_synthetic,load_low,world_bottleneck-seed-1172434494149480746,item_0004,0,0.9759934274971894,0.9613996261568825,0.9849719144585546,0.97540331064735,0.8819444444444444
developmental_synthetic,load_low,world_bottleneck-seed-1172434494149480746,item_0005,1,0.9759934274971894,0.9613996261568825,0.9849719144585546,0.97540331064735,0.8819444444444444
developmental_synthetic,load_low,world_bottleneck-seed-1172434494149480746,item_0006,1,0.9759934274971894,0.9613996261568825,0.9849719144585546,0.97540331064735,0.8819444444444444
developmental_synthetic,load_low,world_bottleneck-seed-5726125126166933359,item_0001,1,0.9759934274971894,0.9613996261568825,0.9849719144585546,0.97540331064735,0.8819444444444444
developmental_synthetic,load_low,world_bottleneck-seed-5726125126166933359,item_0002,1,0.9759934274971894,0.9613996261568825,0.9849719144585546,0.97540331064735,0.8819444444444444
developmental_synthetic,load_low,world_bottleneck-seed-5726125126166933359,item_0003,1,0.9759934274971894,0.9613996261568825,0.9849719144585546,0.97540331064735,0.8819444444444444
developmental_synthetic,load_low,world_bottleneck-seed-5726125126166933359,item_0004,1,0.9759934274971894,0.9613996261568825,0.9849719144585546,0.97540331064735,0.8819444444444444
developmental_synthetic,load_low,world_bottleneck-seed-5726125126166933359,item_0005,1,0.9759934274971894,0.9613996261568825,0.9849719144585546,0.97540331064735,0.8819444444444444
developmental_synthetic,load_low,world_bottleneck-seed-5726125126166933359,item_0006,1,0.9759934274971894,0.9613996261568825,0.9849719144585546,0.97540331064735,0.8819444444444444
developmental_synthetic,load_low,world_bottleneck-seed-319014136358887567,item_0001,1,0.9759934274971894,0.9613996261568825,0.9849719144585546,0.97540331064735,0.8819444444444444
developmental_synthetic,load_low,world_bottleneck-seed-319014136358887567,item_0002,1,0.9759934274971894,0.9613996261568825,0.9849719144585546,0.97540331064735,0.8819444444444444
developmental_synthetic,load_low,world_bottleneck-seed-319014136358887567,item_0003,1,0.9759934274971894,0.9613996261568825,0.9849719144585546,0.97540331064735,0.8819444444444444
developmental_synthetic,load_low,world_bottleneck-seed-319014136358887567,item_0004,1,0.9759934274971894,0.9613996261568825,0.9849719144585546,0.97540331064735,0.8819444444444444
developmental_synthetic,load_low,world_bottleneck-seed-319014136358887567,item_0005,1,0.9759934274971894,0.9613996261568825,0.9849719144585546,0.97540331064735,0.8819444444444444
developmental_synthetic,load_low,world_bottleneck-seed-319014136358887567,item_0006,1,0.9759934274971894,0.9613996261568825,0.9849719144585546,0.97540331064735,0.8819444444444444
developmental_synthetic,load_low,world_bottleneck-seed-3209872604180264923,item_0001,1,0.9759934274971894,0.9613996261568825,0.9849719144585546,0.97540331064735,0.8819444444444444
developmental_synthetic,load_low,world_bottleneck-seed-3209872604180264923,item_0002,1,0.9759934274971894,0.9613996261568825,0.9849719144585546,0.97540331064735,0.8819444444444444
developmental_synthetic,load_low,world_bottleneck-seed-3209872604180264923,item_0003,1,0.9759934274971894,0.9613996261568825,0.9849719144585546,0.97540331064735,0.8819444444444444
developmental_synthetic,load_low,world_bottleneck-seed-3209872604180264923,item_0004,1,0.9759934274971894,0.9613996261568825,0.9849719144585546,0.97540331064735,0.8819444444444444
developmental_synthetic,load_low,world_bottleneck-seed-3209872604180264923,item_0005,1,0.9759934274971894,0.9613996261568825,0.9849719144585546,0.97540331064735,0.8819444444444444
developmental_synthetic,load_low,world_bottleneck-seed-3209872604180264923,item_0006,0,0.9759934274971894,0.9613996261568825,0.9849719144585546,0.97540331064735,0.8819444444444444
developmental_synthetic,load_low,world_bottleneck-seed-6784579373204956173,item_0001,1,0.9759934274971894,0.9613996261568825,0.9849719144585546,0.97540331064735,0.8819444444444444
developmental_synthetic,load_low,world_bottleneck-seed-6784579373204956173,item_0002,0,0.9759934274971894,0.9613996261568825,0.9849719144585546,0.97540331064735,0.8819444444444444
developmental_synthetic,load_low,world_bottleneck-seed-6784579373204956173,item_0003,0,0.9759934274971894,0.9613996261568825,0.9849719144585546,0.97540331064735,0.8819444444444444
developmental_synthetic,load_low,world_bottleneck-seed-6784579373204956173,item_0004,0,0.9759934274971894,0.9613996261568825,0.9849719144585546,0.97540331064735,0.8819444444444444
developmental_synthetic,load_low,world_bottleneck-seed-6784579373204956173,item_0005,1,0.9759934274971894,0.9613996261568825,0.9849719144585546,0.97540331064735,0.8819444444444444
developmental_synthetic,load_low,world_bottleneck-seed-6784579373204956173,item_0006,0,0.9759934274971894,0.9613996261568825,0.9849719144585546,0.97540331064735,0.8819444444444444
developmental_synthetic,load_low,world_bottleneck-seed-4191090533071896547,item_0001,1,0.9759934274971894,0.9613996261568825,0.9849719144585546,0.97540331064735,0.8819444444444444
developmental_synthetic,load_low,world_bottleneck-seed-4191090533071896547,item_0002,1,0.9759934274971894,0.9613996261568825,0.9849719144585546,0.97540331064735,0.8819444444444444
developmental_synthetic,load_low,world_bottleneck-seed-4191090533071896547,item_0003,1,0.9759934274971894,0.9613996261568825,0.9849719144585546,0.97540331064735,0.8819444444444444
developmental_synthetic,load_low,world_bottleneck-seed-4191090533071896547,item_0004,1,0.9759934274971894,0.9613996261568825,0.9849719144585546,0.97540331064735,0.8819444444444444
developmental_synthetic,load_low,world_bottleneck-seed-4191090533071896547,item_0005,1,0.9759934274971894,0.9613996261568825,0.9849719144585546,0.97540331064735,0.8819444444444444
developmental_synthetic,load_low,world_bottleneck-seed-4191090533071896547,item_0006,1,0.9759934274971894,0.9613996261568825,0.9849719144585546,0.97540331064735,0.8819444444444444
developmental_synthetic,load_low,world_bottleneck-seed-9117653556647870869,item_0001,1,0.9759934274971894,0.9613996261568825,0.9849719144585546,0.97540331064735,0.8819444444444444
developmental_synthetic,load_low,world_bottleneck-seed-9117653556647870869,item_0002,1,0.9759934274971894,0.9613996261568825,0.9849719144585546,0.97540331064735,0.8819444444444444
developmental_synthetic,load_low,world_bottleneck-seed-9117653556647870869,item_0003,1,0.9759934274971894,0.9613996261568825,0.9849719144585546,0.97540331064735,0.8819444444444444
developmental_synthetic,load_low,world_bottleneck-seed-9117653556647870869,item_0004,0,0.9759934274971894,0.9613996261568825,0.9849719144585546,0.97540331064735,0.8819444444444444
developmental_synthetic,load_low,world_bottleneck-seed-9117653556647870869,item_0005,1,0.9759934274971894,0.9613996261568825,0.9849719144585546,0.97540331064735,0.8819444444444444
developmental_synthetic,load_low,world_bottleneck-seed-9117653556647870869,item_0006,1,0.9759934274971894,0.9613996261568825,0.9849719144585546,0.97540331064735,0.8819444444444444
developmental_synthetic,load_low,world_bottleneck-seed-8669772086981772072,item_0001,1,0.9759934274971894,0.9613996261568825,0.9849719144585546,0.97540331064735,0.8819444444444444
developmental_synthetic,load_low,world_bottleneck-seed-8669772086981772072,item_0002,1,0.9759934274971894,0.9613996261568825,0.9849719144585546,0.97540331064735,0.8819444444444444
developmental_synthetic,load_low,world_bottleneck-seed-8669772086981772072,item_0003,1,0.9759934274971894,0.9613996261568825,0.9849719144585546,0.97540331064735,0.8819444444444444
developmental_synthetic,load_low,world_bottleneck-seed-8669772086981772072,item_0004,1,0.9759934274971894,0.9613996261568825,0.9849719144585546,0.97540331064735,0.8819444444444444
developmental_synthetic,load_low,world_bottleneck-seed-8669772086981772072,item_0005,1,0.9759934274971894,0.9613996261568825,0.9849719144585546,0.97540331064735,0.8819444444444444
developmental_synthetic,load_low,world_bottleneck-seed-8669772086981772072,item_0006,1,0.9759934274971894,0.9613996261568825,0.9849719144585546,0.97540331064735,0.8819444444444444
developmental_synthetic,load_low,world_bottleneck-seed-3353631954069894546,item_0001,1,0.9759934274971894,0.9613996261568825,0.9849719144585546,0.97540331064735,0.8819444444444444
developmental_synthetic,load_low,world_bottleneck-seed-3353631954069894546,item_0002,1,0.9759934274971894,0.9613996261568825,0.9849719144585546,0.97540331064735,0.8819444444444444
developmental_synthetic,load_low,world_bottleneck-seed-3353631954069894546,item_0003,1,0.9759934274971894,0.9613996261568825,0.9849719144585546,0.97540331064735,0.8819444444444444
developmental_synthetic,load_low,world_bottleneck-seed-3353631954069894546,item_0004,1,0.9759934274971894,0.9613996261568825,0.9849719144585546,0.97540331064735,0.8819444444444444
developmental_synthetic,load_low,world_bottleneck-seed-3353631954069894546,item_0005,1,0.9759934274971894,0.9613996261568825,0.9849719144585546,0.97540331064735,0.8819444444444444
developmental_synthetic,load_low,world_bottleneck-seed-3353631954069894546,item_0006,1,0.9759934274971894,0.9613996261568825,0.9849719144585546,0.97540331064735,0.8819444444444444
developmental_synthetic,load_low,world_bottleneck-seed-9078621501550203399,item_0001,1,0.9759934274971894,0.9613996261568825,0.9849719144585546,0.97540331064735,0.8819444444444444
developmental_synthetic,load_low,world_bottleneck-seed-9078621501550203399,item_0002,1,0.9759934274971894,0.9613996261568825,0.9849719144585546,0.97540331064735,0.8819444444444444
developmental_synthetic,load_low,world_bottleneck-seed-9078621501550203399,item_0003,1,0.9759934274971894,0.9613996261568825,0.9849719144585546,0.97540331064735,0.8819444444444444
developmental_synthetic,load_low,world_bottleneck-seed-9078621501550203399,item_0004,1,0.9759934274971894,0.9613996261568825,0.9849719144585546,0.97540331064735,0.8819444444444444
developmental_synthetic,load_low,world_bottleneck-seed-9078621501550203399,item_0005,1,0.9759934274971894,0.9613996261568825,0.9849719144585546,0.97540331064735,0.8819444444444444
developmental_synthetic,load_low,world_bottleneck-seed-9078621501550203399,item_0006,1,0.9759934274971894,0.9613996261568825,0.9849719144585546,0.97540331064735,0.8819444444444444
developmental_synthetic,load_low,world_bottleneck-seed-2232509440464157497,item_0001,1,0.9759934274971894,0.9613996261568825,0.9849719144585546,0.97540331064735,0.8819444444444444
developmental_synthetic,load_low,world_bottleneck-seed-2232509440464157497,item_0002,1,0.9759934274971894,0.9613996261568825,0.9849719144585546,0.97540331064735,0.8819444444444444
developmental_synthetic,load_low,world_bottleneck-seed-2232509440464157497,item_0003,1,0.9759934274971894,0.9613996261568825,0.9849719144585546,0.97540331064735,0.8819444444444444
developmental_synthetic,load_low,world_bottleneck-seed-2232509440464157497,item_0004,1,0.9759934274971894,0.9613996261568825,0.9849719144585546,0.97540331064735,0.8819444444444444
developmental_synthetic,load_low,world_bottleneck-seed-2232509440464157497,item_0005,1,0.9759934274971894,0.9613996261568825,0.9849719144585546,0.97540331064735,0.8819444444444444
developmental_synthetic,load_low,world_bottleneck-seed-2232509440464157497,item_0006,1,0.9759934274971894,0.9613996261568825,0.9849719144585546,0.97540331064735,0.8819444444444444
developmental_synthetic,load_low,world_bottleneck-seed-1318810389743050509,item_0001,1,0.9759934274971894,0.9613996261568825,0.9849719144585546,0.97540331064735,0.8819444444444444
developmental_synthetic,load_low,world_bottleneck-seed-1318810389743050509,item_0002,1,0.9759934274971894,0.9613996261568825,0.9849719144585546,0.97540331064735,0.8819444444444444
developmental_synthetic,load_low,world_bottleneck-seed-1318810389743050509,item_0003,1,0.9759934274971894,0.9613996261568825,0.9849719144585546,0.97540331064735,0.8819444444444444
developmental_synthetic,load_low,world_bottleneck-seed-1318810389743050509,item_0004,1,0.9759934274971894,0.9613996261568825,0.9849719144585546,0.97540331064735,0.8819444444444444
developmental_synthetic,load_low,world_bottleneck-seed-1318810389743050509,item_0005,1,0.9759934274971894,0.9613996261568825,0.9849719144585546,0.97540331064735,0.8819444444444444
developmental_synthetic,load_low,world_bottleneck-seed-1318810389743050509,item_0006,1,0.9759934274971894,0.9613996261568825,0.9849719144585546,0.97540331064735,0.8819444444444444
developmental_synthetic,load_low,world_bottleneck-seed-2672526422288897444,item_0001,1,0.9759934274971894,0.9613996261568825,0.9849719144585546,0.97540331064735,0.8819444444444444
developmental_synthetic,load_low,world_bottleneck-seed-2672526422288897444,item_0002,1,0.9759934274971894,0.9613996261568825,0.9849719144585546,0.97540331064735,0.8819444444444444
developmental_synthetic,load_low,world_bottleneck-seed-2672526422288897444,item_0003,1,0.9759934274971894,0.9613996261568825,0.9849719144585546,0.97540331064735,0.8819444444444444
developmental_synthetic,load_low,world_bottleneck-seed-2672526422288897444,item_0004,1,0.9759934274971894,0.9613996261568825,0.9849719144585546,0.97540331064735,0.8819444444444444
developmental_synthetic,load_low,world_bottleneck-seed-2672526422288897444,item_0005,1,0.9759934274971894,0.9613996261568825,0.9849719144585546,0.97540331064735,0.8819444444444444
developmental_synthetic,load_low,world_bottleneck-seed-2672526422288897444,item_0006,1,0.9759934274971894,0.9613996261568825,0.9849719144585546,0.97540331064735,0.8819444444444444
developmental_synthetic,load_low,world_bottleneck-seed-2184401695212112810,item_0001,1,0.9759934274971894,0.9613996261568825,0.9849719144585546,0.97540331064735,0.8819444444444444
developmental_synthetic,load_low,world_bottleneck-seed-2184401695212112810,item_0002,1,0.9759934274971894,0.9613996261568825,0.9849719144585546,0.97540331064735,0.8819444444444444
developmental_synthetic,load_low,world_bottleneck-seed-2184401695212112810,item_0003,1,0.9759934274971894,0.9613996261568825,0.9849719144585546,0.97540331064735,0.8819444444444444
developmental_synthetic,load_low,world_bottleneck-seed-2184401695212112810,item_0004,1,0.9759934274971894,0.9613996261568825,0.9849719144585546,0.97540331064735,0.8819444444444444
developmental_synthetic,load_low,world_bottleneck-seed-2184401695212112810,item_0005,1,0.9759934274971894,0.9613996261568825,0.9849719144585546,0.97540331064735,0.8819444444444444
developmental_synthetic,load_low,world_bottleneck-seed-2184401695212112810,item_0006,1,0.9759934274971894,0.9613996261568825,0.9849719144585546,0.97540331064735,0.8819444444444444
developmental_synthetic,load_high,world_bottleneck-seed-4594190432599945735,item_0001,1,0.9029787707608072,0.8507847457158118,0.5240199578884656,0.3997998157332763,0.5219907407407407
developmental_synthetic,load_high,world_bottleneck-seed-4594190432599945735,item_0002,1,0.9029787707608072,0.8507847457158118,0.5240199578884656,0.3997998157332763,0.5219907407407407
developmental_synthetic,load_high,world_bottleneck-seed-4594190432599945735,item_0003,1,0.9029787707608072,0.8507847457158118,0.5240199578884656,0.3997998157332763,0.5219907407407407
developmental_synthetic,load_high,world_bottleneck-seed-4594190432599945735,item_0004,1,0.9029787707608072,0.8507847457158118,0.5240199578884656,0.3997998157332763,0.5219907407407407
developmental_synthetic,load_high,world_bottleneck-seed-4594190432599945735,item_0005,1,0.9029787707608072,0.8507847457158118,0.5240199578884656,0.3997998157332763,0.5219907407407407
developmental_synthetic,load_high,world_bottleneck-seed-4594190432599945735,item_0006,0,0.9029787707608072,0.8507847457158118,0.5240199578884656,0.3997998157332763,0.5219907407407407
developmental_synthetic,load_high,world_bottleneck-seed-4594190432599945735,item_0007,1,0.9029787707608072,0.8507847457158118,0.5240199578884656,0.3997998157332763,0.5219907407407407
developmental_synthetic,load_high,world_bottleneck-seed-4594190432599945735,item_0008,1,0.9029787707608072,0.8507847457158118,0.5240199578884656,0.3997998157332763,0.5219907407407407
developmental_synthetic,load_high,world_bottleneck-seed-4594190432599945735,item_0009,1,0.9029787707608072,0.8507847457158118,0.5240199578884656,0.3997998157332763,0.5219907407407407
developmental_synthetic,load_high,world_bottleneck-seed-4594190432599945735,item_0010,1,0.9029787707608072,0.8507847457158118,0.5240199578884656,0.3997998157332763,0.5219907407407407
developmental_synthetic,load_high,world_bottleneck-seed-4594190432599945735,item_0011,1,0.9029787707608072,0.8507847457158118,0.5240199578884656,0.3997998157332763,0.5219907407407407
developmental_synthetic,load_high,world_bottleneck-seed-4594190432599945735,item_0012,1,0.9029787707608072,0.8507847457158118,0.5240199578884656,0.3997998157332763,0.5219907407407407
developmental_synthetic,load_high,world_bottleneck-seed-4594190432599945735,item_0013,1,0.9029787707608072,0.8507847457158118,0.5240199578884656,0.3997998157332763,0.5219907407407407
developmental_synthetic,load_high,world_bottleneck-seed-4594190432599945735,item_0014,0,0.9029787707608072,0.8507847457158118,0.5240199578884656,0.3997998157332763,0.5219907407407407
developmental_synthetic,load_high,world_bottleneck-seed-4594190432599945735,item_0015,1,0.9029787707608072,0.8507847457158118,0.5240199578884656,0.3997998157332763,0.5219907407407407
developmental_synthetic,load_high,world_bottleneck-seed-4594190432599945735,item_0016,0,0.9029787707608072,0.8507847457158118,0.5240199578884656,0.3997998157332763,0.5219907407407407
developmental_synthetic,load_high,world_bottleneck-seed-4594190432599945735,item_0017,1,0.9029787707608072,0.8507847457158118,0.5240199578884656,0.3997998157332763,0.5219907407407407
developmental_synthetic,load_high,world_bottleneck-seed-4594190432599945735,item_0018,0,0.9029787707608072,0.8507847457158118,0.5240199578884656,0.3997998157332763,0.5219907407407407
developmental_synthetic,load_high,world_bottleneck-seed-4594190432599945735,item_0019,1,0.9029787707608072,0.8507847457158118,0.5240199578884656,0.3997998157332763,0.5219907407407407
developmental_synthetic,load_high,world_bottleneck-seed-4594190432599945735,item_0020,0,0.9029787707608072,0.8507847457158118,0.5240199578884656,0.3997998157332763,0.5219907407407407
developmental_synthetic,load_high,world_bottleneck-seed-4594190432599945735,item_0021,1,0.9029787707608072,0.8507847457158118,0.5240199578884656,0.3997998157332763,0.5219907407407407
developmental_synthetic,load_high,world_bottleneck-seed-4594190432599945735,item_0022,0,0.9029787707608072,0.8507847457158118,0.5240199578884656,0.3997998157332763,0.5219907407407407
developmental_synthetic,load_high,world_bottleneck-seed-4594190432599945735,item_0023,1,0.9029787707608072,0.8507847457158118,0.5240199578884656,0.3997998157332763,0.5219907407407407
developmental_synthetic,load_high,world_bottleneck-seed-4594190432599945735,item_0024,0,0.9029787707608072,0.8507847457158118,0.5240199578884656,0.3997998157332763,0.5219907407407407
developmental_synthetic,load_high,world_bottleneck-seed-4594190432599945735,item_0025,1,0.9029787707608072,0.8507847457158118,0.5240199578884656,0.3997998157332763,0.5219907407407407
developmental_synthetic,load_high,world_bottleneck-seed-4594190432599945735,item_0026,0,0.9029787707608072,0.8507847457158118,0.5240199578884656,0.3997998157332763,0.5219907407407407
developmental_synthetic,load_high,world_bottleneck-seed-4594190432599945735,item_0027,1,0.9029787707608072,0.8507847457158118,0.5240199578884656,0.3997998157332763,0.5219907407407407
developmental_synthetic,load_high,world_bottleneck-seed-4594190432599945735,item_0028,0,0.9029787707608072,0.8507847457158118,0.5240199578884656,0.3997998157332763,0.5219907407407407
developmental_synthetic,load_high,world_bottleneck-seed-4594190432599945735,item_0029,1,0.9029787707608072,0.8507847457158118,0.5240199578884656,0.3997998157332763,0.5219907407407407
developmental_synthetic,load_high,world_bottleneck-seed-4594190432599945735,item_0030,0,0.9029787707608072,0.8507847457158118,0.5240199578884656,0.3997998157332763,0.5219907407407407
developmental_synthetic,load_high,world_bottleneck-seed-4594190432599945735,item_0031,1,0.9029787707608072,0.8507847457158118,0.5240199578884656,0.3997998157332763,0.5219907407407407
developmental_synthetic,load_high,world_bottleneck-seed-4594190432599945735,item_0032,0,0.9029787707608072,0.8507847457158118,0.5240199578884656,0.3997998157332763,0.5219907407407407
developmental_synthetic,load_high,world_bottleneck-seed-4594190432599945735,item_0033,1,0.9029787707608072,0.8507847457158118,0.5240199578884656,0.3997998157332763,0.5219907407407407
developmental_synthetic,load_high,world_bottleneck-seed-4594190432599945735,item_0034,0,0.9029787707608072,0.8507847457158118,0.5240199578884656,0.3997998157332763,0.5219907407407407
developmental_synthetic,load_high,world_bottleneck-seed-4594190432599945735,item_0035,1,0.9029787707608072,0.8507847457158118,0.5240199578884656,0.3997998157332763,0.5219907407407407
developmental_synthetic,load_high,world_bottleneck-seed-4594190432599945735,item_0036,0,0.9029787707608072,0.8507847457158118,0.5240199578884656,0.3997998157332763,0.5219907407407407
developmental_synthetic,load_high,world_bottleneck-seed-8166473292603767607,item_0001,1,0.9029787707608072,0.8507847457158118,0.5240199578884656,0.3997998157332763,0.5219907407407407
developmental_synthetic,load_high,world_bottleneck-seed-8166473292603767607,item_0002,0,0.9029787707608072,0.8507847457158118,0.5240199578884656,0.3997998157332763,0.5219907407407407
developmental_synthetic,load_high,world_bottleneck-seed-8166473292603767607,item_0003,1,0.9029787707608072,0.8507847457158118,0.5240199578884656,0.3997998157332763,0.5219907407407407
developmental_synthetic,load_high,world_bottleneck-seed-8166473292603767607,item_0004,0,0.9029787707608072,0.8507847457158118,0.5240199578884656,0.3997998157332763,0.5219907407407407
developmental_synthetic,load_high,world_bottleneck-seed-8166473292603767607,item_0005,1,0.9029787707608072,0.8507847457158118,0.5240199578884656,0.3997998157332763,0.5219907407407407
developmental_synthetic,load_high,world_bottleneck-seed-8166473292603767607,item_0006,0,0.9029787707608072,0.8507847457158118,0.5240199578884656,0.3997998157332763,0.5219907407407407
developmental_synthetic,load_high,world_bottleneck-seed-8166473292603767607,item_0007,1,0.9029787707608072,0.8507847457158118,0.5240199578884656,0.3997998157332763,0.5219907407407407
developmental_synthetic,load_high,world_bottleneck-seed-8166473292603767607,item_0008,0,0.9029787707608072,0.8507847457158118,0.5240199578884656,0.3997998157332763,0.5219907407407407
developmental_synthetic,load_high,world_bottleneck-seed-8166473292603767607,item_0009,1,0.9029787707608072,0.8507847457158118,0.5240199578884656,0.3997998157332763,0.5219907407407407
developmental_synthetic,load_high,world_bottleneck-seed-8166473292603767607,item_0010,0,0.9029787707608072,0.8507847457158118,0.5240199578884656,0.3997998157332763,0.5219907407407407
developmental_synthetic,load_high,world_bottleneck-seed-8166473292603767607,item_0011,1,0.9029787707608072,0.8507847457158118,0.5240199578884656,0.3997998157332763,0.5219907407407407
developmental_synthetic,load_high,world_bottleneck-seed-8166473292603767607,item_0012,0,0.9029787707608072,0.8507847457158118,0.5240199578884656,0.3997998157332763,0.5219907407407407
developmental_synthetic,load_high,world_bottleneck-seed-8166473292603767607,item_0013,1,0.9029787707608072,0.8507847457158118,0.5240199578884656,0.3997998157332763,0.5219907407407407
developmental_synthetic,load_high,world_bottleneck-seed-8166473292603767607,item_0014,0,0.9029787707608072,0.8507847457158118,0.5240199578884656,0.3997998157332763,0.5219907407407407
developmental_synthetic,load_high,world_bottleneck-seed-8166473292603767607,item_0015,0,0.9029787707608072,0.8507847457158118,0.5240199578884656,0.3997998157332763,0.5219907407407407
developmental_synthetic,load_high,world_bottleneck-seed-8166473292603767607,item_0016,0,0.9029787707608072,0.8507847457158118,0.5240199578884656,0.3997998157332763,0.5219907407407407
developmental_synthetic,load_high,world_bottleneck-seed-8166473292603767607,item_0017,1,0.9029787707608072,0.8507847457158118,0.5240199578884656,0.3997998157332763,0.5219907407407407
developmental_synthetic,load_high,world_bottleneck-seed-8166473292603767607,item_0018,0,0.9029787707608072,0.8507847457158118,0.5240199578884656,0.3997998157332763,0.5219907407407407
developmental_synthetic,load_high,world_bottleneck-seed-8166473292603767607,item_0019,1,0.9029787707608072,0.8507847457158118,0.5240199578884656,0.3997998157332763,0.5219907407407407
developmental_synthetic,load_high,world_bottleneck-seed-8166473292603767607,item_0020,0,0.9029787707608072,0.8507847457158118,0.5240199578884656,0.3997998157332763,0.5219907407407407
developmental_synthetic,load_high,world_bottleneck-seed-8166473292603767607,item_0021,1,0.9029787707608072,0.8507847457158118,0.5240199578884656,0.3997998157332763,0.5219907407407407
developmental_synthetic,load_high,world_bottleneck-seed-8166473292603767607,item_0022,0,0.9029787707608072,0.8507847457158118,0.5240199578884656,0.3997998157332763,0.5219907407407407
developmental_synthetic,load_high,world_bottleneck-seed-8166473292603767607,item_0023,1,0.9029787707608072,0.8507847457158118,0.5240199578884656,0.3997998157332763,0.5219907407407407
developmental_synthetic,load_high,world_bottleneck-seed-8166473292603767607,item_0024,0,0.9029787707608072,0.8507847457158118,0.5240199578884656,0.3997998157332763,0.5219907407407407
developmental_synthetic,load_high,world_bottleneck-seed-8166473292603767607,item_0025,1,0.9029787707608072,0.8507847457158118,0.5240199578884656,0.3997998157332763,0.5219907407407407
developmental_synthetic,load_high,world_bottleneck-seed-8166473292603767607,item_0026,0,0.9029787707608072,0.8507847457158118,0.5240199578884656,0.3997998157332763,0.5219907407407407
developmental_synthetic,load_high,world_bottleneck-seed-8166473292603767607,item_0027,1,0.9029787707608072,0.8507847457158118,0.5240199578884656,0.3997998157332763,0.5219907407407407
developmental_synthetic,load_high,world_bottleneck-seed-8166473292603767607,item_0028,0,0.9029787707608072,0.8507847457158118,0.5240199578884656,0.3997998157332763,0.5219907407407407
developmental_synthetic,load_high,world_bottleneck-seed-8166473292603767607,item_0029,1,0.9029787707608072,0.8507847457158118,0.5240199578884656,0.3997998157332763,0.5219907407407407
developmental_synthetic,load_high,world_bottleneck-seed-8166473292603767607,item_0030,0,0.9029787707608072,0.8507847457158118,0.5240199578884656,0.3997998157332763,0.5219907407407407
developmental_synthetic,load_high,world_bottleneck-seed-8166473292603767607,item_0031,1,0.9029787707608072,0.8507847457158118,0.5240199578884656,0.3997998157332763,0.5219907407407407
developmental_synthetic,load_high,world_bottleneck-seed-8166473292603767607,item_0032,0,0.9029787707608072,0.8507847457158118,0.5240199578884656,0.3997998157332763,0.5219907407407407
developmental_synthetic,load_high,world_bottleneck-seed-8166473292603767607,item_0033,1,0.9029787707608072,0.8507847457158118,0.5240199578884656,0.3997998157332763,0.5219907407407407
developmental_synthetic,load_high,world_bottleneck-seed-8166473292603767607,item_0034,0,0.9029787707608072,0.8507847457158118,0.5240199578884656,0.3997998157332763,0.5219907407407407
developmental_synthetic,load_high,world_bottleneck-seed-8166473292603767607,item_0035,1,0.9029787707608072,0.8507847457158118,0.5240199578884656,0.3997998157332763,0.5219907407407407
developmental_synthetic,load_high,world_bottleneck-seed-8166473292603767607,item_0036,0,0.9029787707608072,0.8507847457158118,0.5240199578884656,0.3997998157332763,0.5219907407407407
developmental_synthetic,load_high,world_bottleneck-seed-4170565587130884155,item_0001,1,0.9029787707608072,0.8507847457158118,0.5240199578884656,0.3997998157332763,0.5219907407407407
developmental_synthetic,load_high,world_bottleneck-seed-4170565587130884155,item_0002,0,0.9029787707608072,0.8507847457158118,0.5240199578884656,0.3997998157332763,0.5219907407407407
developmental_synthetic,load_high,world_bottleneck-seed-4170565587130884155,item_0003,1,0.9029787707608072,0.8507847457158118,0.5240199578884656,0.3997998157332763,0.5219907407407407
developmental_synthetic,load_high,world_bottleneck-seed-4170565587130884155,item_0004,0,0.9029787707608072,0.8507847457158118,0.5240199578884656,0.3997998157332763,0.5219907407407407
developmental_synthetic,load_high,world_bottleneck-seed-4170565587130884155,item_0005,1,0.9029787707608072,0.8507847457158118,0.5240199578884656,0.3997998157332763,0.5219907407407407
developmental_synthetic,load_high,world_bottleneck-seed-4170565587130884155,item_0006,0,0.9029787707608072,0.8507847457158118,0.5240199578884656,0.3997998157332763,0.5219907407407407
developmental_synthetic,load_high,world_bottleneck-seed-4170565587130884155,item_0007,1,0.9029787707608072,0.8507847457158118,0.5240199578884656,0.3997998157332763,0.5219907407407407
developmental_synthetic,load_high,world_bottleneck-seed-4170565587130884155,item_0008,0,0.9029787707608072,0.8507847457158118,0.5240199578884656,0.3997998157332763,0.5219907407407407
developmental_synthetic,load_high,world_bottleneck-seed-4170565587130884155,item_0009,1,0.9029787707608072,0.8507847457158118,0.5240199578884656,0.3997998157332763,0.5219907407407407
developmental_synthetic,load_high,world_bottleneck-seed-4170565587130884155,item_0010,0,0.9029787707608072,0.8507847457158118,0.5240199578884656,0.3997998157332763,0.5219907407407407
developmental_synthetic,load_high,world_bottleneck-seed-4170565587130884155,item_0011,1,0.9029787707608072,0.8507847457158118,0.5240199578884656,0.3997998157332763,0.5219907407407407
developmental_synthetic,load_high,world_bottleneck-seed-4170565587130884155,item_0012,0,0.9029787707608072,0.8507847457158118,0.5240199578884656,0.3997998157332763,0.5219907407407407
developmental_synthetic,load_high,world_bottleneck-seed-4170565587130884155,item_0013,1,0.9029787707608072,0.8507847457158118,0.5240199578884656,0.3997998157332763,0.5219907407407407
developmental_synthetic,load_high,world_bottleneck-seed-4170565587130884155,item_0014,0,0.9029787707608072,0.8507847457158118,0.5240199578884656,0.3997998157332763,0.5219907407407407
developmental_synthetic,load_high,world_bottleneck-seed-4170565587130884155,item_0015,1,0.9029787707608072,0.8507847457158118,0.5240199578884656,0.3997998157332763,0.5219907407407407
developmental_synthetic,load_high,world_bottleneck-seed-4170565587130884155,item_0016,0,0.9029787707608072,0.8507847457158118,0.5240199578884656,0.3997998157332763,0.5219907407407407
developmental_synthetic,load_high,world_bottleneck-seed-4170565587130884155,item_0017,1,0.9029787707608072,0.8507847457158118,0.5240199578884656,0.3997998157332763,0.5219907407407407
developmental_synthetic,load_high,world_bottleneck-seed-4170565587130884155,item_0018,0,0.9029787707608072,0.8507847457158118,0.5240199578884656,0.3997998157332763,0.5219907407407407
developmental_synthetic,load_high,world_bottleneck-seed-4170565587130884155,item_0019,1,0.9029787707608072,0.8507847457158118,0.5240199578884656,0.3997998157332763,0.5219907407407407
developmental_synthetic,load_high,world_bottleneck-seed-4170565587130884155,item_0020,0,0.9029787707608072,0.8507847457158118,0.5240199578884656,0.3997998157332763,0.5219907407407407
developmental_synthetic,load_high,world_bottleneck-seed-4170565587130884155,item_0021,1,0.9029787707608072,0.8507847457158118,0.5240199578884656,0.3997998157332763,0.5219907407407407
developmental_synthetic,load_high,world_bottleneck-seed-4170565587130884155,item_0022,0,0.9029787707608072,0.8507847457158118,0.5240199578884656,0.3997998157332763,0.5219907407407407
developmental_synthetic,load_high,world_bottleneck-seed-4170565587130884155,item_0023,1,0.9029787707608072,0.8507847457158118,0.5240199578884656,0.3997998157332763,0.5219907407407407
developmental_synthetic,load_high,world_bottleneck-seed-4170565587130884155,item_0024,0,0.9029787707608072,0.8507847457158118,0.5240199578884656,0.3997998157332763,0.5219907407407407
developmental_synthetic,load_high,world_bottleneck-seed-4170565587130884155,item_0025,1,0.9029787707608072,0.8507847457158118,0.5240199578884656,0.3997998157332763,0.5219907407407407
developmental_synthetic,load_high,world_bottleneck-seed-4170565587130884155,item_0026,0,0.9029787707608072,0.8507847457158118,0.5240199578884656,0.3997998157332763,0.5219907407407407
developmental_synthetic,load_high,world_bottleneck-seed-4170565587130884155,item_0027,1,0.9029787707608072,0.8507847457158118,0.5240199578884656,0.3997998157332763,0.5219907407407407
developmental_synthetic,load_high,world_bottleneck-seed-4170565587130884155,item_0028,0,0.9029787707608072,0.8507847457158118,0.5240199578884656,0.3997998157332763,0.5219907407407407
developmental_synthetic,load_high,world_bottleneck-seed-4170565587130884155,item_0029,1,0.9029787707608072,0.8507847457158118,0.5240199578884656,0.3997998157332763,0.5219907407407407
developmental_synthetic,load_high,world_bottleneck-seed-4170565587130884155,item_0030,0,0.9029787707608072,0.8507847457158118,0.5240199578884656,0.3997998157332763,0.5219907407407407
developmental_synthetic,load_high,world_bottleneck-seed-4170565587130884155,item_0031,1,0.9029787707608072,0.8507847457158118,0.5240199578884656,0.3997998157332763,0.5219907407407407
developmental_synthetic,load_high,world_bottleneck-seed-4170565587130884155,item_0032,0,0.9029787707608072,0.8507847457158118,0.5240199578884656,0.3997998157332763,0.5219907407407407
developmental_synthetic,load_high,world_bottleneck-seed-4170565587130884155,item_0033,1,0.9029787707608072,0.8507847457158118,0.5240199578884656,0.3997998157332763,0.5219907407407407
developmental_synthetic,load_high,world_bottleneck-seed-4170565587130884155,item_0034,0,0.9029787707608072,0.8507847457158118,0.5240199578884656,0.3997998157332763,0.5219907407407407
developmental_synthetic,load_high,world_bottleneck-seed-4170565587130884155,item_0035,1,0.9029787707608072,0.8507847457158118,0.5240199578884656,0.3997998157332763,0.5219907407407407
developmental_synthetic,load_high,world_bottleneck-seed-4170565587130884155,item_0036,0,0.9029787707608072,0.8507847457158118,0.5240199578884656,0.3997998157332763,0.5219907407407407
developmental_synthetic,load_high,world_bottleneck-seed-2717423041065866496,item_0001,1,0.9029787707608072,0.8507847457158118,0.5240199578884656,0.3997998157332763,0.5219907407407407
developmental_synthetic,load_high,world_bottleneck-seed-2717423041065866496,item_0002,0,0.9029787707608072,0.8507847457158118,0.5240199578884656,0.3997998157332763,0.5219907407407407
developmental_synthetic,load_high,world_bottleneck-seed-2717423041065866496,item_0003,1,0.9029787707608072,0.8507847457158118,0.5240199578884656,0.3997998157332763,0.5219907407407407
developmental_synthetic,load_high,world_bottleneck-seed-2717423041065866496,item_0004,0,0.9029787707608072,0.8507847457158118,0.5240199578884656,0.3997998157332763,0.5219907407407407
developmental_synthetic,load_high,world_bottleneck-seed-2717423041065866496,item_0005,1,0.9029787707608072,0.8507847457158118,0.5240199578884656,0.3997998157332763,0.5219907407407407
developmental_synthetic,load_high,world_bottleneck-seed-2717423041065866496,item_0006,0,0.9029787707608072,0.8507847457158118,0.5240199578884656,0.3997998157332763,0.5219907407407407
developmental_synthetic,load_high,world_bottleneck-seed-2717423041065866496,item_0007,1,0.9029787707608072,0.8507847457158118,0.5240199578884656,0.3997998157332763,0.5219907407407407
developmental_synthetic,load_high,world_bottleneck-seed-2717423041065866496,item_0008,0,0.9029787707608072,0.8507847457158118,0.5240199578884656,0.3997998157332763,0.5219907407407407
developmental_synthetic,load_high,world_bottleneck-seed-2717423041065866496,item_0009,1,0.9029787707608072,0.8507847457158118,0.5240199578884656,0.3997998157332763,0.5219907407407407
developmental_synthetic,load_high,world_bottleneck-seed-2717423041065866496,item_0010,0,0.9029787707608072,0.8507847457158118,0.5240199578884656,0.3997998157332763,0.5219907407407407
developmental_synthetic,load_high,world_bottleneck-seed-2717423041065866496,item_0011,1,0.9029787707608072,0.8507847457158118,0.5240199578884656,0.3997998157332763,0.5219907407407407
developmental_synthetic,load_high,world_bottleneck-seed-2717423041065866496,item_0012,0,0.9029787707608072,0.8507847457158118,0.5240199578884656,0.3997998157332763,0.5219907407407407
developmental_synthetic,load_high,world_bottleneck-seed-2717423041065866496,item_0013,1,0.9029787707608072,0.8507847457158118,0.5240199578884656,0.3997998157332763,0.5219907407407407
developmental_synthetic,load_high,world_bottleneck-seed-2717423041065866496,item_0014,0,0.9029787707608072,0.8507847457158118,0.5240199578884656,0.3997998157332763,0.5219907407407407
developmental_synthetic,load_high,world_bottleneck-seed-2717423041065866496,item_0015,0,0.9029787707608072,0.8507847457158118,0.5240199578884656,0.3997998157332763,0.5219907407407407
developmental_synthetic,load_high,world_bottleneck-seed-2717423041065866496,item_0016,0,0.9029787707608072,0.8507847457158118,0.5240199578884656,0.3997998157332763,0.5219907407407407
developmental_synthetic,load_high,world_bottleneck-seed-2717423041065866496,item_0017,1,0.9029787707608072,0.8507847457158118,0.5240199578884656,0.3997998157332763,0.5219907407407407
developmental_synthetic,load_high,world_bottleneck-seed-2717423041065866496,item_0018,0,0.9029787707608072,0.8507847457158118,0.5240199578884656,0.3997998157332763,0.5219907407407407
developmental_synthetic,load_high,world_bottleneck-seed-2717423041065866496,item_0019,1,0.9029787707608072,0.8507847457158118,0.5240199578884656,0.3997998157332763,0.5219907407407407
developmental_synthetic,load_high,world_bottleneck-seed-2717423041065866496,item_0020,0,0.9029787707608072,0.8507847457158118,0.5240199578884656,0.3997998157332763,0.5219907407407407
developmental_synthetic,load_high,world_bottleneck-seed-2717423041065866496,item_0021,1,0.9029787707608072,0.8507847457158118,0.5240199578884656,0.3997998157332763,0.5219907407407407
developmental_synthetic,load_high,world_bottleneck-seed-2717423041065866496,item_0022,0,0.9029787707608072,0.8507847457158118,0.5240199578884656,0.3997998157332763,0.5219907407407407
developmental_synthetic,load_high,world_bottleneck-seed-2717423041065866496,item_0023,1,0.9029787707608072,0.8507847457158118,0.5240199578884656,0.3997998157332763,0.5219907407407407
developmental_synthetic,load_high,world_bottleneck-seed-2717423041065866496,item_0024,0,0.9029787707608072,0.8507847457158118,0.5240199578884656,0.3997998157332763,0.5219907407407407
developmental_synthetic,load_high,world_bottleneck-seed-2717423041065866496,item_0025,1,0.9029787707608072,0.8507847457158118,0.5240199578884656,0.3997998157332763,0.5219907407407407
developmental_synthetic,load_high,world_bottleneck-seed-2717423041065866496,item_0026,0,0.9029787707608072,0.8507847457158118,0.5240199578884656,0.3997998157332763,0.5219907407407407
developmental_synthetic,load_high,world_bottleneck-seed-2717423041065866496,item_0027,1,0.9029787707608072,0.8507847457158118,0.5240199578884656,0.3997998157332763,0.5219907407407407
developmental_synthetic,load_high,world_bottleneck-seed-2717423041065866496,item_0028,0,0.9029787707608072,0.8507847457158118,0.5240199578884656,0.3997998157332763,0.5219907407407407
developmental_synthetic,load_high,world_bottleneck-seed-2717423041065866496,item_0029,1,0.9029787707608072,0.8507847457158118,0.5240199578884656,0.3997998157332763,0.5219907407407407
developmental_synthetic,load_high,world_bottleneck-seed-2717423041065866496,item_0030,0,0.9029787707608072,0.8507847457158118,0.5240199578884656,0.3997998157332763,0.5219907407407407
developmental_synthetic,load_high,world_bottleneck-seed-2717423041065866496,item_0031,1,0.9029787707608072,0.8507847457158118,0.5240199578884656,0.3997998157332763,0.5219907407407407
developmental_synthetic,load_high,world_bottleneck-seed-2717423041065866496,item_0032,0,0.9029787707608072,0.8507847457158118,0.5240199578884656,0.3997998157332763,0.5219907407407407
developmental_synthetic,load_high,world_bottleneck-seed-2717423041065866496,item_0033,1,0.9029787707608072,0.8507847457158118,0.5240199578884656,0.3997998157332763,0.5219907407407407
developmental_synthetic,load_high,world_bottleneck-seed-2717423041065866496,item_0034,0,0.9029787707608072,0.8507847457158118,0.5240199578884656,0.3997998157332763,0.5219907407407407
developmental_synthetic,load_high,world_bottleneck-seed-2717423041065866496,item_0035,1,0.9029787707608072,0.8507847457158118,0.5240199578884656,0.3997998157332763,0.5219907407407407
developmental_synthetic,load_high,world_bottleneck-seed-2717423041065866496,item_0036,0,0.9029787707608072,0.8507847457158118,0.5240199578884656,0.3997998157332763,0.5219907407407407
developmental_synthetic,load_high,world_bottleneck-seed-3300210048293211683,item_0001,1,0.9029787707608072,0.8507847457158118,0.5240199578884656,0.3997998157332763,0.5219907407407407
developmental_synthetic,load_high,world_bottleneck-seed-3300210048293211683,item_0002,0,0.9029787707608072,0.8507847457158118,0.5240199578884656,0.3997998157332763,0.5219907407407407
developmental_synthetic,load_high,world_bottleneck-seed-3300210048293211683,item_0003,1,0.9029787707608072,0.8507847457158118,0.5240199578884656,0.3997998157332763,0.5219907407407407
developmental_synthetic,load_high,world_bottleneck-seed-3300210048293211683,item_0004,0,0.9029787707608072,0.8507847457158118,0.5240199578884656,0.3997998157332763,0.5219907407407407
developmental_synthetic,load_high,world_bottleneck-seed-3300210048293211683,item_0005,1,0.9029787707608072,0.8507847457158118,0.5240199578884656,0.3997998157332763,0.5219907407407407
developmental_synthetic,load_high,world_bottleneck-seed-3300210048293211683,item_0006,0,0.9029787707608072,0.8507847457158118,0.5240199578884656,0.3997998157332763,0.5219907407407407
developmental_synthetic,load_high,world_bottleneck-seed-3300210048293211683,item_0007,1,0.9029787707608072,0.8507847457158118,0.5240199578884656,0.3997998157332763,0.5219907407407407
developmental_synthetic,load_high,world_bottleneck-seed-3300210048293211683,item_0008,0,0.9029787707608072,0.8507847457158118,0.5240199578884656,0.3997998157332763,0.5219907407407407
developmental_synthetic,load_high,world_bottleneck-seed-3300210048293211683,item_0009,1,0.9029787707608072,0.8507847457158118,0.5240199578884656,0.3997998157332763,0.5219907407407407
developmental_synthetic,load_high,world_bottleneck-seed-3300210048293211683,item_0010,0,0.9029787707608072,0.8507847457158118,0.5240199578884656,0.3997998157332763,0.5219907407407407
developmental_synthetic,load_high,world_bottleneck-seed-3300210048293211683,item_0011,1,0.9029787707608072,0.8507847457158118,0.5240199578884656,0.3997998157332763,0.5219907407407407
developmental_synthetic,load_high,world_bottleneck-seed-3300210048293211683,item_0012,0,0.9029787707608072,0.8507847457158118,0.5240199578884656,0.3997998157332763,0.5219907407407407
developmental_synthetic,load_high,world_bottleneck-seed-3300210048293211683,item_0013,0,0.9029787707608072,0.8507847457158118,0.5240199578884656,0.3997998157332763,0.5219907407407407
developmental_synthetic,load_high,world_bottleneck-seed-3300210048293211683,item_0014,0,0.9029787707608072,0.8507847457158118,0.5240199578884656,0.3997998157332763,0.5219907407407407
developmental_synthetic,load_high,world_bottleneck-seed-3300210048293211683,item_0015,1,0.9029787707608072,0.8507847457158118,0.5240199578884656,0.3997998157332763,0.5219907407407407
developmental_synthetic,load_high,world_bottleneck-seed-3300210048293211683,item_0016,0,0.9029787707608072,0.8507847457158118,0.5240199578884656,0.3997998157332763,0.5219907407407407
developmental_synthetic,load_high,world_bottleneck-seed-3300210048293211683,item_0017,1,0.9029787707608072,0.8507847457158118,0.5240199578884656,0.3997998157332763,0.5219907407407407
developmental_synthetic,load_high,world_bottleneck-seed-3300210048293211683,item_0018,0,0.9029787707608072,0.8507847457158118,0.5240199578884656,0.3997998157332763,0.5219907407407407
developmental_synthetic,load_high,world_bottleneck-seed-3300210048293211683,item_0019,1,0.9029787707608072,0.8507847457158118,0.5240199578884656,0.3997998157332763,0.5219907407407407
developmental_synthetic,load_high,world_bottleneck-seed-3300210048293211683,item_0020,0,0.9029787707608072,0.8507847457158118,0.5240199578884656,0.3997998157332763,0.5219907407407407
developmental_synthetic,load_high,world_bottleneck-seed-3300210048293211683,item_0021,1,0.9029787707608072,0.8507847457158118,0.5240199578884656,0.3997998157332763,0.5219907407407407
developmental_synthetic,load_high,world_bottleneck-seed-3300210048293211683,item_0022,0,0.9029787707608072,0.8507847457158118,0.5240199578884656,0.3997998157332763,0.5219907407407407
developmental_synthetic,load_high,world_bottleneck-seed-3300210048293211683,item_0023,1,0.9029787707608072,0.8507847457158118,0.5240199578884656,0.3997998157332763,0.5219907407407407
developmental_synthetic,load_high,world_bottleneck-seed-3300210048293211683,item_0024,0,0.9029787707608072,0.8507847457158118,0.5240199578884656,0.3997998157332763,0.5219907407407407
developmental_synthetic,load_high,world_bottleneck-seed-3300210048293211683,item_0025,1,0.9029787707608072,0.8507847457158118,0.5240199578884656,0.3997998157332763,0.5219907407407407
developmental_synthetic,load_high,world_bottleneck-seed-3300210048293211683,item_0026,0,0.9029787707608072,0.8507847457158118,0.5240199578884656,0.3997998157332763,0.5219907407407407
developmental_synthetic,load_high,world_bottleneck-seed-3300210048293211683,item_0027,1,0.9029787707608072,0.8507847457158118,0.5240199578884656,0.3997998157332763,0.5219907407407407
developmental_synthetic,load_high,world_bottleneck-seed-3300210048293211683,item_0028,0,0.9029787707608072,0.8507847457158118,0.5240199578884656,0.3997998157332763,0.5219907407407407
developmental_synthetic,load_high,world_bottleneck-seed-3300210048293211683,item_0029,1,0.9029787707608072,0.8507847457158118,0.5240199578884656,0.3997998157332763,0.5219907407407407
developmental_synthetic,load_high,world_bottleneck-seed-3300210048293211683,item_0030,0,0.9029787707608072,0.8507847457158118,0.5240199578884656,0.3997998157332763,0.5219907407407407
developmental_synthetic,load_high,world_bottleneck-seed-3300210048293211683,item_0031,1,0.9029787707608072,0.8507847457158118,0.5240199578884656,0.3997998157332763,0.5219907407407407
developmental_synthetic,load_high,world_bottleneck-seed-3300210048293211683,item_0032,0,0.9029787707608072,0.8507847457158118,0.5240199578884656,0.3997998157332763,0.5219907407407407
developmental_synthetic,load_high,world_bottleneck-seed-3300210048293211683,item_0033,1,0.9029787707608072,0.8507847457158118,0.5240199578884656,0.3997998157332763,0.5219907407407407
developmental_synthetic,load_high,world_bottleneck-seed-3300210048293211683,item_0034,0,0.9029787707608072,0.8507847457158118,0.5240199578884656,0.3997998157332763,0.5219907407407407
developmental_synthetic,load_high,world_bottleneck-seed-3300210048293211683,item_0035,1,0.9029787707608072,0.8507847457158118,0.5240199578884656,0.3997998157332763,0.5219907407407407
developmental_synthetic,load_high,world_bottleneck-seed-3300210048293211683,item_0036,0,0.9029787707608072,0.8507847457158118,0.5240199578884656,0.3997998157332763,0.5219907407407407
developmental_synthetic,load_high,world_bottleneck-seed-8029632760491593691,item_0001,1,0.9029787707608072,0.8507847457158118,0.5240199578884656,0.3997998157332763,0.5219907407407407
developmental_synthetic,load_high,world_bottleneck-seed-8029632760491593691,item_0002,1,0.9029787707608072,0.8507847457158118,0.5240199578884656,0.3997998157332763,0.5219907407407407
developmental_synthetic,load_high,world_bottleneck-seed-8029632760491593691,item_0003,1,0.9029787707608072,0.8507847457158118,0.5240199578884656,0.3997998157332763,0.5219907407407407
developmental_synthetic,load_high,world_bottleneck-seed-8029632760491593691,item_0004,1,0.9029787707608072,0.8507847457158118,0.5240199578884656,0.3997998157332763,0.5219907407407407
developmental_synthetic,load_high,world_bottleneck-seed-8029632760491593691,item_0005,1,0.9029787707608072,0.8507847457158118,0.5240199578884656,0.3997998157332763,0.5219907407407407
developmental_synthetic,load_high,world_bottleneck-seed-8029632760491593691,item_0006,0,0.9029787707608072,0.8507847457158118,0.5240199578884656,0.3997998157332763,0.5219907407407407
developmental_synthetic,load_high,world_bottleneck-seed-8029632760491593691,item_0007,1,0.9029787707608072,0.8507847457158118,0.5240199578884656,0.3997998157332763,0.5219907407407407
developmental_synthetic,load_high,world_bottleneck-seed-8029632760491593691,item_0008,0,0.9029787707608072,0.8507847457158118,0.5240199578884656,0.3997998157332763,0.5219907407407407
developmental_synthetic,load_high,world_bottleneck-seed-8029632760491593691,item_0009,1,0.9029787707608072,0.8507847457158118,0.5240199578884656,0.3997998157332763,0.5219907407407407
developmental_synthetic,load_high,world_bottleneck-seed-8029632760491593691,item_0010,0,0.9029787707608072,0.8507847457158118,0.5240199578884656,0.3997998157332763,0.5219907407407407
developmental_synthetic,load_high,world_bottleneck-seed-8029632760491593691,item_0011,1,0.9029787707608072,0.8507847457158118,0.5240199578884656,0.3997998157332763,0.5219907407407407
developmental_synthetic,load_high,world_bottleneck-seed-8029632760491593691,item_0012,0,0.9029787707608072,0.8507847457158118,0.5240199578884656,0.3997998157332763,0.5219907407407407
developmental_synthetic,load_high,world_bottleneck-seed-8029632760491593691,item_0013,1,0.9029787707608072,0.8507847457158118,0.5240199578884656,0.3997998157332763,0.5219907407407407
developmental_synthetic,load_high,world_bottleneck-seed-8029632760491593691,item_0014,0,0.9029787707608072,0.8507847457158118,0.5240199578884656,0.3997998157332763,0.5219907407407407
developmental_synthetic,load_high,world_bottleneck-seed-8029632760491593691,item_0015,1,0.9029787707608072,0.8507847457158118,0.5240199578884656,0.3997998157332763,0.5219907407407407
developmental_synthetic,load_high,world_bottleneck-seed-8029632760491593691,item_0016,0,0.9029787707608072,0.8507847457158118,0.5240199578884656,0.3997998157332763,0.5219907407407407
developmental_synthetic,load_high,world_bottleneck-seed-8029632760491593691,item_0017,1,0.9029787707608072,0.8507847457158118,0.5240199578884656,0.3997998157332763,0.5219907407407407
developmental_synthetic,load_high,world_bottleneck-seed-8029632760491593691,item_0018,0,0.9029787707608072,0.8507847457158118,0.5240199578884656,0.3997998157332763,0.5219907407407407
developmental_synthetic,load_high,world_bottleneck-seed-8029632760491593691,item_0019,1,0.9029787707608072,0.8507847457158118,0.5240199578884656,0.3997998157332763,0.5219907407407407
developmental_synthetic,load_high,world_bottleneck-seed-8029632760491593691,item_0020,0,0.9029787707608072,0.8507847457158118,0.5240199578884656,0.3997998157332763,0.5219907407407407
developmental_synthetic,load_high,world_bottleneck-seed-8029632760491593691,item_0021,1,0.9029787707608072,0.8507847457158118,0.5240199578884656,0.3997998157332763,0.5219907407407407
developmental_synthetic,load_high,world_bottleneck-seed-8029632760491593691,item_0022,0,0.9029787707608072,0.8507847457158118,0.5240199578884656,0.3997998157332763,0.5219907407407407
developmental_synthetic,load_high,world_bottleneck-seed-8029632760491593691,item_0023,1,0.9029787707608072,0.8507847457158118,0.5240199578884656,0.3997998157332763,0.5219907407407407
developmental_synthetic,load_high,world_bottleneck-seed-8029632760491593691,item_0024,0,0.9029787707608072,0.8507847457158118,0.5240199578884656,0.3997998157332763,0.5219907407407407
developmental_synthetic,load_high,world_bottleneck-seed-8029632760491593691,item_0025,1,0.9029787707608072,0.8507847457158118,0.5240199578884656,0.3997998157332763,0.5219907407407407
developmental_synthetic,load_high,world_bottleneck-seed-8029632760491593691,item_0026,0,0.9029787707608072,0.8507847457158118,0.5240199578884656,0.3997998157332763,0.5219907407407407
developmental_synthetic,load_high,world_bottleneck-seed-8029632760491593691,item_0027,1,0.9029787707608072,0.8507847457158118,0.5240199578884656,0.3997998157332763,0.5219907407407407
developmental_synthetic,load_high,world_bottleneck-seed-8029632760491593691,item_0028,0,0.9029787707608072,0.8507847457158118,0.5240199578884656,0.3997998157332763,0.5219907407407407
developmental_synthetic,load_high,world_bottleneck-seed-8029632760491593691,item_0029,1,0.9029787707608072,0.8507847457158118,0.5240199578884656,0.3997998157332763,0.5219907407407407
developmental_synthetic,load_high,world_bottleneck-seed-8029632760491593691,item_0030,0,0.9029787707608072,0.8507847457158118,0.5240199578884656,0.3997998157332763,0.5219907407407407
developmental_synthetic,load_high,world_bottleneck-seed-8029632760491593691,item_0031,1,0.9029787707608072,0.8507847457158118,0.5240199578884656,0.3997998157332763,0.5219907407407407
developmental_synthetic,load_high,world_bottleneck-seed-8029632760491593691,item_0032,0,0.9029787707608072,0.8507847457158118,0.5240199578884656,0.3997998157332763,0.5219907407407407
developmental_synthetic,load_high,world_bottleneck-seed-8029632760491593691,item_0033,1,0.9029787707608072,0.8507847457158118,0.5240199578884656,0.3997998157332763,0.5219907407407407
developmental_synthetic,load_high,world_bottleneck-seed-8029632760491593691,item_0034,0,0.9029787707608072,0.8507847457158118,0.5240199578884656,0.3997998157332763,0.5219907407407407
developmental_synthetic,load_high,world_bottleneck-seed-8029632760491593691,item_0035,1,0.9029787707608072,0.8507847457158118,0.5240199578884656,0.3997998157332763,0.5219907407407407
developmental_synthetic,load_high,world_bottleneck-seed-8029632760491593691,item_0036,0,0.9029787707608072,0.8507847457158118,0.5240199578884656,0.3997998157332763,0.5219907407407407
developmental_synthetic,load_high,world_bottleneck-seed-1942033208343472871,item_0001,1,0.9029787707608072,0.8507847457158118,0.5240199578884656,0.3997998157332763,0.5219907407407407
developmental_synthetic,load_high,world_bottleneck-seed-1942033208343472871,item_0002,1,0.9029787707608072,0.8507847457158118,0.5240199578884656,0.3997998157332763,0.5219907407407407
developmental_synthetic,load_high,world_bottleneck-seed-1942033208343472871,item_0003,1,0.9029787707608072,0.8507847457158118,0.5240199578884656,0.3997998157332763,0.5219907407407407
developmental_synthetic,load_high,world_bottleneck-seed-1942033208343472871,item_0004,0,0.9029787707608072,0.8507847457158118,0.5240199578884656,0.3997998157332763,0.5219907407407407
developmental_synthetic,load_high,world_bottleneck-seed-1942033208343472871,item_0005,1,0.9029787707608072,0.8507847457158118,0.5240199578884656,0.3997998157332763,0.5219907407407407
developmental_synthetic,load_high,world_bottleneck-seed-1942033208343472871,item_0006,1,0.9029787707608072,0.8507847457158118,0.5240199578884656,0.3997998157332763,0.5219907407407407
developmental_synthetic,load_high,world_bottleneck-seed-1942033208343472871,item_0007,1,0.9029787707608072,0.8507847457158118,0.5240199578884656,0.3997998157332763,0.5219907407407407
developmental_synthetic,load_high,world_bottleneck-seed-1942033208343472871,item_0008,0,0.9029787707608072,0.8507847457158118,0.5240199578884656,0.3997998157332763,0.5219907407407407
developmental_synthetic,load_high,world_bottleneck-seed-1942033208343472871,item_0009,1,0.9029787707608072,0.8507847457158118,0.5240199578884656,0.3997998157332763,0.5219907407407407
developmental_synthetic,load_high,world_bottleneck-seed-1942033208343472871,item_0010,0,0.9029787707608072,0.8507847457158118,0.5240199578884656,0.3997998157332763,0.5219907407407407
developmental_synthetic,load_high,world_bottleneck-seed-1942033208343472871,item_0011,1,0.9029787707608072,0.8507847457158118,0.5240199578884656,0.3997998157332763,0.5219907407407407
developmental_synthetic,load_high,world_bottleneck-seed-1942033208343472871,item_0012,0,0.9029787707608072,0.8507847457158118,0.5240199578884656,0.3997998157332763,0.5219907407407407
developmental_synthetic,load_high,world_bottleneck-seed-1942033208343472871,item_0013,1,0.9029787707608072,0.8507847457158118,0.5240199578884656,0.3997998157332763,0.5219907407407407
developmental_synthetic,load_high,world_bottleneck-seed-1942033208343472871,item_0014,0,0.9029787707608072,0.8507847457158118,0.5240199578884656,0.3997998157332763,0.5219907407407407
developmental_synthetic,load_high,world_bottleneck-seed-1942033208343472871,item_0015,1,0.9029787707608072,0.8507847457158118,0.5240199578884656,0.3997998157332763,0.5219907407407407
developmental_synthetic,load_high,world_bottleneck-seed-1942033208343472871,item_0016,0,0.9029787707608072,0.8507847457158118,0.5240199578884656,0.3997998157332763,0.5219907407407407
developmental_synthetic,load_high,world_bottleneck-seed-1942033208343472871,item_0017,1,0.9029787707608072,0.8507847457158118,0.5240199578884656,0.3997998157332763,0.5219907407407407
developmental_synthetic,load_high,world_bottleneck-seed-1942033208343472871,item_0018,0,0.9029787707608072,0.8507847457158118,0.5240199578884656,0.3997998157332763,0.5219907407407407
developmental_synthetic,load_high,world_bottleneck-seed-1942033208343472871,item_0019,1,0.9029787707608072,0.8507847457158118,0.5240199578884656,0.3997998157332763,0.5219907407407407
developmental_synthetic,load_high,world_bottleneck-seed-1942033208343472871,item_0020,0,0.9029787707608072,0.8507847457158118,0.5240199578884656,0.3997998157332763,0.5219907407407407
developmental_synthetic,load_high,world_bottleneck-seed-1942033208343472871,item_0021,1,0.9029787707608072,0.8507847457158118,0.5240199578884656,0.3997998157332763,0.5219907407407407
developmental_synthetic,load_high,world_bottleneck-seed-1942033208343472871,item_0022,0,0.9029787707608072,0.8507847457158118,0.5240199578884656,0.3997998157332763,0.5219907407407407
developmental_synthetic,load_high,world_bottleneck-seed-1942033208343472871,item_0023,1,0.9029787707608072,0.8507847457158118,0.5240199578884656,0.3997998157332763,0.5219907407407407
developmental_synthetic,load_high,world_bottleneck-seed-1942033208343472871,item_0024,0,0.9029787707608072,0.8507847457158118,0.5240199578884656,0.3997998157332763,0.5219907407407407
developmental_synthetic,load_high,world_bottleneck-seed-1942033208343472871,item_0025,1,0.9029787707608072,0.8507847457158118,0.5240199578884656,0.3997998157332763,0.5219907407407407
developmental_synthetic,load_high,world_bottleneck-seed-1942033208343472871,item_0026,0,0.9029787707608072,0.8507847457158118,0.5240199578884656,0.3997998157332763,0.5219907407407407
developmental_synthetic,load_high,world_bottleneck-seed-1942033208343472871,item_0027,1,0.9029787707608072,0.8507847457158118,0.5240199578884656,0.3997998157332763,0.5219907407407407
developmental_synthetic,load_high,world_bottleneck-seed-1942033208343472871,item_0028,0,0.9029787707608072,0.8507847457158118,0.5240199578884656,0.3997998157332763,0.5219907407407407
developmental_synthetic,load_high,world_bottleneck-seed-1942033208343472871,item_0029,1,0.9029787707608072,0.8507847457158118,0.5240199578884656,0.3997998157332763,0.5219907407407407
developmental_synthetic,load_high,world_bottleneck-seed-1942033208343472871,item_0030,0,0.9029787707608072,0.8507847457158118,0.5240199578884656,0.3997998157332763,0.5219907407407407
developmental_synthetic,load_high,world_bottleneck-seed-1942033208343472871,item_0031,1,0.9029787707608072,0.8507847457158118,0.5240199578884656,0.3997998157332763,0.5219907407407407
developmental_synthetic,load_high,world_bottleneck-seed-1942033208343472871,item_0032,0,0.9029787707608072,0.8507847457158118,0.5240199578884656,0.3997998157332763,0.5219907407407407
developmental_synthetic,load_high,world_bottleneck-seed-1942033208343472871,item_0033,1,0.9029787707608072,0.8507847457158118,0.5240199578884656,0.3997998157332763,0.5219907407407407
developmental_synthetic,load_high,world_bottleneck-seed-1942033208343472871,item_0034,0,0.9029787707608072,0.8507847457158118,0.5240199578884656,0.3997998157332763,0.5219907407407407
developmental_synthetic,load_high,world_bottleneck-seed-1942033208343472871,item_0035,1,0.9029787707608072,0.8507847457158118,0.5240199578884656,0.3997998157332763,0.5219907407407407
developmental_synthetic,load_high,world_bottleneck-seed-1942033208343472871,item_0036,0,0.9029787707608072,0.8507847457158118,0.5240199578884656,0.3997998157332763,0.5219907407407407
developmental_synthetic,load_high,world_bottleneck-seed-4316497584180809060,item_0001,1,0.9029787707608072,0.8507847457158118,0.5240199578884656,0.3997998157332763,0.5219907407407407
developmental_synthetic,load_high,world_bottleneck-seed-4316497584180809060,item_0002,1,0.9029787707608072,0.8507847457158118,0.5240199578884656,0.3997998157332763,0.5219907407407407
developmental_synthetic,load_high,world_bottleneck-seed-4316497584180809060,item_0003,1,0.9029787707608072,0.8507847457158118,0.5240199578884656,0.3997998157332763,0.5219907407407407
developmental_synthetic,load_high,world_bottleneck-seed-4316497584180809060,item_0004,1,0.9029787707608072,0.8507847457158118,0.5240199578884656,0.3997998157332763,0.5219907407407407
developmental_synthetic,load_high,world_bottleneck-seed-4316497584180809060,item_0005,1,0.9029787707608072,0.8507847457158118,0.5240199578884656,0.3997998157332763,0.5219907407407407
developmental_synthetic,load_high,world_bottleneck-seed-4316497584180809060,item_0006,1,0.9029787707608072,0.8507847457158118,0.5240199578884656,0.3997998157332763,0.5219907407407407
developmental_synthetic,load_high,world_bottleneck-seed-4316497584180809060,item_0007,1,0.9029787707608072,0.8507847457158118,0.5240199578884656,0.3997998157332763,0.5219907407407407
developmental_synthetic,load_high,world_bottleneck-seed-4316497584180809060,item_0008,1,0.9029787707608072,0.8507847457158118,0.5240199578884656,0.3997998157332763,0.5219907407407407
developmental_synthetic,load_high,world_bottleneck-seed-4316497584180809060,item_0009,1,0.9029787707608072,0.8507847457158118,0.5240199578884656,0.3997998157332763,0.5219907407407407
developmental_synthetic,load_high,world_bottleneck-seed-4316497584180809060,item_0010,0,0.9029787707608072,0.8507847457158118,0.5240199578884656,0.3997998157332763,0.5219907407407407
developmental_synthetic,load_high,world_bottleneck-seed-4316497584180809060,item_0011,1,0.9029787707608072,0.8507847457158118,0.5240199578884656,0.3997998157332763,0.5219907407407407
developmental_synthetic,load_high,world_bottleneck-seed-4316497584180809060,item_0012,0,0.9029787707608072,0.8507847457158118,0.5240199578884656,0.3997998157332763,0.5219907407407407
developmental_synthetic,load_high,world_bottleneck-seed-4316497584180809060,item_0013,1,0.9029787707608072,0.8507847457158118,0.5240199578884656,0.3997998157332763,0.5219907407407407
developmental_synthetic,load_high,world_bottleneck-seed-4316497584180809060,item_0014,0,0.9029787707608072,0.8507847457158118,0.5240199578884656,0.3997998157332763,0.5219907407407407
developmental_synthetic,load_high,world_bottleneck-seed-4316497584180809060,item_0015,1,0.9029787707608072,0.8507847457158118,0.5240199578884656,0.3997998157332763,0.5219907407407407
developmental_synthetic,load_high,world_bottleneck-seed-4316497584180809060,item_0016,0,0.9029787707608072,0.8507847457158118,0.5240199578884656,0.3997998157332763,0.5219907407407407
developmental_synthetic,load_high,world_bottleneck-seed-4316497584180809060,item_0017,1,0.9029787707608072,0.8507847457158118,0.5240199578884656,0.3997998157332763,0.5219907407407407
developmental_synthetic,load_high,world_bottleneck-seed-4316497584180809060,item_0018,0,0.9029787707608072,0.8507847457158118,0.5240199578884656,0.3997998157332763,0.5219907407407407
developmental_synthetic,load_high,world_bottleneck-seed-4316497584180809060,item_0019,1,0.9029787707608072,0.8507847457158118,0.5240199578884656,0.3997998157332763,0.5219907407407407
developmental_synthetic,load_high,world_bottleneck-seed-4316497584180809060,item_0020,0,0.9029787707608072,0.8507847457158118,0.5240199578884656,0.3997998157332763,0.5219907407407407
developmental_synthetic,load_high,world_bottleneck-seed-4316497584180809060,item_0021,1,0.9029787707608072,0.8507847457158118,0.5240199578884656,0.3997998157332763,0.5219907407407407
developmental_synthetic,load_high,world_bottleneck-seed-4316497584180809060,item_0022,0,0.9029787707608072,0.8507847457158118,0.5240199578884656,0.3997998157332763,0.5219907407407407
developmental_synthetic,load_high,world_bottleneck-seed-4316497584180809060,item_0023,1,0.9029787707608072,0.8507847457158118,0.5240199578884656,0.3997998157332763,0.5219907407407407
developmental_synthetic,load_high,world_bottleneck-seed-4316497584180809060,item_0024,0,0.9029787707608072,0.8507847457158118,0.5240199578884656,0.3997998157332763,0.5219907407407407
developmental_synthetic,load_high,world_bottleneck-seed-4316497584180809060,item_0025,1,0.9029787707608072,0.8507847457158118,0.5240199578884656,0.3997998157332763,0.5219907407407407
developmental_synthetic,load_high,world_bottleneck-seed-4316497584180809060,item_0026,0,0.9029787707608072,0.8507847457158118,0.5240199578884656,0.3997998157332763,0.5219907407407407
developmental_synthetic,load_high,world_bottleneck-seed-4316497584180809060,item_0027,1,0.9029787707608072,0.8507847457158118,0.5240199578884656,0.3997998157332763,0.5219907407407407
developmental_synthetic,load_high,world_bottleneck-seed-4316497584180809060,item_0028,0,0.9029787707608072,0.8507847457158118,0.5240199578884656,0.3997998157332763,0.5219907407407407
developmental_synthetic,load_high,world_bottleneck-seed-4316497584180809060,item_0029,1,0.9029787707608072,0.8507847457158118,0.5240199578884656,0.3997998157332763,0.5219907407407407
developmental_synthetic,load_high,world_bottleneck-seed-4316497584180809060,item_0030,0,0.9029787707608072,0.8507847457158118,0.5240199578884656,0.3997998157332763,0.5219907407407407
developmental_synthetic,load_high,world_bottleneck-seed-4316497584180809060,item_0031,1,0.9029787707608072,0.8507847457158118,0.5240199578884656,0.3997998157332763,0.5219907407407407
developmental_synthetic,load_high,world_bottleneck-seed-4316497584180809060,item_0032,0,0.9029787707608072,0.8507847457158118,0.5240199578884656,0.3997998157332763,0.5219907407407407
developmental_synthetic,load_high,world_bottleneck-seed-4316497584180809060,item_0033,1,0.9029787707608072,0.8507847457158118,0.5240199578884656,0.3997998157332763,0.5219907407407407
developmental_synthetic,load_high,world_bottleneck-seed-4316497584180809060,item_0034,0,0.9029787707608072,0.8507847457158118,0.5240199578884656,0.3997998157332763,0.5219907407407407
developmental_synthetic,load_high,world_bottleneck-seed-4316497584180809060,item_0035,1,0.9029787707608072,0.8507847457158118,0.5240199578884656,0.3997998157332763,0.5219907407407407
developmental_synthetic,load_high,world_bottleneck-seed-4316497584180809060,item_0036,0,0.9029787707608072,0.8507847457158118,0.5240199578884656,0.3997998157332763,0.5219907407407407
developmental_synthetic,load_high,world_bottleneck-seed-267805246917825788,item_0001,1,0.9029787707608072,0.8507847457158118,0.5240199578884656,0.3997998157332763,0.5219907407407407
developmental_synthetic,load_high,world_bottleneck-seed-267805246917825788,item_0002,0,0.9029787707608072,0.8507847457158118,0.5240199578884656,0.3997998157332763,0.5219907407407407
developmental_synthetic,load_high,world_bottleneck-seed-267805246917825788,item_0003,1,0.9029787707608072,0.8507847457158118,0.5240199578884656,0.3997998157332763,0.5219907407407407
developmental_synthetic,load_high,world_bottleneck-seed-267805246917825788,item_0004,0,0.9029787707608072,0.8507847457158118,0.5240199578884656,0.3997998157332763,0.5219907407407407
developmental_synthetic,load_high,world_bottleneck-seed-267805246917825788,item_0005,1,0.9029787707608072,0.8507847457158118,0.5240199578884656,0.3997998157332763,0.5219907407407407
developmental_synthetic,load_high,world_bottleneck-seed-267805246917825788,item_0006,0,0.9029787707608072,0.8507847457158118,0.5240199578884656,0.3997998157332763,0.5219907407407407
developmental_synthetic,load_high,world_bottleneck-seed-267805246917825788,item_0007,1,0.9029787707608072,0.8507847457158118,0.5240199578884656,0.3997998157332763,0.5219907407407407
developmental_synthetic,load_high,world_bottleneck-seed-267805246917825788,item_0008,0,0.9029787707608072,0.8507847457158118,0.5240199578884656,0.3997998157332763,0.5219907407407407
developmental_synthetic,load_high,world_bottleneck-seed-267805246917825788,item_0009,1,0.9029787707608072,0.8507847457158118,0.5240199578884656,0.3997998157332763,0.5219907407407407
developmental_synthetic,load_high,world_bottleneck-seed-267805246917825788,item_0010,0,0.9029787707608072,0.8507847457158118,0.5240199578884656,0.3997998157332763,0.5219907407407407
developmental_synthetic,load_high,world_bottleneck-seed-267805246917825788,item_0011,1,0.9029787707608072,0.8507847457158118,0.5240199578884656,0.3997998157332763,0.5219907407407407
developmental_synthetic,load_high,world_bottleneck-seed-267805246917825788,item_0012,0,0.9029787707608072,0.8507847457158118,0.5240199578884656,0.3997998157332763,0.5219907407407407
developmental_synthetic,load_high,world_bottleneck-seed-267805246917825788,item_0013,1,0.9029787707608072,0.8507847457158118,0.5240199578884656,0.3997998157332763,0.5219907407407407
developmental_synthetic,load_high,world_bottleneck-seed-267805246917825788,item_0014,0,0.9029787707608072,0.8507847457158118,0.5240199578884656,0.3997998157332763,0.5219907407407407
developmental_synthetic,load_high,world_bottleneck-seed-267805246917825788,item_0015,1,0.9029787707608072,0.8507847457158118,0.5240199578884656,0.3997998157332763,0.5219907407407407
developmental_synthetic,load_high,world_bottleneck-seed-267805246917825788,item_0016,0,0.9029787707608072,0.8507847457158118,0.5240199578884656,0.3997998157332763,0.5219907407407407
developmental_synthetic,load_high,world_bottleneck-seed-267805246917825788,item_0017,0,0.9029787707608072,0.8507847457158118,0.5240199578884656,0.3997998157332763,0.5219907407407407
developmental_synthetic,load_high,world_bottleneck-seed-267805246917825788,item_0018,0,0.9029787707608072,0.8507847457158118,0.5240199578884656,0.3997998157332763,0.5219907407407407
developmental_synthetic,load_high,world_bottleneck-seed-267805246917825788,item_0019,1,0.9029787707608072,0.8507847457158118,0.5240199578884656,0.3997998157332763,0.5219907407407407
developmental_synthetic,load_high,world_bottleneck-seed-267805246917825788,item_0020,0,0.9029787707608072,0.8507847457158118,0.5240199578884656,0.3997998157332763,0.5219907407407407
developmental_synthetic,load_high,world_bottleneck-seed-267805246917825788,item_0021,1,0.9029787707608072,0.8507847457158118,0.5240199578884656,0.3997998157332763,0.5219907407407407
developmental_synthetic,load_high,world_bottleneck-seed-267805246917825788,item_0022,0,0.9029787707608072,0.8507847457158118,0.5240199578884656,0.3997998157332763,0.5219907407407407
developmental_synthetic,load_high,world_bottleneck-seed-267805246917825788,item_0023,1,0.9029787707608072,0.8507847457158118,0.5240199578884656,0.3997998157332763,0.5219907407407407
developmental_synthetic,load_high,world_bottleneck-seed-267805246917825788,item_0024,0,0.9029787707608072,0.8507847457158118,0.5240199578884656,0.3997998157332763,0.5219907407407407
developmental_synthetic,load_high,world_bottleneck-seed-267805246917825788,item_0025,1,0.9029787707608072,0.8507847457158118,0.5240199578884656,0.3997998157332763,0.5219907407407407
developmental_synthetic,load_high,world_bottleneck-seed-267805246917825788,item_0026,0,0.9029787707608072,0.8507847457158118,0.5240199578884656,0.3997998157332763,0.5219907407407407
developmental_synthetic,load_high,world_bottleneck-seed-267805246917825788,item_0027,1,0.9029787707608072,0.8507847457158118,0.5240199578884656,0.3997998157332763,0.5219907407407407
developmental_synthetic,load_high,world_bottleneck-seed-267805246917825788,item_0028,0,0.9029787707608072,0.8507847457158118,0.5240199578884656,0.3997998157332763,0.5219907407407407
developmental_synthetic,load_high,world_bottleneck-seed-267805246917825788,item_0029,1,0.9029787707608072,0.8507847457158118,0.5240199578884656,0.3997998157332763,0.5219907407407407
developmental_synthetic,load_high,world_bottleneck-seed-267805246917825788,item_0030,0,0.9029787707608072,0.8507847457158118,0.5240199578884656,0.3997998157332763,0.5219907407407407
developmental_synthetic,load_high,world_bottleneck-seed-267805246917825788,item_0031,1,0.9029787707608072,0.8507847457158118,0.5240199578884656,0.3997998157332763,0.5219907407407407
developmental_synthetic,load_high,world_bottleneck-seed-267805246917825788,item_0032,0,0.9029787707608072,0.8507847457158118,0.5240199578884656,0.3997998157332763,0.5219907407407407
developmental_synthetic,load_high,world_bottleneck-seed-267805246917825788,item_0033,1,0.9029787707608072,0.8507847457158118,0.5240199578884656,0.3997998157332763,0.5219907407407407
developmental_synthetic,load_high,world_bottleneck-seed-267805246917825788,item_0034,0,0.9029787707608072,0.8507847457158118,0.5240199578884656,0.3997998157332763,0.5219907407407407
developmental_synthetic,load_high,world_bottleneck-seed-267805246917825788,item_0035,1,0.9029787707608072,0.8507847457158118,0.5240199578884656,0.3997998157332763,0.5219907407407407
developmental_synthetic,load_high,world_bottleneck-seed-267805246917825788,item_0036,0,0.9029787707608072,0.8507847457158118,0.5240199578884656,0.3997998157332763,0.5219907407407407
developmental_synthetic,load_high,world_bottleneck-seed-5323512391870954056,item_0001,1,0.9029787707608072,0.8507847457158118,0.5240199578884656,0.3997998157332763,0.5219907407407407
developmental_synthetic,load_high,world_bottleneck-seed-5323512391870954056,item_0002,1,0.9029787707608072,0.8507847457158118,0.5240199578884656,0.3997998157332763,0.5219907407407407
developmental_synthetic,load_high,world_bottleneck-seed-5323512391870954056,item_0003,1,0.9029787707608072,0.8507847457158118,0.5240199578884656,0.3997998157332763,0.5219907407407407
developmental_synthetic,load_high,world_bottleneck-seed-5323512391870954056,item_0004,1,0.9029787707608072,0.8507847457158118,0.5240199578884656,0.3997998157332763,0.5219907407407407
developmental_synthetic,load_high,world_bottleneck-seed-5323512391870954056,item_0005,1,0.9029787707608072,0.8507847457158118,0.5240199578884656,0.3997998157332763,0.5219907407407407
developmental_synthetic,load_high,world_bottleneck-seed-5323512391870954056,item_0006,0,0.9029787707608072,0.8507847457158118,0.5240199578884656,0.3997998157332763,0.5219907407407407
developmental_synthetic,load_high,world_bottleneck-seed-5323512391870954056,item_0007,1,0.9029787707608072,0.8507847457158118,0.5240199578884656,0.3997998157332763,0.5219907407407407
developmental_synthetic,load_high,world_bottleneck-seed-5323512391870954056,item_0008,0,0.9029787707608072,0.8507847457158118,0.5240199578884656,0.3997998157332763,0.5219907407407407
developmental_synthetic,load_high,world_bottleneck-seed-5323512391870954056,item_0009,1,0.9029787707608072,0.8507847457158118,0.5240199578884656,0.3997998157332763,0.5219907407407407
developmental_synthetic,load_high,world_bottleneck-seed-5323512391870954056,item_0010,0,0.9029787707608072,0.8507847457158118,0.5240199578884656,0.3997998157332763,0.5219907407407407
developmental_synthetic,load_high,world_bottleneck-seed-5323512391870954056,item_0011,1,0.9029787707608072,0.8507847457158118,0.5240199578884656,0.3997998157332763,0.5219907407407407
developmental_synthetic,load_high,world_bottleneck-seed-5323512391870954056,item_0012,0,0.9029787707608072,0.8507847457158118,0.5240199578884656,0.3997998157332763,0.5219907407407407
developmental_synthetic,load_high,world_bottleneck-seed-5323512391870954056,item_0013,1,0.9029787707608072,0.8507847457158118,0.5240199578884656,0.3997998157332763,0.5219907407407407
developmental_synthetic,load_high,world_bottleneck-seed-5323512391870954056,item_0014,0,0.9029787707608072,0.8507847457158118,0.5240199578884656,0.3997998157332763,0.5219907407407407
developmental_synthetic,load_high,world_bottleneck-seed-5323512391870954056,item_0015,1,0.9029787707608072,0.8507847457158118,0.5240199578884656,0.3997998157332763,0.5219907407407407
developmental_synthetic,load_high,world_bottleneck-seed-5323512391870954056,item_0016,0,0.9029787707608072,0.8507847457158118,0.5240199578884656,0.3997998157332763,0.5219907407407407
developmental_synthetic,load_high,world_bottleneck-seed-5323512391870954056,item_0017,1,0.9029787707608072,0.8507847457158118,0.5240199578884656,0.3997998157332763,0.5219907407407407
developmental_synthetic,load_high,world_bottleneck-seed-5323512391870954056,item_0018,0,0.9029787707608072,0.8507847457158118,0.5240199578884656,0.3997998157332763,0.5219907407407407
developmental_synthetic,load_high,world_bottleneck-seed-5323512391870954056,item_0019,1,0.9029787707608072,0.8507847457158118,0.5240199578884656,0.3997998157332763,0.5219907407407407
developmental_synthetic,load_high,world_bottleneck-seed-5323512391870954056,item_0020,0,0.9029787707608072,0.8507847457158118,0.5240199578884656,0.3997998157332763,0.5219907407407407
developmental_synthetic,load_high,world_bottleneck-seed-5323512391870954056,item_0021,1,0.9029787707608072,0.8507847457158118,0.5240199578884656,0.3997998157332763,0.5219907407407407
developmental_synthetic,load_high,world_bottleneck-seed-5323512391870954056,item_0022,0,0.9029787707608072,0.8507847457158118,0.5240199578884656,0.3997998157332763,0.5219907407407407
developmental_synthetic,load_high,world_bottleneck-seed-5323512391870954056,item_0023,1,0.9029787707608072,0.8507847457158118,0.5240199578884656,0.3997998157332763,0.5219907407407407
developmental_synthetic,load_high,world_bottleneck-seed-5323512391870954056,item_0024,0,0.9029787707608072,0.8507847457158118,0.5240199578884656,0.3997998157332763,0.5219907407407407
developmental_synthetic,load_high,world_bottleneck-seed-5323512391870954056,item_0025,1,0.9029787707608072,0.8507847457158118,0.5240199578884656,0.3997998157332763,0.5219907407407407
developmental_synthetic,load_high,world_bottleneck-seed-5323512391870954056,item_0026,0,0.9029787707608072,0.8507847457158118,0.5240199578884656,0.3997998157332763,0.5219907407407407
developmental_synthetic,load_high,world_bottleneck-seed-5323512391870954056,item_0027,1,0.9029787707608072,0.8507847457158118,0.5240199578884656,0.3997998157332763,0.5219907407407407
developmental_synthetic,load_high,world_bottleneck-seed-5323512391870954056,item_0028,0,0.9029787707608072,0.8507847457158118,0.5240199578884656,0.3997998157332763,0.5219907407407407
developmental_synthetic,load_high,world_bottleneck-seed-5323512391870954056,item_0029,1,0.9029787707608072,0.8507847457158118,0.5240199578884656,0.3997998157332763,0.5219907407407407
developmental_synthetic,load_high,world_bottleneck-seed-5323512391870954056,item_0030,0,0.9029787707608072,0.8507847457158118,0.5240199578884656,0.3997998157332763,0.5219907407407407
developmental_synthetic,load_high,world_bottleneck-seed-5323512391870954056,item_0031,1,0.9029787707608072,0.8507847457158118,0.5240199578884656,0.3997998157332763,0.5219907407407407
developmental_synthetic,load_high,world_bottleneck-seed-5323512391870954056,item_0032,0,0.9029787707608072,0.8507847457158118,0.5240199578884656,0.3997998157332763,0.5219907407407407
developmental_synthetic,load_high,world_bottleneck-seed-5323512391870954056,item_0033,1,0.9029787707608072,0.8507847457158118,0.5240199578884656,0.3997998157332763,0.5219907407407407
developmental_synthetic,load_high,world_bottleneck-seed-5323512391870954056,item_0034,0,0.9029787707608072,0.8507847457158118,0.5240199578884656,0.3997998157332763,0.5219907407407407
developmental_synthetic,load_high,world_bottleneck-seed-5323512391870954056,item_0035,1,0.9029787707608072,0.8507847457158118,0.5240199578884656,0.3997998157332763,0.5219907407407407
developmental_synthetic,load_high,world_bottleneck-seed-5323512391870954056,item_0036,0,0.9029787707608072,0.8507847457158118,0.5240199578884656,0.3997998157332763,0.5219907407407407
developmental_synthetic,load_high,world_bottleneck-seed-1172434494149480746,item_0001,0,0.9029787707608072,0.8507847457158118,0.5240199578884656,0.3997998157332763,0.5219907407407407
developmental_synthetic,load_high,world_bottleneck-seed-1172434494149480746,item_0002,0,0.9029787707608072,0.8507847457158118,0.5240199578884656,0.3997998157332763,0.5219907407407407
developmental_synthetic,load_high,world_bottleneck-seed-1172434494149480746,item_0003,1,0.9029787707608072,0.8507847457158118,0.5240199578884656,0.3997998157332763,0.5219907407407407
developmental_synthetic,load_high,world_bottleneck-seed-1172434494149480746,item_0004,0,0.9029787707608072,0.8507847457158118,0.5240199578884656,0.3997998157332763,0.5219907407407407
developmental_synthetic,load_high,world_bottleneck-seed-1172434494149480746,item_0005,1,0.9029787707608072,0.8507847457158118,0.5240199578884656,0.3997998157332763,0.5219907407407407
developmental_synthetic,load_high,world_bottleneck-seed-1172434494149480746,item_0006,0,0.9029787707608072,0.8507847457158118,0.5240199578884656,0.3997998157332763,0.5219907407407407
developmental_synthetic,load_high,world_bottleneck-seed-1172434494149480746,item_0007,1,0.9029787707608072,0.8507847457158118,0.5240199578884656,0.3997998157332763,0.5219907407407407
developmental_synthetic,load_high,world_bottleneck-seed-1172434494149480746,item_0008,0,0.9029787707608072,0.8507847457158118,0.5240199578884656,0.3997998157332763,0.5219907407407407
developmental_synthetic,load_high,world_bottleneck-seed-1172434494149480746,item_0009,1,0.9029787707608072,0.8507847457158118,0.5240199578884656,0.3997998157332763,0.5219907407407407
developmental_synthetic,load_high,world_bottleneck-seed-1172434494149480746,item_0010,0,0.9029787707608072,0.8507847457158118,0.5240199578884656,0.3997998157332763,0.5219907407407407
developmental_synthetic,load_high,world_bottleneck-seed-1172434494149480746,item_0011,1,0.9029787707608072,0.8507847457158118,0.5240199578884656,0.3997998157332763,0.5219907407407407
developmental_synthetic,load_high,world_bottleneck-seed-1172434494149480746,item_0012,0,0.9029787707608072,0.8507847457158118,0.5240199578884656,0.3997998157332763,0.5219907407407407
developmental_synthetic,load_high,world_bottleneck-seed-1172434494149480746,item_0013,1,0.9029787707608072,0.8507847457158118,0.5240199578884656,0.3997998157332763,0.5219907407407407
developmental_synthetic,load_high,world_bottleneck-seed-1172434494149480746,item_0014,0,0.9029787707608072,0.8507847457158118,0.5240199578884656,0.3997998157332763,0.5219907407407407
developmental_synthetic,load_high,world_bottleneck-seed-1172434494149480746,item_0015,1,0.9029787707608072,0.8507847457158118,0.5240199578884656,0.3997998157332763,0.5219907407407407
developmental_synthetic,load_high,world_bottleneck-seed-1172434494149480746,item_0016,0,0.9029787707608072,0.8507847457158118,0.5240199578884656,0.3997998157332763,0.5219907407407407
developmental_synthetic,load_high,world_bottleneck-seed-1172434494149480746,item_0017,1,0.9029787707608072,0.8507847457158118,0.5240199578884656,0.3997998157332763,0.5219907407407407
developmental_synthetic,load_high,world_bottleneck-seed-1172434494149480746,item_0018,0,0.9029787707608072,0.8507847457158118,0.5240199578884656,0.3997998157332763,0.5219907407407407
developmental_synthetic,load_high,world_bottleneck-seed-1172434494149480746,item_0019,1,0.9029787707608072,0.8507847457158118,0.5240199578884656,0.3997998157332763,0.5219907407407407
developmental_synthetic,load_high,world_bottleneck-seed-1172434494149480746,item_0020,0,0.9029787707608072,0.8507847457158118,0.5240199578884656,0.3997998157332763,0.5219907407407407
developmental_synthetic,load_high,world_bottleneck-seed-1172434494149480746,item_0021,1,0.9029787707608072,0.8507847457158118,0.5240199578884656,0.3997998157332763,0.5219907407407407
developmental_synthetic,load_high,world_bottleneck-seed-1172434494149480746,item_0022,0,0.9029787707608072,0.8507847457158118,0.5240199578884656,0.3997998157332763,0.5219907407407407
developmental_synthetic,load_high,world_bottleneck-seed-1172434494149480746,item_0023,1,0.9029787707608072,0.8507847457158118,0.5240199578884656,0.3997998157332763,0.5219907407407407
developmental_synthetic,load_high,world_bottleneck-seed-1172434494149480746,item_0024,0,0.9029787707608072,0.8507847457158118,0.5240199578884656,0.3997998157332763,0.5219907407407407
developmental_synthetic,load_high,world_bottleneck-seed-1172434494149480746,item_0025,1,0.9029787707608072,0.8507847457158118,0.5240199578884656,0.3997998157332763,0.5219907407407407
developmental_synthetic,load_high,world_bottleneck-seed-1172434494149480746,item_0026,0,0.9029787707608072,0.8507847457158118,0.5240199578884656,0.3997998157332763,0.5219907407407407
developmental_synthetic,load_high,world_bottleneck-seed-1172434494149480746,item_0027,1,0.9029787707608072,0.8507847457158118,0.5240199578884656,0.3997998157332763,0.5219907407407407
developmental_synthetic,load_high,world_bottleneck-seed-1172434494149480746,item_0028,0,0.9029787707608072,0.8507847457158118,0.5240199578884656,0.3997998157332763,0.5219907407407407
developmental_synthetic,load_high,world_bottleneck-seed-1172434494149480746,item_0029,1,0.9029787707608072,0.8507847457158118,0.5240199578884656,0.3997998157332763,0.5219907407407407
developmental_synthetic,load_high,world_bottleneck-seed-1172434494149480746,item_0030,0,0.9029787707608072,0.8507847457158118,0.5240199578884656,0.3997998157332763,0.5219907407407407
developmental_synthetic,load_high,world_bottleneck-seed-1172434494149480746,item_0031,1,0.9029787707608072,0.8507847457158118,0.5240199578884656,0.3997998157332763,0.5219907407407407
developmental_synthetic,load_high,world_bottleneck-seed-1172434494149480746,item_0032,0,0.9029787707608072,0.8507847457158118,0.5240199578884656,0.3997998157332763,0.5219907407407407
developmental_synthetic,load_high,world_bottleneck-seed-1172434494149480746,item_0033,1,0.9029787707608072,0.8507847457158118,0.5240199578884656,0.3997998157332763,0.5219907407407407
developmental_synthetic,load_high,world_bottleneck-seed-1172434494149480746,item_0034,0,0.9029787707608072,0.8507847457158118,0.5240199578884656,0.3997998157332763,0.5219907407407407
developmental_synthetic,load_high,world_bottleneck-seed-1172434494149480746,item_0035,1,0.9029787707608072,0.8507847457158118,0.5240199578884656,0.3997998157332763,0.5219907407407407
developmental_synthetic,load_high,world_bottleneck-seed-1172434494149480746,item_0036,0,0.9029787707608072,0.8507847457158118,0.5240199578884656,0.3997998157332763,0.5219907407407407
developmental_synthetic,load_high,world_bottleneck-seed-5726125126166933359,item_0001,1,0.9029787707608072,0.8507847457158118,0.5240199578884656,0.3997998157332763,0.5219907407407407
developmental_synthetic,load_high,world_bottleneck-seed-5726125126166933359,item_0002,0,0.9029787707608072,0.8507847457158118,0.5240199578884656,0.3997998157332763,0.5219907407407407
developmental_synthetic,load_high,world_bottleneck-seed-5726125126166933359,item_0003,1,0.9029787707608072,0.8507847457158118,0.5240199578884656,0.3997998157332763,0.5219907407407407
developmental_synthetic,load_high,world_bottleneck-seed-5726125126166933359,item_0004,0,0.9029787707608072,0.8507847457158118,0.5240199578884656,0.3997998157332763,0.5219907407407407
developmental_synthetic,load_high,world_bottleneck-seed-5726125126166933359,item_0005,0,0.9029787707608072,0.8507847457158118,0.5240199578884656,0.3997998157332763,0.5219907407407407
developmental_synthetic,load_high,world_bottleneck-seed-5726125126166933359,item_0006,0,0.9029787707608072,0.8507847457158118,0.5240199578884656,0.3997998157332763,0.5219907407407407
developmental_synthetic,load_high,world_bottleneck-seed-5726125126166933359,item_0007,1,0.9029787707608072,0.8507847457158118,0.5240199578884656,0.3997998157332763,0.5219907407407407
developmental_synthetic,load_high,world_bottleneck-seed-5726125126166933359,item_0008,0,0.9029787707608072,0.8507847457158118,0.5240199578884656,0.3997998157332763,0.5219907407407407
developmental_synthetic,load_high,world_bottleneck-seed-5726125126166933359,item_0009,1,0.9029787707608072,0.8507847457158118,0.5240199578884656,0.3997998157332763,0.5219907407407407
developmental_synthetic,load_high,world_bottleneck-seed-5726125126166933359,item_0010,0,0.9029787707608072,0.8507847457158118,0.5240199578884656,0.3997998157332763,0.5219907407407407
developmental_synthetic,load_high,world_bottleneck-seed-5726125126166933359,item_0011,1,0.9029787707608072,0.8507847457158118,0.5240199578884656,0.3997998157332763,0.5219907407407407
developmental_synthetic,load_high,world_bottleneck-seed-5726125126166933359,item_0012,0,0.9029787707608072,0.8507847457158118,0.5240199578884656,0.3997998157332763,0.5219907407407407
developmental_synthetic,load_high,world_bottleneck-seed-5726125126166933359,item_0013,1,0.9029787707608072,0.8507847457158118,0.5240199578884656,0.3997998157332763,0.5219907407407407
developmental_synthetic,load_high,world_bottleneck-seed-5726125126166933359,item_0014,0,0.9029787707608072,0.8507847457158118,0.5240199578884656,0.3997998157332763,0.5219907407407407
developmental_synthetic,load_high,world_bottleneck-seed-5726125126166933359,item_0015,1,0.9029787707608072,0.8507847457158118,0.5240199578884656,0.3997998157332763,0.5219907407407407
developmental_synthetic,load_high,world_bottleneck-seed-5726125126166933359,item_0016,0,0.9029787707608072,0.8507847457158118,0.5240199578884656,0.3997998157332763,0.5219907407407407
developmental_synthetic,load_high,world_bottleneck-seed-5726125126166933359,item_0017,1,0.9029787707608072,0.8507847457158118,0.5240199578884656,0.3997998157332763,0.5219907407407407
developmental_synthetic,load_high,world_bottleneck-seed-5726125126166933359,item_0018,0,0.9029787707608072,0.8507847457158118,0.5240199578884656,0.3997998157332763,0.5219907407407407
developmental_synthetic,load_high,world_bottleneck-seed-5726125126166933359,item_0019,1,0.9029787707608072,0.8507847457158118,0.5240199578884656,0.3997998157332763,0.5219907407407407
developmental_synthetic,load_high,world_bottleneck-seed-5726125126166933359,item_0020,0,0.9029787707608072,0.8507847457158118,0.5240199578884656,0.3997998157332763,0.5219907407407407
developmental_synthetic,load_high,world_bottleneck-seed-5726125126166933359,item_0021,1,0.9029787707608072,0.8507847457158118,0.5240199578884656,0.3997998157332763,0.5219907407407407
developmental_synthetic,load_high,world_bottleneck-seed-5726125126166933359,item_0022,0,0.9029787707608072,0.8507847457158118,0.5240199578884656,0.3997998157332763,0.5219907407407407
developmental_synthetic,load_high,world_bottleneck-seed-5726125126166933359,item_0023,1,0.9029787707608072,0.8507847457158118,0.5240199578884656,0.3997998157332763,0.5219907407407407
developmental_synthetic,load_high,world_bottleneck-seed-5726125126166933359,item_0024,0,0.9029787707608072,0.8507847457158118,0.5240199578884656,0.3997998157332763,0.5219907407407407
developmental_synthetic,load_high,world_bottleneck-seed-5726125126166933359,item_0025,1,0.9029787707608072,0.8507847457158118,0.5240199578884656,0.3997998157332763,0.5219907407407407
developmental_synthetic,load_high,world_bottleneck-seed-5726125126166933359,item_0026,0,0.9029787707608072,0.8507847457158118,0.5240199578884656,0.3997998157332763,0.5219907407407407
developmental_synthetic,load_high,world_bottleneck-seed-5726125126166933359,item_0027,1,0.9029787707608072,0.8507847457158118,0.5240199578884656,0.3997998157332763,0.5219907407407407
developmental_synthetic,load_high,world_bottleneck-seed-5726125126166933359,item_0028,0,0.9029787707608072,0.8507847457158118,0.5240199578884656,0.3997998157332763,0.5219907407407407
developmental_synthetic,load_high,world_bottleneck-seed-5726125126166933359,item_0029,1,0.9029787707608072,0.8507847457158118,0.5240199578884656,0.3997998157332763,0.5219907407407407
developmental_synthetic,load_high,world_bottleneck-seed-5726125126166933359,item_0030,0,0.9029787707608072,0.8507847457158118,0.5240199578884656,0.3997998157332763,0.5219907407407407
developmental_synthetic,load_high,world_bottleneck-seed-5726125126166933359,item_0031,1,0.9029787707608072,0.8507847457158118,0.5240199578884656,0.3997998157332763,0.5219907407407407
developmental_synthetic,load_high,world_bottleneck-seed-5726125126166933359,item_0032,0,0.9029787707608072,0.8507847457158118,0.5240199578884656,0.3997998157332763,0.5219907407407407
developmental_synthetic,load_high,world_bottleneck-seed-5726125126166933359,item_0033,1,0.9029787707608072,0.8507847457158118,0.5240199578884656,0.3997998157332763,0.5219907407407407
developmental_synthetic,load_high,world_bottleneck-seed-5726125126166933359,item_0034,0,0.9029787707608072,0.8507847457158118,0.5240199578884656,0.3997998157332763,0.5219907407407407
developmental_synthetic,load_high,world_bottleneck-seed-5726125126166933359,item_0035,1,0.9029787707608072,0.8507847457158118,0.5240199578884656,0.3997998157332763,0.5219907407407407
developmental_synthetic,load_high,world_bottleneck-seed-5726125126166933359,item_0036,0,0.9029787707608072,0.8507847457158118,0.5240199578884656,0.3997998157332763,0.5219907407407407
developmental_synthetic,load_high,world_bottleneck-seed-319014136358887567,item_0001,1,0.9029787707608072,0.8507847457158118,0.5240199578884656,0.3997998157332763,0.5219907407407407
developmental_synthetic,load_high,world_bottleneck-seed-319014136358887567,item_0002,0,0.9029787707608072,0.8507847457158118,0.5240199578884656,0.3997998157332763,0.5219907407407407
developmental_synthetic,load_high,world_bottleneck-seed-319014136358887567,item_0003,1,0.9029787707608072,0.8507847457158118,0.5240199578884656,0.3997998157332763,0.5219907407407407
developmental_synthetic,load_high,world_bottleneck-seed-319014136358887567,item_0004,0,0.9029787707608072,0.8507847457158118,0.5240199578884656,0.3997998157332763,0.5219907407407407
developmental_synthetic,load_high,world_bottleneck-seed-319014136358887567,item_0005,1,0.9029787707608072,0.8507847457158118,0.5240199578884656,0.3997998157332763,0.5219907407407407
developmental_synthetic,load_high,world_bottleneck-seed-319014136358887567,item_0006,0,0.9029787707608072,0.8507847457158118,0.5240199578884656,0.3997998157332763,0.5219907407407407
developmental_synthetic,load_high,world_bottleneck-seed-319014136358887567,item_0007,1,0.9029787707608072,0.8507847457158118,0.5240199578884656,0.3997998157332763,0.5219907407407407
developmental_synthetic,load_high,world_bottleneck-seed-319014136358887567,item_0008,0,0.9029787707608072,0.8507847457158118,0.5240199578884656,0.3997998157332763,0.5219907407407407
developmental_synthetic,load_high,world_bottleneck-seed-319014136358887567,item_0009,1,0.9029787707608072,0.8507847457158118,0.5240199578884656,0.3997998157332763,0.5219907407407407
developmental_synthetic,load_high,world_bottleneck-seed-319014136358887567,item_0010,0,0.9029787707608072,0.8507847457158118,0.5240199578884656,0.3997998157332763,0.5219907407407407
developmental_synthetic,load_high,world_bottleneck-seed-319014136358887567,item_0011,1,0.9029787707608072,0.8507847457158118,0.5240199578884656,0.3997998157332763,0.5219907407407407
developmental_synthetic,load_high,world_bottleneck-seed-319014136358887567,item_0012,0,0.9029787707608072,0.8507847457158118,0.5240199578884656,0.3997998157332763,0.5219907407407407
developmental_synthetic,load_high,world_bottleneck-seed-319014136358887567,item_0013,1,0.9029787707608072,0.8507847457158118,0.5240199578884656,0.3997998157332763,0.5219907407407407
developmental_synthetic,load_high,world_bottleneck-seed-319014136358887567,item_0014,0,0.9029787707608072,0.8507847457158118,0.5240199578884656,0.3997998157332763,0.5219907407407407
developmental_synthetic,load_high,world_bottleneck-seed-319014136358887567,item_0015,1,0.9029787707608072,0.8507847457158118,0.5240199578884656,0.3997998157332763,0.5219907407407407
developmental_synthetic,load_high,world_bottleneck-seed-319014136358887567,item_0016,0,0.9029787707608072,0.8507847457158118,0.5240199578884656,0.3997998157332763,0.5219907407407407
developmental_synthetic,load_high,world_bottleneck-seed-319014136358887567,item_0017,1,0.9029787707608072,0.8507847457158118,0.5240199578884656,0.3997998157332763,0.5219907407407407
developmental_synthetic,load_high,world_bottleneck-seed-319014136358887567,item_0018,0,0.9029787707608072,0.8507847457158118,0.5240199578884656,0.3997998157332763,0.5219907407407407
developmental_synthetic,load_high,world_bottleneck-seed-319014136358887567,item_0019,1,0.9029787707608072,0.8507847457158118,0.5240199578884656,0.3997998157332763,0.5219907407407407
developmental_synthetic,load_high,world_bottleneck-seed-319014136358887567,item_0020,0,0.9029787707608072,0.8507847457158118,0.5240199578884656,0.3997998157332763,0.5219907407407407
developmental_synthetic,load_high,world_bottleneck-seed-319014136358887567,item_0021,1,0.9029787707608072,0.8507847457158118,0.5240199578884656,0.3997998157332763,0.5219907407407407
developmental_synthetic,load_high,world_bottleneck-seed-319014136358887567,item_0022,0,0.9029787707608072,0.8507847457158118,0.5240199578884656,0.3997998157332763,0.5219907407407407
developmental_synthetic,load_high,world_bottleneck-seed-319014136358887567,item_0023,1,0.9029787707608072,0.8507847457158118,0.5240199578884656,0.3997998157332763,0.5219907407407407
developmental_synthetic,load_high,world_bottleneck-seed-319014136358887567,item_0024,0,0.9029787707608072,0.8507847457158118,0.5240199578884656,0.3997998157332763,0.5219907407407407
developmental_synthetic,load_high,world_bottleneck-seed-319014136358887567,item_0025,1,0.9029787707608072,0.8507847457158118,0.5240199578884656,0.3997998157332763,0.5219907407407407
developmental_synthetic,load_high,world_bottleneck-seed-319014136358887567,item_0026,0,0.9029787707608072,0.8507847457158118,0.5240199578884656,0.3997998157332763,0.5219907407407407
developmental_synthetic,load_high,world_bottleneck-seed-319014136358887567,item_0027,1,0.9029787707608072,0.8507847457158118,0.5240199578884656,0.3997998157332763,0.5219907407407407
developmental_synthetic,load_high,world_bottleneck-seed-319014136358887567,item_0028,0,0.9029787707608072,0.8507847457158118,0.5240199578884656,0.3997998157332763,0.5219907407407407
developmental_synthetic,load_high,world_bottleneck-seed-319014136358887567,item_0029,1,0.9029787707608072,0.8507847457158118,0.5240199578884656,0.3997998157332763,0.5219907407407407
developmental_synthetic,load_high,world_bottleneck-seed-319014136358887567,item_0030,0,0.9029787707608072,0.8507847457158118,0.5240199578884656,0.3997998157332763,0.5219907407407407
developmental_synthetic,load_high,world_bottleneck-seed-319014136358887567,item_0031,1,0.9029787707608072,0.8507847457158118,0.5240199578884656,0.3997998157332763,0.5219907407407407
developmental_synthetic,load_high,world_bottleneck-seed-319014136358887567,item_0032,0,0.9029787707608072,0.8507847457158118,0.5240199578884656,0.3997998157332763,0.5219907407407407
developmental_synthetic,load_high,world_bottleneck-seed-319014136358887567,item_0033,1,0.9029787707608072,0.8507847457158118,0.5240199578884656,0.3997998157332763,0.5219907407407407
developmental_synthetic,load_high,world_bottleneck-seed-319014136358887567,item_0034,0,0.9029787707608072,0.8507847457158118,0.5240199578884656,0.3997998157332763,0.5219907407407407
developmental_synthetic,load_high,world_bottleneck-seed-319014136358887567,item_0035,0,0.9029787707608072,0.8507847457158118,0.5240199578884656,0.3997998157332763,0.5219907407407407
developmental_synthetic,load_high,world_bottleneck-seed-319014136358887567,item_0036,0,0.9029787707608072,0.8507847457158118,0.5240199578884656,0.3997998157332763,0.5219907407407407
developmental_synthetic,load_high,world_bottleneck-seed-3209872604180264923,item_0001,1,0.9029787707608072,0.8507847457158118,0.5240199578884656,0.3997998157332763,0.5219907407407407
developmental_synthetic,load_high,world_bottleneck-seed-3209872604180264923,item_0002,1,0.9029787707608072,0.8507847457158118,0.5240199578884656,0.3997998157332763,0.5219907407407407
developmental_synthetic,load_high,world_bottleneck-seed-3209872604180264923,item_0003,1,0.9029787707608072,0.8507847457158118,0.5240199578884656,0.3997998157332763,0.5219907407407407
developmental_synthetic,load_high,world_bottleneck-seed-3209872604180264923,item_0004,1,0.9029787707608072,0.8507847457158118,0.5240199578884656,0.3997998157332763,0.5219907407407407
developmental_synthetic,load_high,world_bottleneck-seed-3209872604180264923,item_0005,1,0.9029787707608072,0.8507847457158118,0.5240199578884656,0.3997998157332763,0.5219907407407407
developmental_synthetic,load_high,world_bottleneck-seed-3209872604180264923,item_0006,1,0.9029787707608072,0.8507847457158118,0.5240199578884656,0.3997998157332763,0.5219907407407407
developmental_synthetic,load_high,world_bottleneck-seed-3209872604180264923,item_0007,1,0.9029787707608072,0.8507847457158118,0.5240199578884656,0.3997998157332763,0.5219907407407407
developmental_synthetic,load_high,world_bottleneck-seed-3209872604180264923,item_0008,1,0.9029787707608072,0.8507847457158118,0.5240199578884656,0.3997998157332763,0.5219907407407407
developmental_synthetic,load_high,world_bottleneck-seed-3209872604180264923,item_0009,1,0.9029787707608072,0.8507847457158118,0.5240199578884656,0.3997998157332763,0.5219907407407407
developmental_synthetic,load_high,world_bottleneck-seed-3209872604180264923,item_0010,0,0.9029787707608072,0.8507847457158118,0.5240199578884656,0.3997998157332763,0.5219907407407407
developmental_synthetic,load_high,world_bottleneck-seed-3209872604180264923,item_0011,1,0.9029787707608072,0.8507847457158118,0.5240199578884656,0.3997998157332763,0.5219907407407407
developmental_synthetic,load_high,world_bottleneck-seed-3209872604180264923,item_0012,0,0.9029787707608072,0.8507847457158118,0.5240199578884656,0.3997998157332763,0.5219907407407407
developmental_synthetic,load_high,world_bottleneck-seed-3209872604180264923,item_0013,1,0.9029787707608072,0.8507847457158118,0.5240199578884656,0.3997998157332763,0.5219907407407407
developmental_synthetic,load_high,world_bottleneck-seed-3209872604180264923,item_0014,0,0.9029787707608072,0.8507847457158118,0.5240199578884656,0.3997998157332763,0.5219907407407407
developmental_synthetic,load_high,world_bottleneck-seed-3209872604180264923,item_0015,1,0.9029787707608072,0.8507847457158118,0.5240199578884656,0.3997998157332763,0.5219907407407407
developmental_synthetic,load_high,world_bottleneck-seed-3209872604180264923,item_0016,0,0.9029787707608072,0.8507847457158118,0.5240199578884656,0.3997998157332763,0.5219907407407407
developmental_synthetic,load_high,world_bottleneck-seed-3209872604180264923,item_0017,1,0.9029787707608072,0.8507847457158118,0.5240199578884656,0.3997998157332763,0.5219907407407407
developmental_synthetic,load_high,world_bottleneck-seed-3209872604180264923,item_0018,0,0.9029787707608072,0.8507847457158118,0.5240199578884656,0.3997998157332763,0.5219907407407407
developmental_synthetic,load_high,world_bottleneck-seed-3209872604180264923,item_0019,1,0.9029787707608072,0.8507847457158118,0.5240199578884656,0.3997998157332763,0.5219907407407407
developmental_synthetic,load_high,world_bottleneck-seed-3209872604180264923,item_0020,0,0.9029787707608072,0.8507847457158118,0.5240199578884656,0.3997998157332763,0.5219907407407407
developmental_synthetic,load_high,world_bottleneck-seed-3209872604180264923,item_0021,1,0.9029787707608072,0.8507847457158118,0.5240199578884656,0.3997998157332763,0.5219907407407407
developmental_synthetic,load_high,world_bottleneck-seed-3209872604180264923,item_0022,0,0.9029787707608072,0.8507847457158118,0.5240199578884656,0.3997998157332763,0.5219907407407407
developmental_synthetic,load_high,world_bottleneck-seed-3209872604180264923,item_0023,1,0.9029787707608072,0.8507847457158118,0.5240199578884656,0.3997998157332763,0.5219907407407407
developmental_synthetic,load_high,world_bottleneck-seed-3209872604180264923,item_0024,0,0.9029787707608072,0.8507847457158118,0.5240199578884656,0.3997998157332763,0.5219907407407407
developmental_synthetic,load_high,world_bottleneck-seed-3209872604180264923,item_0025,1,0.9029787707608072,0.8507847457158118,0.5240199578884656,0.3997998157332763,0.5219907407407407
developmental_synthetic,load_high,world_bottleneck-seed-3209872604180264923,item_0026,0,0.9029787707608072,0.8507847457158118,0.5240199578884656,0.3997998157332763,0.5219907407407407
developmental_synthetic,load_high,world_bottleneck-seed-3209872604180264923,item_0027,1,0.9029787707608072,0.8507847457158118,0.5240199578884656,0.3997998157332763,0.5219907407407407
developmental_synthetic,load_high,world_bottleneck-seed-3209872604180264923,item_0028,0,0.9029787707608072,0.8507847457158118,0.5240199578884656,0.3997998157332763,0.5219907407407407
developmental_synthetic,load_high,world_bottleneck-seed-3209872604180264923,item_0029,1,0.9029787707608072,0.8507847457158118,0.5240199578884656,0.3997998157332763,0.5219907407407407
developmental_synthetic,load_high,world_bottleneck-seed-3209872604180264923,item_0030,0,0.9029787707608072,0.8507847457158118,0.5240199578884656,0.3997998157332763,0.5219907407407407
developmental_synthetic,load_high,world_bottleneck-seed-3209872604180264923,item_0031,1,0.9029787707608072,0.8507847457158118,0.5240199578884656,0.3997998157332763,0.5219907407407407
developmental_synthetic,load_high,world_bottleneck-seed-3209872604180264923,item_0032,0,0.9029787707608072,0.8507847457158118,0.5240199578884656,0.3997998157332763,0.5219907407407407
developmental_synthetic,load_high,world_bottleneck-seed-3209872604180264923,item_0033,1,0.9029787707608072,0.8507847457158118,0.5240199578884656,0.3997998157332763,0.5219907407407407
developmental_synthetic,load_high,world_bottleneck-seed-3209872604180264923,item_0034,0,0.9029787707608072,0.8507847457158118,0.5240199578884656,0.3997998157332763,0.5219907407407407
developmental_synthetic,load_high,world_bottleneck-seed-3209872604180264923,item_0035,1,0.9029787707608072,0.8507847457158118,0.5240199578884656,0.3997998157332763,0.5219907407407407
developmental_synthetic,load_high,world_bottleneck-seed-3209872604180264923,item_0036,0,0.9029787707608072,0.8507847457158118,0.5240199578884656,0.3997998157332763,0.5219907407407407
developmental_synthetic,load_high,world_bottleneck-seed-6784579373204956173,item_0001,1,0.9029787707608072,0.8507847457158118,0.5240199578884656,0.3997998157332763,0.5219907407407407
developmental_synthetic,load_high,world_bottleneck-seed-6784579373204956173,item_0002,0,0.9029787707608072,0.8507847457158118,0.5240199578884656,0.3997998157332763,0.5219907407407407
developmental_synthetic,load_high,world_bottleneck-seed-6784579373204956173,item_0003,1,0.9029787707608072,0.8507847457158118,0.5240199578884656,0.3997998157332763,0.5219907407407407
developmental_synthetic,load_high,world_bottleneck-seed-6784579373204956173,item_0004,0,0.9029787707608072,0.8507847457158118,0.5240199578884656,0.3997998157332763,0.5219907407407407
developmental_synthetic,load_high,world_bottleneck-seed-6784579373204956173,item_0005,1,0.9029787707608072,0.8507847457158118,0.5240199578884656,0.3997998157332763,0.5219907407407407
developmental_synthetic,load_high,world_bottleneck-seed-6784579373204956173,item_0006,0,0.9029787707608072,0.8507847457158118,0.5240199578884656,0.3997998157332763,0.5219907407407407
developmental_synthetic,load_high,world_bottleneck-seed-6784579373204956173,item_0007,1,0.9029787707608072,0.8507847457158118,0.5240199578884656,0.3997998157332763,0.5219907407407407
developmental_synthetic,load_high,world_bottleneck-seed-6784579373204956173,item_0008,0,0.9029787707608072,0.8507847457158118,0.5240199578884656,0.3997998157332763,0.5219907407407407
developmental_synthetic,load_high,world_bottleneck-seed-6784579373204956173,item_0009,1,0.9029787707608072,0.8507847457158118,0.5240199578884656,0.3997998157332763,0.5219907407407407
developmental_synthetic,load_high,world_bottleneck-seed-6784579373204956173,item_0010,0,0.9029787707608072,0.8507847457158118,0.5240199578884656,0.3997998157332763,0.5219907407407407
developmental_synthetic,load_high,world_bottleneck-seed-6784579373204956173,item_0011,0,0.9029787707608072,0.8507847457158118,0.5240199578884656,0.3997998157332763,0.5219907407407407
developmental_synthetic,load_high,world_bottleneck-seed-6784579373204956173,item_0012,0,0.9029787707608072,0.8507847457158118,0.5240199578884656,0.3997998157332763,0.5219907407407407
developmental_synthetic,load_high,world_bottleneck-seed-6784579373204956173,item_0013,1,0.9029787707608072,0.8507847457158118,0.5240199578884656,0.3997998157332763,0.5219907407407407
developmental_synthetic,load_high,world_bottleneck-seed-6784579373204956173,item_0014,0,0.9029787707608072,0.8507847457158118,0.5240199578884656,0.3997998157332763,0.5219907407407407
developmental_synthetic,load_high,world_bottleneck-seed-6784579373204956173,item_0015,1,0.9029787707608072,0.8507847457158118,0.5240199578884656,0.3997998157332763,0.5219907407407407
developmental_synthetic,load_high,world_bottleneck-seed-6784579373204956173,item_0016,0,0.9029787707608072,0.8507847457158118,0.5240199578884656,0.3997998157332763,0.5219907407407407
developmental_synthetic,load_high,world_bottleneck-seed-6784579373204956173,item_0017,1,0.9029787707608072,0.8507847457158118,0.5240199578884656,0.3997998157332763,0.5219907407407407
developmental_synthetic,load_high,world_bottleneck-seed-6784579373204956173,item_0018,0,0.9029787707608072,0.8507847457158118,0.5240199578884656,0.3997998157332763,0.5219907407407407
developmental_synthetic,load_high,world_bottleneck-seed-6784579373204956173,item_0019,1,0.9029787707608072,0.8507847457158118,0.5240199578884656,0.3997998157332763,0.5219907407407407
developmental_synthetic,load_high,world_bottleneck-seed-6784579373204956173,item_0020,0,0.9029787707608072,0.8507847457158118,0.5240199578884656,0.3997998157332763,0.5219907407407407
developmental_synthetic,load_high,world_bottleneck-seed-6784579373204956173,item_0021,1,0.9029787707608072,0.8507847457158118,0.5240199578884656,0.3997998157332763,0.5219907407407407
developmental_synthetic,load_high,world_bottleneck-seed-6784579373204956173,item_0022,0,0.9029787707608072,0.8507847457158118,0.5240199578884656,0.3997998157332763,0.5219907407407407
developmental_synthetic,load_high,world_bottleneck-seed-6784579373204956173,item_0023,1,0.9029787707608072,0.8507847457158118,0.5240199578884656,0.3997998157332763,0.5219907407407407
developmental_synthetic,load_high,world_bottleneck-seed-6784579373204956173,item_0024,0,0.9029787707608072,0.8507847457158118,0.5240199578884656,0.3997998157332763,0.5219907407407407
developmental_synthetic,load_high,world_bottleneck-seed-6784579373204956173,item_0025,1,0.9029787707608072,0.8507847457158118,0.5240199578884656,0.3997998157332763,0.5219907407407407
developmental_synthetic,load_high,world_bottleneck-seed-6784579373204956173,item_0026,0,0.9029787707608072,0.8507847457158118,0.5240199578884656,0.3997998157332763,0.5219907407407407
developmental_synthetic,load_high,world_bottleneck-seed-6784579373204956173,item_0027,1,0.9029787707608072,0.8507847457158118,0.5240199578884656,0.3997998157332763,0.5219907407407407
developmental_synthetic,load_high,world_bottleneck-seed-6784579373204956173,item_0028,0,0.9029787707608072,0.8507847457158118,0.5240199578884656,0.3997998157332763,0.5219907407407407
developmental_synthetic,load_high,world_bottleneck-seed-6784579373204956173,item_0029,1,0.9029787707608072,0.8507847457158118,0.5240199578884656,0.3997998157332763,0.5219907407407407
developmental_synthetic,load_high,world_bottleneck-seed-6784579373204956173,item_0030,0,0.9029787707608072,0.8507847457158118,0.5240199578884656,0.3997998157332763,0.5219907407407407
developmental_synthetic,load_high,world_bottleneck-seed-6784579373204956173,item_0031,1,0.9029787707608072,0.8507847457158118,0.5240199578884656,0.3997998157332763,0.5219907407407407
developmental_synthetic,load_high,world_bottleneck-seed-6784579373204956173,item_0032,0,0.9029787707608072,0.8507847457158118,0.5240199578884656,0.3997998157332763,0.5219907407407407
developmental_synthetic,load_high,world_bottleneck-seed-6784579373204956173,item_0033,1,0.9029787707608072,0.8507847457158118,0.5240199578884656,0.3997998157332763,0.5219907407407407
developmental_synthetic,load_high,world_bottleneck-seed-6784579373204956173,item_0034,0,0.9029787707608072,0.8507847457158118,0.5240199578884656,0.3997998157332763,0.5219907407407407
developmental_synthetic,load_high,world_bottleneck-seed-6784579373204956173,item_0035,1,0.9029787707608072,0.8507847457158118,0.5240199578884656,0.3997998157332763,0.5219907407407407
developmental_synthetic,load_high,world_bottleneck-seed-6784579373204956173,item_0036,0,0.9029787707608072,0.8507847457158118,0.5240199578884656,0.3997998157332763,0.5219907407407407
developmental_synthetic,load_high,world_bottleneck-seed-4191090533071896547,item_0001,1,0.9029787707608072,0.8507847457158118,0.5240199578884656,0.3997998157332763,0.5219907407407407
developmental_synthetic,load_high,world_bottleneck-seed-4191090533071896547,item_0002,1,0.9029787707608072,0.8507847457158118,0.5240199578884656,0.3997998157332763,0.5219907407407407
developmental_synthetic,load_high,world_bottleneck-seed-4191090533071896547,item_0003,1,0.9029787707608072,0.8507847457158118,0.5240199578884656,0.3997998157332763,0.5219907407407407
developmental_synthetic,load_high,world_bottleneck-seed-4191090533071896547,item_0004,1,0.9029787707608072,0.8507847457158118,0.5240199578884656,0.3997998157332763,0.5219907407407407
developmental_synthetic,load_high,world_bottleneck-seed-4191090533071896547,item_0005,1,0.9029787707608072,0.8507847457158118,0.5240199578884656,0.3997998157332763,0.5219907407407407
developmental_synthetic,load_high,world_bottleneck-seed-4191090533071896547,item_0006,0,0.9029787707608072,0.8507847457158118,0.5240199578884656,0.3997998157332763,0.5219907407407407
developmental_synthetic,load_high,world_bottleneck-seed-4191090533071896547,item_0007,1,0.9029787707608072,0.8507847457158118,0.5240199578884656,0.3997998157332763,0.5219907407407407
developmental_synthetic,load_high,world_bottleneck-seed-4191090533071896547,item_0008,0,0.9029787707608072,0.8507847457158118,0.5240199578884656,0.3997998157332763,0.5219907407407407
developmental_synthetic,load_high,world_bottleneck-seed-4191090533071896547,item_0009,1,0.9029787707608072,0.8507847457158118,0.5240199578884656,0.3997998157332763,0.5219907407407407
developmental_synthetic,load_high,world_bottleneck-seed-4191090533071896547,item_0010,0,0.9029787707608072,0.8507847457158118,0.5240199578884656,0.3997998157332763,0.5219907407407407
developmental_synthetic,load_high,world_bottleneck-seed-4191090533071896547,item_0011,1,0.9029787707608072,0.8507847457158118,0.5240199578884656,0.3997998157332763,0.5219907407407407
developmental_synthetic,load_high,world_bottleneck-seed-4191090533071896547,item_0012,0,0.9029787707608072,0.8507847457158118,0.5240199578884656,0.3997998157332763,0.5219907407407407
developmental_synthetic,load_high,world_bottleneck-seed-4191090533071896547,item_0013,1,0.9029787707608072,0.8507847457158118,0.5240199578884656,0.3997998157332763,0.5219907407407407
developmental_synthetic,load_high,world_bottleneck-seed-4191090533071896547,item_0014,0,0.9029787707608072,0.8507847457158118,0.5240199578884656,0.3997998157332763,0.5219907407407407
developmental_synthetic,load_high,world_bottleneck-seed-4191090533071896547,item_0015,1,0.9029787707608072,0.8507847457158118,0.5240199578884656,0.3997998157332763,0.5219907407407407
developmental_synthetic,load_high,world_bottleneck-seed-4191090533071896547,item_0016,0,0.9029787707608072,0.8507847457158118,0.5240199578884656,0.3997998157332763,0.5219907407407407
developmental_synthetic,load_high,world_bottleneck-seed-4191090533071896547,item_0017,1,0.9029787707608072,0.8507847457158118,0.5240199578884656,0.3997998157332763,0.5219907407407407
developmental_synthetic,load_high,world_bottleneck-seed-4191090533071896547,item_0018,0,0.9029787707608072,0.8507847457158118,0.5240199578884656,0.3997998157332763,0.5219907407407407
developmental_synthetic,load_high,world_bottleneck-seed-4191090533071896547,item_0019,1,0.9029787707608072,0.8507847457158118,0.5240199578884656,0.3997998157332763,0.5219907407407407
developmental_synthetic,load_high,world_bottleneck-seed-4191090533071896547,item_0020,0,0.9029787707608072,0.8507847457158118,0.5240199578884656,0.3997998157332763,0.5219907407407407
developmental_synthetic,load_high,world_bottleneck-seed-4191090533071896547,item_0021,1,0.9029787707608072,0.8507847457158118,0.5240199578884656,0.3997998157332763,0.5219907407407407
developmental_synthetic,load_high,world_bottleneck-seed-4191090533071896547,item_0022,0,0.9029787707608072,0.8507847457158118,0.5240199578884656,0.3997998157332763,0.5219907407407407
developmental_synthetic,load_high,world_bottleneck-seed-4191090533071896547,item_0023,1,0.9029787707608072,0.8507847457158118,0.5240199578884656,0.3997998157332763,0.5219907407407407
developmental_synthetic,load_high,world_bottleneck-seed-4191090533071896547,item_0024,0,0.9029787707608072,0.8507847457158118,0.5240199578884656,0.3997998157332763,0.5219907407407407
developmental_synthetic,load_high,world_bottleneck-seed-4191090533071896547,item_0025,1,0.9029787707608072,0.8507847457158118,0.5240199578884656,0.3997998157332763,0.5219907407407407
developmental_synthetic,load_high,world_bottleneck-seed-4191090533071896547,item_0026,0,0.9029787707608072,0.8507847457158118,0.5240199578884656,0.3997998157332763,0.5219907407407407
developmental_synthetic,load_high,world_bottleneck-seed-4191090533071896547,item_0027,1,0.9029787707608072,0.8507847457158118,0.5240199578884656,0.3997998157332763,0.5219907407407407
developmental_synthetic,load_high,world_bottleneck-seed-4191090533071896547,item_0028,0,0.9029787707608072,0.8507847457158118,0.5240199578884656,0.3997998157332763,0.5219907407407407
developmental_synthetic,load_high,world_bottleneck-seed-4191090533071896547,item_0029,1,0.9029787707608072,0.8507847457158118,0.5240199578884656,0.3997998157332763,0.5219907407407407
developmental_synthetic,load_high,world_bottleneck-seed-4191090533071896547,item_0030,0,0.9029787707608072,0.8507847457158118,0.5240199578884656,0.3997998157332763,0.5219907407407407
developmental_synthetic,load_high,world_bottleneck-seed-4191090533071896547,item_0031,1,0.9029787707608072,0.8507847457158118,0.5240199578884656,0.3997998157332763,0.5219907407407407
developmental_synthetic,load_high,world_bottleneck-seed-4191090533071896547,item_0032,0,0.9029787707608072,0.8507847457158118,0.5240199578884656,0.3997998157332763,0.5219907407407407
developmental_synthetic,load_high,world_bottleneck-seed-4191090533071896547,item_0033,1,0.9029787707608072,0.8507847457158118,0.5240199578884656,0.3997998157332763,0.5219907407407407
developmental_synthetic,load_high,world_bottleneck-seed-4191090533071896547,item_0034,0,0.9029787707608072,0.8507847457158118,0.5240199578884656,0.3997998157332763,0.5219907407407407
developmental_synthetic,load_high,world_bottleneck-seed-4191090533071896547,item_0035,1,0.9029787707608072,0.8507847457158118,0.5240199578884656,0.3997998157332763,0.5219907407407407
developmental_synthetic,load_high,world_bottleneck-seed-4191090533071896547,item_0036,0,0.9029787707608072,0.8507847457158118,0.5240199578884656,0.3997998157332763,0.5219907407407407
developmental_synthetic,load_high,world_bottleneck-seed-9117653556647870869,item_0001,1,0.9029787707608072,0.8507847457158118,0.5240199578884656,0.3997998157332763,0.5219907407407407
developmental_synthetic,load_high,world_bottleneck-seed-9117653556647870869,item_0002,1,0.9029787707608072,0.8507847457158118,0.5240199578884656,0.3997998157332763,0.5219907407407407
developmental_synthetic,load_high,world_bottleneck-seed-9117653556647870869,item_0003,1,0.9029787707608072,0.8507847457158118,0.5240199578884656,0.3997998157332763,0.5219907407407407
developmental_synthetic,load_high,world_bottleneck-seed-9117653556647870869,item_0004,0,0.9029787707608072,0.8507847457158118,0.5240199578884656,0.3997998157332763,0.5219907407407407
developmental_synthetic,load_high,world_bottleneck-seed-9117653556647870869,item_0005,1,0.9029787707608072,0.8507847457158118,0.5240199578884656,0.3997998157332763,0.5219907407407407
developmental_synthetic,load_high,world_bottleneck-seed-9117653556647870869,item_0006,0,0.9029787707608072,0.8507847457158118,0.5240199578884656,0.3997998157332763,0.5219907407407407
developmental_synthetic,load_high,world_bottleneck-seed-9117653556647870869,item_0007,1,0.9029787707608072,0.8507847457158118,0.5240199578884656,0.3997998157332763,0.5219907407407407
developmental_synthetic,load_high,world_bottleneck-seed-9117653556647870869,item_0008,0,0.9029787707608072,0.8507847457158118,0.5240199578884656,0.3997998157332763,0.5219907407407407
developmental_synthetic,load_high,world_bottleneck-seed-9117653556647870869,item_0009,1,0.9029787707608072,0.8507847457158118,0.5240199578884656,0.3997998157332763,0.5219907407407407
developmental_synthetic,load_high,world_bottleneck-seed-9117653556647870869,item_0010,0,0.9029787707608072,0.8507847457158118,0.5240199578884656,0.3997998157332763,0.5219907407407407
developmental_synthetic,load_high,world_bottleneck-seed-9117653556647870869,item_0011,1,0.9029787707608072,0.8507847457158118,0.5240199578884656,0.3997998157332763,0.5219907407407407
developmental_synthetic,load_high,world_bottleneck-seed-9117653556647870869,item_0012,0,0.9029787707608072,0.8507847457158118,0.5240199578884656,0.3997998157332763,0.5219907407407407
developmental_synthetic,load_high,world_bottleneck-seed-9117653556647870869,item_0013,1,0.9029787707608072,0.8507847457158118,0.5240199578884656,0.3997998157332763,0.5219907407407407
developmental_synthetic,load_high,world_bottleneck-seed-9117653556647870869,item_0014,0,0.9029787707608072,0.8507847457158118,0.5240199578884656,0.3997998157332763,0.5219907407407407
developmental_synthetic,load_high,world_bottleneck-seed-9117653556647870869,item_0015,1,0.9029787707608072,0.8507847457158118,0.5240199578884656,0.3997998157332763,0.5219907407407407
developmental_synthetic,load_high,world_bottleneck-seed-9117653556647870869,item_0016,0,0.9029787707608072,0.8507847457158118,0.5240199578884656,0.3997998157332763,0.5219907407407407
developmental_synthetic,load_high,world_bottleneck-seed-9117653556647870869,item_0017,1,0.9029787707608072,0.8507847457158118,0.5240199578884656,0.3997998157332763,0.5219907407407407
developmental_synthetic,load_high,world_bottleneck-seed-9117653556647870869,item_0018,0,0.9029787707608072,0.8507847457158118,0.5240199578884656,0.3997998157332763,0.5219907407407407
developmental_synthetic,load_high,world_bottleneck-seed-9117653556647870869,item_0019,1,0.9029787707608072,0.8507847457158118,0.5240199578884656,0.3997998157332763,0.5219907407407407
developmental_synthetic,load_high,world_bottleneck-seed-9117653556647870869,item_0020,0,0.9029787707608072,0.8507847457158118,0.5240199578884656,0.3997998157332763,0.5219907407407407
developmental_synthetic,load_high,world_bottleneck-seed-9117653556647870869,item_0021,1,0.9029787707608072,0.8507847457158118,0.5240199578884656,0.3997998157332763,0.5219907407407407
developmental_synthetic,load_high,world_bottleneck-seed-9117653556647870869,item_0022,0,0.9029787707608072,0.8507847457158118,0.5240199578884656,0.3997998157332763,0.5219907407407407
developmental_synthetic,load_high,world_bottleneck-seed-9117653556647870869,item_0023,1,0.9029787707608072,0.8507847457158118,0.5240199578884656,0.3997998157332763,0.5219907407407407
developmental_synthetic,load_high,world_bottleneck-seed-9117653556647870869,item_0024,0,0.9029787707608072,0.8507847457158118,0.5240199578884656,0.3997998157332763,0.5219907407407407
developmental_synthetic,load_high,world_bottleneck-seed-9117653556647870869,item_0025,1,0.9029787707608072,0.8507847457158118,0.5240199578884656,0.3997998157332763,0.5219907407407407
developmental_synthetic,load_high,world_bottleneck-seed-9117653556647870869,item_0026,0,0.9029787707608072,0.8507847457158118,0.5240199578884656,0.3997998157332763,0.5219907407407407
developmental_synthetic,load_high,world_bottleneck-seed-9117653556647870869,item_0027,1,0.9029787707608072,0.8507847457158118,0.5240199578884656,0.3997998157332763,0.5219907407407407
developmental_synthetic,load_high,world_bottleneck-seed-9117653556647870869,item_0028,0,0.9029787707608072,0.8507847457158118,0.5240199578884656,0.3997998157332763,0.5219907407407407
developmental_synthetic,load_high,world_bottleneck-seed-9117653556647870869,item_0029,1,0.9029787707608072,0.8507847457158118,0.5240199578884656,0.3997998157332763,0.5219907407407407
developmental_synthetic,load_high,world_bottleneck-seed-9117653556647870869,item_0030,0,0.9029787707608072,0.8507847457158118,0.5240199578884656,0.3997998157332763,0.5219907407407407
developmental_synthetic,load_high,world_bottleneck-seed-9117653556647870869,item_0031,1,0.9029787707608072,0.8507847457158118,0.5240199578884656,0.3997998157332763,0.5219907407407407
developmental_synthetic,load_high,world_bottleneck-seed-9117653556647870869,item_0032,0,0.9029787707608072,0.8507847457158118,0.5240199578884656,0.3997998157332763,0.5219907407407407
developmental_synthetic,load_high,world_bottleneck-seed-9117653556647870869,item_0033,1,0.9029787707608072,0.8507847457158118,0.5240199578884656,0.3997998157332763,0.5219907407407407
developmental_synthetic,load_high,world_bottleneck-seed-9117653556647870869,item_0034,0,0.9029787707608072,0.8507847457158118,0.5240199578884656,0.3997998157332763,0.5219907407407407
developmental_synthetic,load_high,world_bottleneck-seed-9117653556647870869,item_0035,1,0.9029787707608072,0.8507847457158118,0.5240199578884656,0.3997998157332763,0.5219907407407407
developmental_synthetic,load_high,world_bottleneck-seed-9117653556647870869,item_0036,0,0.9029787707608072,0.8507847457158118,0.5240199578884656,0.3997998157332763,0.5219907407407407
developmental_synthetic,load_high,world_bottleneck-seed-8669772086981772072,item_0001,1,0.9029787707608072,0.8507847457158118,0.5240199578884656,0.3997998157332763,0.5219907407407407
developmental_synthetic,load_high,world_bottleneck-seed-8669772086981772072,item_0002,0,0.9029787707608072,0.8507847457158118,0.5240199578884656,0.3997998157332763,0.5219907407407407
developmental_synthetic,load_high,world_bottleneck-seed-8669772086981772072,item_0003,1,0.9029787707608072,0.8507847457158118,0.5240199578884656,0.3997998157332763,0.5219907407407407
developmental_synthetic,load_high,world_bottleneck-seed-8669772086981772072,item_0004,0,0.9029787707608072,0.8507847457158118,0.5240199578884656,0.3997998157332763,0.5219907407407407
developmental_synthetic,load_high,world_bottleneck-seed-8669772086981772072,item_0005,1,0.9029787707608072,0.8507847457158118,0.5240199578884656,0.3997998157332763,0.5219907407407407
developmental_synthetic,load_high,world_bottleneck-seed-8669772086981772072,item_0006,0,0.9029787707608072,0.8507847457158118,0.5240199578884656,0.3997998157332763,0.5219907407407407
developmental_synthetic,load_high,world_bottleneck-seed-8669772086981772072,item_0007,1,0.9029787707608072,0.8507847457158118,0.5240199578884656,0.3997998157332763,0.5219907407407407
developmental_synthetic,load_high,world_bottleneck-seed-8669772086981772072,item_0008,0,0.9029787707608072,0.8507847457158118,0.5240199578884656,0.3997998157332763,0.5219907407407407
developmental_synthetic,load_high,world_bottleneck-seed-8669772086981772072,item_0009,1,0.9029787707608072,0.8507847457158118,0.5240199578884656,0.3997998157332763,0.5219907407407407
developmental_synthetic,load_high,world_bottleneck-seed-8669772086981772072,item_0010,0,0.9029787707608072,0.8507847457158118,0.5240199578884656,0.3997998157332763,0.5219907407407407
developmental_synthetic,load_high,world_bottleneck-seed-8669772086981772072,item_0011,1,0.9029787707608072,0.8507847457158118,0.5240199578884656,0.3997998157332763,0.5219907407407407
developmental_synthetic,load_high,world_bottleneck-seed-8669772086981772072,item_0012,0,0.9029787707608072,0.8507847457158118,0.5240199578884656,0.3997998157332763,0.5219907407407407
developmental_synthetic,load_high,world_bottleneck-seed-8669772086981772072,item_0013,1,0.9029787707608072,0.8507847457158118,0.5240199578884656,0.3997998157332763,0.5219907407407407
developmental_synthetic,load_high,world_bottleneck-seed-8669772086981772072,item_0014,0,0.9029787707608072,0.8507847457158118,0.5240199578884656,0.3997998157332763,0.5219907407407407
developmental_synthetic,load_high,world_bottleneck-seed-8669772086981772072,item_0015,1,0.9029787707608072,0.8507847457158118,0.5240199578884656,0.3997998157332763,0.5219907407407407
developmental_synthetic,load_high,world_bottleneck-seed-8669772086981772072,item_0016,0,0.9029787707608072,0.8507847457158118,0.5240199578884656,0.3997998157332763,0.5219907407407407
developmental_synthetic,load_high,world_bottleneck-seed-8669772086981772072,item_0017,1,0.9029787707608072,0.8507847457158118,0.5240199578884656,0.3997998157332763,0.5219907407407407
developmental_synthetic,load_high,world_bottleneck-seed-8669772086981772072,item_0018,0,0.9029787707608072,0.8507847457158118,0.5240199578884656,0.3997998157332763,0.5219907407407407
developmental_synthetic,load_high,world_bottleneck-seed-8669772086981772072,item_0019,1,0.9029787707608072,0.8507847457158118,0.5240199578884656,0.3997998157332763,0.5219907407407407
developmental_synthetic,load_high,world_bottleneck-seed-8669772086981772072,item_0020,0,0.9029787707608072,0.8507847457158118,0.5240199578884656,0.3997998157332763,0.5219907407407407
developmental_synthetic,load_high,world_bottleneck-seed-8669772086981772072,item_0021,0,0.9029787707608072,0.8507847457158118,0.5240199578884656,0.3997998157332763,0.5219907407407407
developmental_synthetic,load_high,world_bottleneck-seed-8669772086981772072,item_0022,0,0.9029787707608072,0.8507847457158118,0.5240199578884656,0.3997998157332763,0.5219907407407407
developmental_synthetic,load_high,world_bottleneck-seed-8669772086981772072,item_0023,1,0.9029787707608072,0.8507847457158118,0.5240199578884656,0.3997998157332763,0.5219907407407407
developmental_synthetic,load_high,world_bottleneck-seed-8669772086981772072,item_0024,0,0.9029787707608072,0.8507847457158118,0.5240199578884656,0.3997998157332763,0.5219907407407407
developmental_synthetic,load_high,world_bottleneck-seed-8669772086981772072,item_0025,1,0.9029787707608072,0.8507847457158118,0.5240199578884656,0.3997998157332763,0.5219907407407407
developmental_synthetic,load_high,world_bottleneck-seed-8669772086981772072,item_0026,0,0.9029787707608072,0.8507847457158118,0.5240199578884656,0.3997998157332763,0.5219907407407407
developmental_synthetic,load_high,world_bottleneck-seed-8669772086981772072,item_0027,1,0.9029787707608072,0.8507847457158118,0.5240199578884656,0.3997998157332763,0.5219907407407407
developmental_synthetic,load_high,world_bottleneck-seed-8669772086981772072,item_0028,0,0.9029787707608072,0.8507847457158118,0.5240199578884656,0.3997998157332763,0.5219907407407407
developmental_synthetic,load_high,world_bottleneck-seed-8669772086981772072,item_0029,1,0.9029787707608072,0.8507847457158118,0.5240199578884656,0.3997998157332763,0.5219907407407407
developmental_synthetic,load_high,world_bottleneck-seed-8669772086981772072,item_0030,0,0.9029787707608072,0.8507847457158118,0.5240199578884656,0.3997998157332763,0.5219907407407407
developmental_synthetic,load_high,world_bottleneck-seed-8669772086981772072,item_0031,1,0.9029787707608072,0.8507847457158118,0.5240199578884656,0.3997998157332763,0.5219907407407407
developmental_synthetic,load_high,world_bottleneck-seed-8669772086981772072,item_0032,0,0.9029787707608072,0.8507847457158118,0.5240199578884656,0.3997998157332763,0.5219907407407407
developmental_synthetic,load_high,world_bottleneck-seed-8669772086981772072,item_0033,1,0.9029787707608072,0.8507847457158118,0.5240199578884656,0.3997998157332763,0.5219907407407407
developmental_synthetic,load_high,world_bottleneck-seed-8669772086981772072,item_0034,0,0.9029787707608072,0.8507847457158118,0.5240199578884656,0.3997998157332763,0.5219907407407407
developmental_synthetic,load_high,world_bottleneck-seed-8669772086981772072,item_0035,1,0.9029787707608072,0.8507847457158118,0.5240199578884656,0.3997998157332763,0.5219907407407407
developmental_synthetic,load_high,world_bottleneck-seed-8669772086981772072,item_0036,0,0.9029787707608072,0.8507847457158118,0.5240199578884656,0.3997998157332763,0.5219907407407407
developmental_synthetic,load_high,world_bottleneck-seed-3353631954069894546,item_0001,1,0.9029787707608072,0.8507847457158118,0.5240199578884656,0.3997998157332763,0.5219907407407407
developmental_synthetic,load_high,world_bottleneck-seed-3353631954069894546,item_0002,1,0.9029787707608072,0.8507847457158118,0.5240199578884656,0.3997998157332763,0.5219907407407407
developmental_synthetic,load_high,world_bottleneck-seed-3353631954069894546,item_0003,1,0.9029787707608072,0.8507847457158118,0.5240199578884656,0.3997998157332763,0.5219907407407407
developmental_synthetic,load_high,world_bottleneck-seed-3353631954069894546,item_0004,1,0.9029787707608072,0.8507847457158118,0.5240199578884656,0.3997998157332763,0.5219907407407407
developmental_synthetic,load_high,world_bottleneck-seed-3353631954069894546,item_0005,1,0.9029787707608072,0.8507847457158118,0.5240199578884656,0.3997998157332763,0.5219907407407407
developmental_synthetic,load_high,world_bottleneck-seed-3353631954069894546,item_0006,0,0.9029787707608072,0.8507847457158118,0.5240199578884656,0.3997998157332763,0.5219907407407407
developmental_synthetic,load_high,world_bottleneck-seed-3353631954069894546,item_0007,1,0.9029787707608072,0.8507847457158118,0.5240199578884656,0.3997998157332763,0.5219907407407407
developmental_synthetic,load_high,world_bottleneck-seed-3353631954069894546,item_0008,1,0.9029787707608072,0.8507847457158118,0.5240199578884656,0.3997998157332763,0.5219907407407407
developmental_synthetic,load_high,world_bottleneck-seed-3353631954069894546,item_0009,1,0.9029787707608072,0.8507847457158118,0.5240199578884656,0.3997998157332763,0.5219907407407407
developmental_synthetic,load_high,world_bottleneck-seed-3353631954069894546,item_0010,0,0.9029787707608072,0.8507847457158118,0.5240199578884656,0.3997998157332763,0.5219907407407407
developmental_synthetic,load_high,world_bottleneck-seed-3353631954069894546,item_0011,1,0.9029787707608072,0.8507847457158118,0.5240199578884656,0.3997998157332763,0.5219907407407407
developmental_synthetic,load_high,world_bottleneck-seed-3353631954069894546,item_0012,0,0.9029787707608072,0.8507847457158118,0.5240199578884656,0.3997998157332763,0.5219907407407407
developmental_synthetic,load_high,world_bottleneck-seed-3353631954069894546,item_0013,1,0.9029787707608072,0.8507847457158118,0.5240199578884656,0.3997998157332763,0.5219907407407407
developmental_synthetic,load_high,world_bottleneck-seed-3353631954069894546,item_0014,0,0.9029787707608072,0.8507847457158118,0.5240199578884656,0.3997998157332763,0.5219907407407407
developmental_synthetic,load_high,world_bottleneck-seed-3353631954069894546,item_0015,1,0.9029787707608072,0.8507847457158118,0.5240199578884656,0.3997998157332763,0.5219907407407407
developmental_synthetic,load_high,world_bottleneck-seed-3353631954069894546,item_0016,0,0.9029787707608072,0.8507847457158118,0.5240199578884656,0.3997998157332763,0.5219907407407407
developmental_synthetic,load_high,world_bottleneck-seed-3353631954069894546,item_0017,1,0.9029787707608072,0.8507847457158118,0.5240199578884656,0.3997998157332763,0.5219907407407407
developmental_synthetic,load_high,world_bottleneck-seed-3353631954069894546,item_0018,0,0.9029787707608072,0.8507847457158118,0.5240199578884656,0.3997998157332763,0.5219907407407407
developmental_synthetic,load_high,world_bottleneck-seed-3353631954069894546,item_0019,1,0.9029787707608072,0.8507847457158118,0.5240199578884656,0.3997998157332763,0.5219907407407407
developmental_synthetic,load_high,world_bottleneck-seed-3353631954069894546,item_0020,0,0.9029787707608072,0.8507847457158118,0.5240199578884656,0.3997998157332763,0.5219907407407407
developmental_synthetic,load_high,world_bottleneck-seed-3353631954069894546,item_0021,1,0.9029787707608072,0.8507847457158118,0.5240199578884656,0.3997998157332763,0.5219907407407407
developmental_synthetic,load_high,world_bottleneck-seed-3353631954069894546,item_0022,0,0.9029787707608072,0.8507847457158118,0.5240199578884656,0.3997998157332763,0.5219907407407407
developmental_synthetic,load_high,world_bottleneck-seed-3353631954069894546,item_0023,1,0.9029787707608072,0.8507847457158118,0.5240199578884656,0.3997998157332763,0.5219907407407407
developmental_synthetic,load_high,world_bottleneck-seed-3353631954069894546,item_0024,0,0.9029787707608072,0.8507847457158118,0.5240199578884656,0.3997998157332763,0.5219907407407407
developmental_synthetic,load_high,world_bottleneck-seed-3353631954069894546,item_0025,1,0.9029787707608072,0.8507847457158118,0.5240199578884656,0.3997998157332763,0.5219907407407407
developmental_synthetic,load_high,world_bottleneck-seed-3353631954069894546,item_0026,0,0.9029787707608072,0.8507847457158118,0.5240199578884656,0.3997998157332763,0.5219907407407407
developmental_synthetic,load_high,world_bottleneck-seed-3353631954069894546,item_0027,1,0.9029787707608072,0.8507847457158118,0.5240199578884656,0.3997998157332763,0.5219907407407407
developmental_synthetic,load_high,world_bottleneck-seed-3353631954069894546,item_0028,0,0.9029787707608072,0.8507847457158118,0.5240199578884656,0.3997998157332763,0.5219907407407407
developmental_synthetic,load_high,world_bottleneck-seed-3353631954069894546,item_0029,1,0.9029787707608072,0.8507847457158118,0.5240199578884656,0.3997998157332763,0.5219907407407407
developmental_synthetic,load_high,world_bottleneck-seed-3353631954069894546,item_0030,0,0.9029787707608072,0.8507847457158118,0.5240199578884656,0.3997998157332763,0.5219907407407407
developmental_synthetic,load_high,world_bottleneck-seed-3353631954069894546,item_0031,1,0.9029787707608072,0.8507847457158118,0.5240199578884656,0.3997998157332763,0.5219907407407407
developmental_synthetic,load_high,world_bottleneck-seed-3353631954069894546,item_0032,0,0.9029787707608072,0.8507847457158118,0.5240199578884656,0.3997998157332763,0.5219907407407407
developmental_synthetic,load_high,world_bottleneck-seed-3353631954069894546,item_0033,1,0.9029787707608072,0.8507847457158118,0.5240199578884656,0.3997998157332763,0.5219907407407407
developmental_synthetic,load_high,world_bottleneck-seed-3353631954069894546,item_0034,0,0.9029787707608072,0.8507847457158118,0.5240199578884656,0.3997998157332763,0.5219907407407407
developmental_synthetic,load_high,world_bottleneck-seed-3353631954069894546,item_0035,1,0.9029787707608072,0.8507847457158118,0.5240199578884656,0.3997998157332763,0.5219907407407407
developmental_synthetic,load_high,world_bottleneck-seed-3353631954069894546,item_0036,0,0.9029787707608072,0.8507847457158118,0.5240199578884656,0.3997998157332763,0.5219907407407407
developmental_synthetic,load_high,world_bottleneck-seed-9078621501550203399,item_0001,1,0.9029787707608072,0.8507847457158118,0.5240199578884656,0.3997998157332763,0.5219907407407407
developmental_synthetic,load_high,world_bottleneck-seed-9078621501550203399,item_0002,0,0.9029787707608072,0.8507847457158118,0.5240199578884656,0.3997998157332763,0.5219907407407407
developmental_synthetic,load_high,world_bottleneck-seed-9078621501550203399,item_0003,1,0.9029787707608072,0.8507847457158118,0.5240199578884656,0.3997998157332763,0.5219907407407407
developmental_synthetic,load_high,world_bottleneck-seed-9078621501550203399,item_0004,0,0.9029787707608072,0.8507847457158118,0.5240199578884656,0.3997998157332763,0.5219907407407407
developmental_synthetic,load_high,world_bottleneck-seed-9078621501550203399,item_0005,1,0.9029787707608072,0.8507847457158118,0.5240199578884656,0.3997998157332763,0.5219907407407407
developmental_synthetic,load_high,world_bottleneck-seed-9078621501550203399,item_0006,0,0.9029787707608072,0.8507847457158118,0.5240199578884656,0.3997998157332763,0.5219907407407407
developmental_synthetic,load_high,world_bottleneck-seed-9078621501550203399,item_0007,1,0.9029787707608072,0.8507847457158118,0.5240199578884656,0.3997998157332763,0.5219907407407407
developmental_synthetic,load_high,world_bottleneck-seed-9078621501550203399,item_0008,0,0.9029787707608072,0.8507847457158118,0.5240199578884656,0.3997998157332763,0.5219907407407407
developmental_synthetic,load_high,world_bottleneck-seed-9078621501550203399,item_0009,1,0.9029787707608072,0.8507847457158118,0.5240199578884656,0.3997998157332763,0.5219907407407407
developmental_synthetic,load_high,world_bottleneck-seed-9078621501550203399,item_0010,0,0.9029787707608072,0.8507847457158118,0.5240199578884656,0.3997998157332763,0.5219907407407407
developmental_synthetic,load_high,world_bottleneck-seed-9078621501550203399,item_0011,1,0.9029787707608072,0.8507847457158118,0.5240199578884656,0.3997998157332763,0.5219907407407407
developmental_synthetic,load_high,world_bottleneck-seed-9078621501550203399,item_0012,0,0.9029787707608072,0.8507847457158118,0.5240199578884656,0.3997998157332763,0.5219907407407407
developmental_synthetic,load_high,world_bottleneck-seed-9078621501550203399,item_0013,0,0.9029787707608072,0.8507847457158118,0.5240199578884656,0.3997998157332763,0.5219907407407407
developmental_synthetic,load_high,world_bottleneck-seed-9078621501550203399,item_0014,0,0.9029787707608072,0.8507847457158118,0.5240199578884656,0.3997998157332763,0.5219907407407407
developmental_synthetic,load_high,world_bottleneck-seed-9078621501550203399,item_0015,1,0.9029787707608072,0.8507847457158118,0.5240199578884656,0.3997998157332763,0.5219907407407407
developmental_synthetic,load_high,world_bottleneck-seed-9078621501550203399,item_0016,0,0.9029787707608072,0.8507847457158118,0.5240199578884656,0.3997998157332763,0.5219907407407407
developmental_synthetic,load_high,world_bottleneck-seed-9078621501550203399,item_0017,1,0.9029787707608072,0.8507847457158118,0.5240199578884656,0.3997998157332763,0.5219907407407407
developmental_synthetic,load_high,world_bottleneck-seed-9078621501550203399,item_0018,0,0.9029787707608072,0.8507847457158118,0.5240199578884656,0.3997998157332763,0.5219907407407407
developmental_synthetic,load_high,world_bottleneck-seed-9078621501550203399,item_0019,1,0.9029787707608072,0.8507847457158118,0.5240199578884656,0.3997998157332763,0.5219907407407407
developmental_synthetic,load_high,world_bottleneck-seed-9078621501550203399,item_0020,0,0.9029787707608072,0.8507847457158118,0.5240199578884656,0.3997998157332763,0.5219907407407407
developmental_synthetic,load_high,world_bottleneck-seed-9078621501550203399,item_0021,1,0.9029787707608072,0.8507847457158118,0.5240199578884656,0.3997998157332763,0.5219907407407407
developmental_synthetic,load_high,world_bottleneck-seed-9078621501550203399,item_0022,0,0.9029787707608072,0.8507847457158118,0.5240199578884656,0.3997998157332763,0.5219907407407407
developmental_synthetic,load_high,world_bottleneck-seed-9078621501550203399,item_0023,1,0.9029787707608072,0.8507847457158118,0.5240199578884656,0.3997998157332763,0.5219907407407407
developmental_synthetic,load_high,world_bottleneck-seed-9078621501550203399,item_0024,0,0.9029787707608072,0.8507847457158118,0.5240199578884656,0.3997998157332763,0.5219907407407407
developmental_synthetic,load_high,world_bottleneck-seed-9078621501550203399,item_0025,1,0.9029787707608072,0.8507847457158118,0.5240199578884656,0.3997998157332763,0.5219907407407407
developmental_synthetic,load_high,world_bottleneck-seed-9078621501550203399,item_0026,0,0.9029787707608072,0.8507847457158118,0.5240199578884656,0.3997998157332763,0.5219907407407407
developmental_synthetic,load_high,world_bottleneck-seed-9078621501550203399,item_0027,1,0.9029787707608072,0.8507847457158118,0.5240199578884656,0.3997998157332763,0.5219907407407407
developmental_synthetic,load_high,world_bottleneck-seed-9078621501550203399,item_0028,0,0.9029787707608072,0.8507847457158118,0.5240199578884656,0.3997998157332763,0.5219907407407407
developmental_synthetic,load_high,world_bottleneck-seed-9078621501550203399,item_0029,1,0.9029787707608072,0.8507847457158118,0.5240199578884656,0.3997998157332763,0.5219907407407407
developmental_synthetic,load_high,world_bottleneck-seed-9078621501550203399,item_0030,0,0.9029787707608072,0.8507847457158118,0.5240199578884656,0.3997998157332763,0.5219907407407407
developmental_synthetic,load_high,world_bottleneck-seed-9078621501550203399,item_0031,1,0.9029787707608072,0.8507847457158118,0.5240199578884656,0.3997998157332763,0.5219907407407407
developmental_synthetic,load_high,world_bottleneck-seed-9078621501550203399,item_0032,0,0.9029787707608072,0.8507847457158118,0.5240199578884656,0.3997998157332763,0.5219907407407407
developmental_synthetic,load_high,world_bottleneck-seed-9078621501550203399,item_0033,1,0.9029787707608072,0.8507847457158118,0.5240199578884656,0.3997998157332763,0.5219907407407407
developmental_synthetic,load_high,world_bottleneck-seed-9078621501550203399,item_0034,0,0.9029787707608072,0.8507847457158118,0.5240199578884656,0.3997998157332763,0.5219907407407407
developmental_synthetic,load_high,world_bottleneck-seed-9078621501550203399,item_0035,1,0.9029787707608072,0.8507847457158118,0.5240199578884656,0.3997998157332763,0.5219907407407407
developmental_synthetic,load_high,world_bottleneck-seed-9078621501550203399,item_0036,0,0.9029787707608072,0.8507847457158118,0.5240199578884656,0.3997998157332763,0.5219907407407407
developmental_synthetic,load_high,world_bottleneck-seed-2232509440464157497,item_0001,1,0.9029787707608072,0.8507847457158118,0.5240199578884656,0.3997998157332763,0.5219907407407407
developmental_synthetic,load_high,world_bottleneck-seed-2232509440464157497,item_0002,0,0.9029787707608072,0.8507847457158118,0.5240199578884656,0.3997998157332763,0.5219907407407407
developmental_synthetic,load_high,world_bottleneck-seed-2232509440464157497,item_0003,1,0.9029787707608072,0.8507847457158118,0.5240199578884656,0.3997998157332763,0.5219907407407407
developmental_synthetic,load_high,world_bottleneck-seed-2232509440464157497,item_0004,0,0.9029787707608072,0.8507847457158118,0.5240199578884656,0.3997998157332763,0.5219907407407407
developmental_synthetic,load_high,world_bottleneck-seed-2232509440464157497,item_0005,1,0.9029787707608072,0.8507847457158118,0.5240199578884656,0.3997998157332763,0.5219907407407407
developmental_synthetic,load_high,world_bottleneck-seed-2232509440464157497,item_0006,0,0.9029787707608072,0.8507847457158118,0.5240199578884656,0.3997998157332763,0.5219907407407407
developmental_synthetic,load_high,world_bottleneck-seed-2232509440464157497,item_0007,1,0.9029787707608072,0.8507847457158118,0.5240199578884656,0.3997998157332763,0.5219907407407407
developmental_synthetic,load_high,world_bottleneck-seed-2232509440464157497,item_0008,0,0.9029787707608072,0.8507847457158118,0.5240199578884656,0.3997998157332763,0.5219907407407407
developmental_synthetic,load_high,world_bottleneck-seed-2232509440464157497,item_0009,1,0.9029787707608072,0.8507847457158118,0.5240199578884656,0.3997998157332763,0.5219907407407407
developmental_synthetic,load_high,world_bottleneck-seed-2232509440464157497,item_0010,0,0.9029787707608072,0.8507847457158118,0.5240199578884656,0.3997998157332763,0.5219907407407407
developmental_synthetic,load_high,world_bottleneck-seed-2232509440464157497,item_0011,1,0.9029787707608072,0.8507847457158118,0.5240199578884656,0.3997998157332763,0.5219907407407407
developmental_synthetic,load_high,world_bottleneck-seed-2232509440464157497,item_0012,0,0.9029787707608072,0.8507847457158118,0.5240199578884656,0.3997998157332763,0.5219907407407407
developmental_synthetic,load_high,world_bottleneck-seed-2232509440464157497,item_0013,0,0.9029787707608072,0.8507847457158118,0.5240199578884656,0.3997998157332763,0.5219907407407407
developmental_synthetic,load_high,world_bottleneck-seed-2232509440464157497,item_0014,0,0.9029787707608072,0.8507847457158118,0.5240199578884656,0.3997998157332763,0.5219907407407407
developmental_synthetic,load_high,world_bottleneck-seed-2232509440464157497,item_0015,1,0.9029787707608072,0.8507847457158118,0.5240199578884656,0.3997998157332763,0.5219907407407407
developmental_synthetic,load_high,world_bottleneck-seed-2232509440464157497,item_0016,0,0.9029787707608072,0.8507847457158118,0.5240199578884656,0.3997998157332763,0.5219907407407407
developmental_synthetic,load_high,world_bottleneck-seed-2232509440464157497,item_0017,1,0.9029787707608072,0.8507847457158118,0.5240199578884656,0.3997998157332763,0.5219907407407407
developmental_synthetic,load_high,world_bottleneck-seed-2232509440464157497,item_0018,0,0.9029787707608072,0.8507847457158118,0.5240199578884656,0.3997998157332763,0.5219907407407407
developmental_synthetic,load_high,world_bottleneck-seed-2232509440464157497,item_0019,1,0.9029787707608072,0.8507847457158118,0.5240199578884656,0.3997998157332763,0.5219907407407407
developmental_synthetic,load_high,world_bottleneck-seed-2232509440464157497,item_0020,0,0.9029787707608072,0.8507847457158118,0.5240199578884656,0.3997998157332763,0.5219907407407407
developmental_synthetic,load_high,world_bottleneck-seed-2232509440464157497,item_0021,1,0.9029787707608072,0.8507847457158118,0.5240199578884656,0.3997998157332763,0.5219907407407407
developmental_synthetic,load_high,world_bottleneck-seed-2232509440464157497,item_0022,0,0.9029787707608072,0.8507847457158118,0.5240199578884656,0.3997998157332763,0.5219907407407407
developmental_synthetic,load_high,world_bottleneck-seed-2232509440464157497,item_0023,1,0.9029787707608072,0.8507847457158118,0.5240199578884656,0.3997998157332763,0.5219907407407407
developmental_synthetic,load_high,world_bottleneck-seed-2232509440464157497,item_0024,0,0.9029787707608072,0.8507847457158118,0.5240199578884656,0.3997998157332763,0.5219907407407407
developmental_synthetic,load_high,world_bottleneck-seed-2232509440464157497,item_0025,1,0.9029787707608072,0.8507847457158118,0.5240199578884656,0.3997998157332763,0.5219907407407407
developmental_synthetic,load_high,world_bottleneck-seed-2232509440464157497,item_0026,0,0.9029787707608072,0.8507847457158118,0.5240199578884656,0.3997998157332763,0.5219907407407407
developmental_synthetic,load_high,world_bottleneck-seed-2232509440464157497,item_0027,1,0.9029787707608072,0.8507847457158118,0.5240199578884656,0.3997998157332763,0.5219907407407407
developmental_synthetic,load_high,world_bottleneck-seed-2232509440464157497,item_0028,0,0.9029787707608072,0.8507847457158118,0.5240199578884656,0.3997998157332763,0.5219907407407407
developmental_synthetic,load_high,world_bottleneck-seed-2232509440464157497,item_0029,1,0.9029787707608072,0.8507847457158118,0.5240199578884656,0.3997998157332763,0.5219907407407407
developmental_synthetic,load_high,world_bottleneck-seed-2232509440464157497,item_0030,0,0.9029787707608072,0.8507847457158118,0.5240199578884656,0.3997998157332763,0.5219907407407407
developmental_synthetic,load_high,world_bottleneck-seed-2232509440464157497,item_0031,1,0.9029787707608072,0.8507847457158118,0.5240199578884656,0.3997998157332763,0.5219907407407407
developmental_synthetic,load_high,world_bottleneck-seed-2232509440464157497,item_0032,0,0.9029787707608072,0.8507847457158118,0.5240199578884656,0.3997998157332763,0.5219907407407407
developmental_synthetic,load_high,world_bottleneck-seed-2232509440464157497,item_0033,1,0.9029787707608072,0.8507847457158118,0.5240199578884656,0.3997998157332763,0.5219907407407407
developmental_synthetic,load_high,world_bottleneck-seed-2232509440464157497,item_0034,0,0.9029787707608072,0.8507847457158118,0.5240199578884656,0.3997998157332763,0.5219907407407407
developmental_synthetic,load_high,world_bottleneck-seed-2232509440464157497,item_0035,1,0.9029787707608072,0.8507847457158118,0.5240199578884656,0.3997998157332763,0.5219907407407407
developmental_synthetic,load_high,world_bottleneck-seed-2232509440464157497,item_0036,0,0.9029787707608072,0.8507847457158118,0.5240199578884656,0.3997998157332763,0.5219907407407407
developmental_synthetic,load_high,world_bottleneck-seed-1318810389743050509,item_0001,1,0.9029787707608072,0.8507847457158118,0.5240199578884656,0.3997998157332763,0.5219907407407407
developmental_synthetic,load_high,world_bottleneck-seed-1318810389743050509,item_0002,0,0.9029787707608072,0.8507847457158118,0.5240199578884656,0.3997998157332763,0.5219907407407407
developmental_synthetic,load_high,world_bottleneck-seed-1318810389743050509,item_0003,1,0.9029787707608072,0.8507847457158118,0.5240199578884656,0.3997998157332763,0.5219907407407407
developmental_synthetic,load_high,world_bottleneck-seed-1318810389743050509,item_0004,0,0.9029787707608072,0.8507847457158118,0.5240199578884656,0.3997998157332763,0.5219907407407407
developmental_synthetic,load_high,world_bottleneck-seed-1318810389743050509,item_0005,1,0.9029787707608072,0.8507847457158118,0.5240199578884656,0.3997998157332763,0.5219907407407407
developmental_synthetic,load_high,world_bottleneck-seed-1318810389743050509,item_0006,0,0.9029787707608072,0.8507847457158118,0.5240199578884656,0.3997998157332763,0.5219907407407407
developmental_synthetic,load_high,world_bottleneck-seed-1318810389743050509,item_0007,1,0.9029787707608072,0.8507847457158118,0.5240199578884656,0.3997998157332763,0.5219907407407407
developmental_synthetic,load_high,world_bottleneck-seed-1318810389743050509,item_0008,0,0.9029787707608072,0.8507847457158118,0.5240199578884656,0.3997998157332763,0.5219907407407407
developmental_synthetic,load_high,world_bottleneck-seed-1318810389743050509,item_0009,1,0.9029787707608072,0.8507847457158118,0.5240199578884656,0.3997998157332763,0.5219907407407407
developmental_synthetic,load_high,world_bottleneck-seed-1318810389743050509,item_0010,0,0.9029787707608072,0.8507847457158118,0.5240199578884656,0.3997998157332763,0.5219907407407407
developmental_synthetic,load_high,world_bottleneck-seed-1318810389743050509,item_0011,1,0.9029787707608072,0.8507847457158118,0.5240199578884656,0.3997998157332763,0.5219907407407407
developmental_synthetic,load_high,world_bottleneck-seed-1318810389743050509,item_0012,0,0.9029787707608072,0.8507847457158118,0.5240199578884656,0.3997998157332763,0.5219907407407407
developmental_synthetic,load_high,world_bottleneck-seed-1318810389743050509,item_0013,1,0.9029787707608072,0.8507847457158118,0.5240199578884656,0.3997998157332763,0.5219907407407407
developmental_synthetic,load_high,world_bottleneck-seed-1318810389743050509,item_0014,0,0.9029787707608072,0.8507847457158118,0.5240199578884656,0.3997998157332763,0.5219907407407407
developmental_synthetic,load_high,world_bottleneck-seed-1318810389743050509,item_0015,1,0.9029787707608072,0.8507847457158118,0.5240199578884656,0.3997998157332763,0.5219907407407407
developmental_synthetic,load_high,world_bottleneck-seed-1318810389743050509,item_0016,0,0.9029787707608072,0.8507847457158118,0.5240199578884656,0.3997998157332763,0.5219907407407407
developmental_synthetic,load_high,world_bottleneck-seed-1318810389743050509,item_0017,1,0.9029787707608072,0.8507847457158118,0.5240199578884656,0.3997998157332763,0.5219907407407407
developmental_synthetic,load_high,world_bottleneck-seed-1318810389743050509,item_0018,0,0.9029787707608072,0.8507847457158118,0.5240199578884656,0.3997998157332763,0.5219907407407407
developmental_synthetic,load_high,world_bottleneck-seed-1318810389743050509,item_0019,0,0.9029787707608072,0.8507847457158118,0.5240199578884656,0.3997998157332763,0.5219907407407407
developmental_synthetic,load_high,world_bottleneck-seed-1318810389743050509,item_0020,0,0.9029787707608072,0.8507847457158118,0.5240199578884656,0.3997998157332763,0.5219907407407407
developmental_synthetic,load_high,world_bottleneck-seed-1318810389743050509,item_0021,1,0.9029787707608072,0.8507847457158118,0.5240199578884656,0.3997998157332763,0.5219907407407407
developmental_synthetic,load_high,world_bottleneck-seed-1318810389743050509,item_0022,0,0.9029787707608072,0.8507847457158118,0.5240199578884656,0.3997998157332763,0.5219907407407407
developmental_synthetic,load_high,world_bottleneck-seed-1318810389743050509,item_0023,1,0.9029787707608072,0.8507847457158118,0.5240199578884656,0.3997998157332763,0.5219907407407407
developmental_synthetic,load_high,world_bottleneck-seed-1318810389743050509,item_0024,0,0.9029787707608072,0.8507847457158118,0.5240199578884656,0.3997998157332763,0.5219907407407407
developmental_synthetic,load_high,world_bottleneck-seed-1318810389743050509,item_0025,1,0.9029787707608072,0.8507847457158118,0.5240199578884656,0.3997998157332763,0.5219907407407407
developmental_synthetic,load_high,world_bottleneck-seed-1318810389743050509,item_0026,0,0.9029787707608072,0.8507847457158118,0.5240199578884656,0.3997998157332763,0.5219907407407407
developmental_synthetic,load_high,world_bottleneck-seed-1318810389743050509,item_0027,1,0.9029787707608072,0.8507847457158118,0.5240199578884656,0.3997998157332763,0.5219907407407407
developmental_synthetic,load_high,world_bottleneck-seed-1318810389743050509,item_0028,0,0.9029787707608072,0.8507847457158118,0.5240199578884656,0.3997998157332763,0.5219907407407407
developmental_synthetic,load_high,world_bottleneck-seed-1318810389743050509,item_0029,1,0.9029787707608072,0.8507847457158118,0.5240199578884656,0.3997998157332763,0.5219907407407407
developmental_synthetic,load_high,world_bottleneck-seed-1318810389743050509,item_0030,0,0.9029787707608072,0.8507847457158118,0.5240199578884656,0.3997998157332763,0.5219907407407407
developmental_synthetic,load_high,world_bottleneck-seed-1318810389743050509,item_0031,1,0.9029787707608072,0.8507847457158118,0.5240199578884656,0.3997998157332763,0.5219907407407407
developmental_synthetic,load_high,world_bottleneck-seed-1318810389743050509,item_0032,0,0.9029787707608072,0.8507847457158118,0.5240199578884656,0.3997998157332763,0.5219907407407407
developmental_synthetic,load_high,world_bottleneck-seed-1318810389743050509,item_0033,1,0.9029787707608072,0.8507847457158118,0.5240199578884656,0.3997998157332763,0.5219907407407407
developmental_synthetic,load_high,world_bottleneck-seed-1318810389743050509,item_0034,0,0.9029787707608072,0.8507847457158118,0.5240199578884656,0.3997998157332763,0.5219907407407407
developmental_synthetic,load_high,world_bottleneck-seed-1318810389743050509,item_0035,1,0.9029787707608072,0.8507847457158118,0.5240199578884656,0.3997998157332763,0.5219907407407407
developmental_synthetic,load_high,world_bottleneck-seed-1318810389743050509,item_0036,0,0.9029787707608072,0.8507847457158118,0.5240199578884656,0.3997998157332763,0.5219907407407407
developmental_synthetic,load_high,world_bottleneck-seed-2672526422288897444,item_0001,1,0.9029787707608072,0.8507847457158118,0.5240199578884656,0.3997998157332763,0.5219907407407407
developmental_synthetic,load_high,world_bottleneck-seed-2672526422288897444,item_0002,1,0.9029787707608072,0.8507847457158118,0.5240199578884656,0.3997998157332763,0.5219907407407407
developmental_synthetic,load_high,world_bottleneck-seed-2672526422288897444,item_0003,1,0.9029787707608072,0.8507847457158118,0.5240199578884656,0.3997998157332763,0.5219907407407407
developmental_synthetic,load_high,world_bottleneck-seed-2672526422288897444,item_0004,1,0.9029787707608072,0.8507847457158118,0.5240199578884656,0.3997998157332763,0.5219907407407407
developmental_synthetic,load_high,world_bottleneck-seed-2672526422288897444,item_0005,1,0.9029787707608072,0.8507847457158118,0.5240199578884656,0.3997998157332763,0.5219907407407407
developmental_synthetic,load_high,world_bottleneck-seed-2672526422288897444,item_0006,1,0.9029787707608072,0.8507847457158118,0.5240199578884656,0.3997998157332763,0.5219907407407407
developmental_synthetic,load_high,world_bottleneck-seed-2672526422288897444,item_0007,1,0.9029787707608072,0.8507847457158118,0.5240199578884656,0.3997998157332763,0.5219907407407407
developmental_synthetic,load_high,world_bottleneck-seed-2672526422288897444,item_0008,0,0.9029787707608072,0.8507847457158118,0.5240199578884656,0.3997998157332763,0.5219907407407407
developmental_synthetic,load_high,world_bottleneck-seed-2672526422288897444,item_0009,1,0.9029787707608072,0.8507847457158118,0.5240199578884656,0.3997998157332763,0.5219907407407407
developmental_synthetic,load_high,world_bottleneck-seed-2672526422288897444,item_0010,0,0.9029787707608072,0.8507847457158118,0.5240199578884656,0.3997998157332763,0.5219907407407407
developmental_synthetic,load_high,world_bottleneck-seed-2672526422288897444,item_0011,1,0.9029787707608072,0.8507847457158118,0.5240199578884656,0.3997998157332763,0.5219907407407407
developmental_synthetic,load_high,world_bottleneck-seed-2672526422288897444,item_0012,0,0.9029787707608072,0.8507847457158118,0.5240199578884656,0.3997998157332763,0.5219907407407407
developmental_synthetic,load_high,world_bottleneck-seed-2672526422288897444,item_0013,1,0.9029787707608072,0.8507847457158118,0.5240199578884656,0.3997998157332763,0.5219907407407407
developmental_synthetic,load_high,world_bottleneck-seed-2672526422288897444,item_0014,0,0.9029787707608072,0.8507847457158118,0.5240199578884656,0.3997998157332763,0.5219907407407407
developmental_synthetic,load_high,world_bottleneck-seed-2672526422288897444,item_0015,1,0.9029787707608072,0.8507847457158118,0.5240199578884656,0.3997998157332763,0.5219907407407407
developmental_synthetic,load_high,world_bottleneck-seed-2672526422288897444,item_0016,0,0.9029787707608072,0.8507847457158118,0.5240199578884656,0.3997998157332763,0.5219907407407407
developmental_synthetic,load_high,world_bottleneck-seed-2672526422288897444,item_0017,1,0.9029787707608072,0.8507847457158118,0.5240199578884656,0.3997998157332763,0.5219907407407407
developmental_synthetic,load_high,world_bottleneck-seed-2672526422288897444,item_0018,0,0.9029787707608072,0.8507847457158118,0.5240199578884656,0.3997998157332763,0.5219907407407407
developmental_synthetic,load_high,world_bottleneck-seed-2672526422288897444,item_0019,1,0.9029787707608072,0.8507847457158118,0.5240199578884656,0.3997998157332763,0.5219907407407407
developmental_synthetic,load_high,world_bottleneck-seed-2672526422288897444,item_0020,0,0.9029787707608072,0.8507847457158118,0.5240199578884656,0.3997998157332763,0.5219907407407407
developmental_synthetic,load_high,world_bottleneck-seed-2672526422288897444,item_0021,1,0.9029787707608072,0.8507847457158118,0.5240199578884656,0.3997998157332763,0.5219907407407407
developmental_synthetic,load_high,world_bottleneck-seed-2672526422288897444,item_0022,0,0.9029787707608072,0.8507847457158118,0.5240199578884656,0.3997998157332763,0.5219907407407407
developmental_synthetic,load_high,world_bottleneck-seed-2672526422288897444,item_0023,1,0.9029787707608072,0.8507847457158118,0.5240199578884656,0.3997998157332763,0.5219907407407407
developmental_synthetic,load_high,world_bottleneck-seed-2672526422288897444,item_0024,0,0.9029787707608072,0.8507847457158118,0.5240199578884656,0.3997998157332763,0.5219907407407407
developmental_synthetic,load_high,world_bottleneck-seed-2672526422288897444,item_0025,1,0.9029787707608072,0.8507847457158118,0.5240199578884656,0.3997998157332763,0.5219907407407407
developmental_synthetic,load_high,world_bottleneck-seed-2672526422288897444,item_0026,0,0.9029787707608072,0.8507847457158118,0.5240199578884656,0.3997998157332763,0.5219907407407407
developmental_synthetic,load_high,world_bottleneck-seed-2672526422288897444,item_0027,1,0.9029787707608072,0.8507847457158118,0.5240199578884656,0.3997998157332763,0.5219907407407407
developmental_synthetic,load_high,world_bottleneck-seed-2672526422288897444,item_0028,0,0.9029787707608072,0.8507847457158118,0.5240199578884656,0.3997998157332763,0.5219907407407407
developmental_synthetic,load_high,world_bottleneck-seed-2672526422288897444,item_0029,1,0.9029787707608072,0.8507847457158118,0.5240199578884656,0.3997998157332763,0.5219907407407407
developmental_synthetic,load_high,world_bottleneck-seed-2672526422288897444,item_0030,0,0.9029787707608072,0.8507847457158118,0.5240199578884656,0.3997998157332763,0.5219907407407407
developmental_synthetic,load_high,world_bottleneck-seed-2672526422288897444,item_0031,1,0.9029787707608072,0.8507847457158118,0.5240199578884656,0.3997998157332763,0.5219907407407407
developmental_synthetic,load_high,world_bottleneck-seed-2672526422288897444,item_0032,0,0.9029787707608072,0.8507847457158118,0.5240199578884656,0.3997998157332763,0.5219907407407407
developmental_synthetic,load_high,world_bottleneck-seed-2672526422288897444,item_0033,1,0.9029787707608072,0.8507847457158118,0.5240199578884656,0.3997998157332763,0.5219907407407407
developmental_synthetic,load_high,world_bottleneck-seed-2672526422288897444,item_0034,0,0.9029787707608072,0.8507847457158118,0.5240199578884656,0.3997998157332763,0.5219907407407407
developmental_synthetic,load_high,world_bottleneck-seed-2672526422288897444,item_0035,1,0.9029787707608072,0.8507847457158118,0.5240199578884656,0.3997998157332763,0.5219907407407407
developmental_synthetic,load_high,world_bottleneck-seed-2672526422288897444,item_0036,0,0.9029787707608072,0.8507847457158118,0.5240199578884656,0.3997998157332763,0.5219907407407407
developmental_synthetic,load_high,world_bottleneck-seed-2184401695212112810,item_0001,1,0.9029787707608072,0.8507847457158118,0.5240199578884656,0.3997998157332763,0.5219907407407407
developmental_synthetic,load_high,world_bottleneck-seed-2184401695212112810,item_0002,1,0.9029787707608072,0.8507847457158118,0.5240199578884656,0.3997998157332763,0.5219907407407407
developmental_synthetic,load_high,world_bottleneck-seed-2184401695212112810,item_0003,1,0.9029787707608072,0.8507847457158118,0.5240199578884656,0.3997998157332763,0.5219907407407407
developmental_synthetic,load_high,world_bottleneck-seed-2184401695212112810,item_0004,1,0.9029787707608072,0.8507847457158118,0.5240199578884656,0.3997998157332763,0.5219907407407407
developmental_synthetic,load_high,world_bottleneck-seed-2184401695212112810,item_0005,1,0.9029787707608072,0.8507847457158118,0.5240199578884656,0.3997998157332763,0.5219907407407407
developmental_synthetic,load_high,world_bottleneck-seed-2184401695212112810,item_0006,1,0.9029787707608072,0.8507847457158118,0.5240199578884656,0.3997998157332763,0.5219907407407407
developmental_synthetic,load_high,world_bottleneck-seed-2184401695212112810,item_0007,1,0.9029787707608072,0.8507847457158118,0.5240199578884656,0.3997998157332763,0.5219907407407407
developmental_synthetic,load_high,world_bottleneck-seed-2184401695212112810,item_0008,0,0.9029787707608072,0.8507847457158118,0.5240199578884656,0.3997998157332763,0.5219907407407407
developmental_synthetic,load_high,world_bottleneck-seed-2184401695212112810,item_0009,1,0.9029787707608072,0.8507847457158118,0.5240199578884656,0.3997998157332763,0.5219907407407407
developmental_synthetic,load_high,world_bottleneck-seed-2184401695212112810,item_0010,0,0.9029787707608072,0.8507847457158118,0.5240199578884656,0.3997998157332763,0.5219907407407407
developmental_synthetic,load_high,world_bottleneck-seed-2184401695212112810,item_0011,1,0.9029787707608072,0.8507847457158118,0.5240199578884656,0.3997998157332763,0.5219907407407407
developmental_synthetic,load_high,world_bottleneck-seed-2184401695212112810,item_0012,0,0.9029787707608072,0.8507847457158118,0.5240199578884656,0.3997998157332763,0.5219907407407407
developmental_synthetic,load_high,world_bottleneck-seed-2184401695212112810,item_0013,1,0.9029787707608072,0.8507847457158118,0.5240199578884656,0.3997998157332763,0.5219907407407407
developmental_synthetic,load_high,world_bottleneck-seed-2184401695212112810,item_0014,0,0.9029787707608072,0.8507847457158118,0.5240199578884656,0.3997998157332763,0.5219907407407407
developmental_synthetic,load_high,world_bottleneck-seed-2184401695212112810,item_0015,1,0.9029787707608072,0.8507847457158118,0.5240199578884656,0.3997998157332763,0.5219907407407407
developmental_synthetic,load_high,world_bottleneck-seed-2184401695212112810,item_0016,0,0.9029787707608072,0.8507847457158118,0.5240199578884656,0.3997998157332763,0.5219907407407407
developmental_synthetic,load_high,world_bottleneck-seed-2184401695212112810,item_0017,1,0.9029787707608072,0.8507847457158118,0.5240199578884656,0.3997998157332763,0.5219907407407407
developmental_synthetic,load_high,world_bottleneck-seed-2184401695212112810,item_0018,0,0.9029787707608072,0.8507847457158118,0.5240199578884656,0.3997998157332763,0.5219907407407407
developmental_synthetic,load_high,world_bottleneck-seed-2184401695212112810,item_0019,1,0.9029787707608072,0.8507847457158118,0.5240199578884656,0.3997998157332763,0.5219907407407407
developmental_synthetic,load_high,world_bottleneck-seed-2184401695212112810,item_0020,0,0.9029787707608072,0.8507847457158118,0.5240199578884656,0.3997998157332763,0.5219907407407407
developmental_synthetic,load_high,world_bottleneck-seed-2184401695212112810,item_0021,1,0.9029787707608072,0.8507847457158118,0.5240199578884656,0.3997998157332763,0.5219907407407407
developmental_synthetic,load_high,world_bottleneck-seed-2184401695212112810,item_0022,0,0.9029787707608072,0.8507847457158118,0.5240199578884656,0.3997998157332763,0.5219907407407407
developmental_synthetic,load_high,world_bottleneck-seed-2184401695212112810,item_0023,1,0.9029787707608072,0.8507847457158118,0.5240199578884656,0.3997998157332763,0.5219907407407407
developmental_synthetic,load_high,world_bottleneck-seed-2184401695212112810,item_0024,0,0.9029787707608072,0.8507847457158118,0.5240199578884656,0.3997998157332763,0.5219907407407407
developmental_synthetic,load_high,world_bottleneck-seed-2184401695212112810,item_0025,1,0.9029787707608072,0.8507847457158118,0.5240199578884656,0.3997998157332763,0.5219907407407407
developmental_synthetic,load_high,world_bottleneck-seed-2184401695212112810,item_0026,0,0.9029787707608072,0.8507847457158118,0.5240199578884656,0.3997998157332763,0.5219907407407407
developmental_synthetic,load_high,world_bottleneck-seed-2184401695212112810,item_0027,1,0.9029787707608072,0.8507847457158118,0.5240199578884656,0.3997998157332763,0.5219907407407407
developmental_synthetic,load_high,world_bottleneck-seed-2184401695212112810,item_0028,0,0.9029787707608072,0.8507847457158118,0.5240199578884656,0.3997998157332763,0.5219907407407407
developmental_synthetic,load_high,world_bottleneck-seed-2184401695212112810,item_0029,1,0.9029787707608072,0.8507847457158118,0.5240199578884656,0.3997998157332763,0.5219907407407407
developmental_synthetic,load_high,world_bottleneck-seed-2184401695212112810,item_0030,0,0.9029787707608072,0.8507847457158118,0.5240199578884656,0.3997998157332763,0.5219907407407407
developmental_synthetic,load_high,world_bottleneck-seed-2184401695212112810,item_0031,1,0.9029787707608072,0.8507847457158118,0.5240199578884656,0.3997998157332763,0.5219907407407407
developmental_synthetic,load_high,world_bottleneck-seed-2184401695212112810,item_0032,0,0.9029787707608072,0.8507847457158118,0.5240199578884656,0.3997998157332763,0.5219907407407407
developmental_synthetic,load_high,world_bottleneck-seed-2184401695212112810,item_0033,1,0.9029787707608072,0.8507847457158118,0.5240199578884656,0.3997998157332763,0.5219907407407407
developmental_synthetic,load_high,world_bottleneck-seed-2184401695212112810,item_0034,0,0.9029787707608072,0.8507847457158118,0.5240199578884656,0.3997998157332763,0.5219907407407407
developmental_synthetic,load_high,world_bottleneck-seed-2184401695212112810,item_0035,1,0.9029787707608072,0.8507847457158118,0.5240199578884656,0.3997998157332763,0.5219907407407407
developmental_synthetic,load_high,world_bottleneck-seed-2184401695212112810,item_0036,0,0.9029787707608072,0.8507847457158118,0.5240199578884656,0.3997998157332763,0.5219907407407407
developmental_synthetic,recovery_service_low,world_bottleneck-seed-4594190432599945735,item_0001,1,0.9680235403772851,0.948838747638228,0.9666050281283923,0.945983291455153,0.8333333333333334
developmental_synthetic,recovery_service_low,world_bottleneck-seed-4594190432599945735,item_0002,1,0.9680235403772851,0.948838747638228,0.9666050281283923,0.945983291455153,0.8333333333333334
developmental_synthetic,recovery_service_low,world_bottleneck-seed-4594190432599945735,item_0003,1,0.9680235403772851,0.948838747638228,0.9666050281283923,0.945983291455153,0.8333333333333334
developmental_synthetic,recovery_service_low,world_bottleneck-seed-4594190432599945735,item_0004,1,0.9680235403772851,0.948838747638228,0.9666050281283923,0.945983291455153,0.8333333333333334
developmental_synthetic,recovery_service_low,world_bottleneck-seed-4594190432599945735,item_0005,1,0.9680235403772851,0.948838747638228,0.9666050281283923,0.945983291455153,0.8333333333333334
developmental_synthetic,recovery_service_low,world_bottleneck-seed-4594190432599945735,item_0006,0,0.9680235403772851,0.948838747638228,0.9666050281283923,0.945983291455153,0.8333333333333334
developmental_synthetic,recovery_service_low,world_bottleneck-seed-4594190432599945735,item_0007,1,0.9680235403772851,0.948838747638228,0.9666050281283923,0.945983291455153,0.8333333333333334
developmental_synthetic,recovery_service_low,world_bottleneck-seed-4594190432599945735,item_0008,1,0.9680235403772851,0.948838747638228,0.9666050281283923,0.945983291455153,0.8333333333333334
developmental_synthetic,recovery_service_low,world_bottleneck-seed-4594190432599945735,item_0009,1,0.9680235403772851,0.948838747638228,0.9666050281283923,0.945983291455153,0.8333333333333334
developmental_synthetic,recovery_service_low,world_bottleneck-seed-4594190432599945735,item_0010,1,0.9680235403772851,0.948838747638228,0.9666050281283923,0.945983291455153,0.8333333333333334
developmental_synthetic,recovery_service_low,world_bottleneck-seed-4594190432599945735,item_0011,1,0.9680235403772851,0.948838747638228,0.9666050281283923,0.945983291455153,0.8333333333333334
developmental_synthetic,recovery_service_low,world_bottleneck-seed-4594190432599945735,item_0012,1,0.9680235403772851,0.948838747638228,0.9666050281283923,0.945983291455153,0.8333333333333334
developmental_synthetic,recovery_service_low,world_bottleneck-seed-8166473292603767607,item_0001,1,0.9680235403772851,0.948838747638228,0.9666050281283923,0.945983291455153,0.8333333333333334
developmental_synthetic,recovery_service_low,world_bottleneck-seed-8166473292603767607,item_0002,1,0.9680235403772851,0.948838747638228,0.9666050281283923,0.945983291455153,0.8333333333333334
developmental_synthetic,recovery_service_low,world_bottleneck-seed-8166473292603767607,item_0003,1,0.9680235403772851,0.948838747638228,0.9666050281283923,0.945983291455153,0.8333333333333334
developmental_synthetic,recovery_service_low,world_bottleneck-seed-8166473292603767607,item_0004,1,0.9680235403772851,0.948838747638228,0.9666050281283923,0.945983291455153,0.8333333333333334
developmental_synthetic,recovery_service_low,world_bottleneck-seed-8166473292603767607,item_0005,1,0.9680235403772851,0.948838747638228,0.9666050281283923,0.945983291455153,0.8333333333333334
developmental_synthetic,recovery_service_low,world_bottleneck-seed-8166473292603767607,item_0006,1,0.9680235403772851,0.948838747638228,0.9666050281283923,0.945983291455153,0.8333333333333334
developmental_synthetic,recovery_service_low,world_bottleneck-seed-8166473292603767607,item_0007,1,0.9680235403772851,0.948838747638228,0.9666050281283923,0.945983291455153,0.8333333333333334
developmental_synthetic,recovery_service_low,world_bottleneck-seed-8166473292603767607,item_0008,1,0.9680235403772851,0.948838747638228,0.9666050281283923,0.945983291455153,0.8333333333333334
developmental_synthetic,recovery_service_low,world_bottleneck-seed-8166473292603767607,item_0009,1,0.9680235403772851,0.948838747638228,0.9666050281283923,0.945983291455153,0.8333333333333334
developmental_synthetic,recovery_service_low,world_bottleneck-seed-8166473292603767607,item_0010,1,0.9680235403772851,0.948838747638228,0.9666050281283923,0.945983291455153,0.8333333333333334
developmental_synthetic,recovery_service_low,world_bottleneck-seed-8166473292603767607,item_0011,1,0.9680235403772851,0.948838747638228,0.9666050281283923,0.945983291455153,0.8333333333333334
developmental_synthetic,recovery_service_low,world_bottleneck-seed-8166473292603767607,item_0012,1,0.9680235403772851,0.948838747638228,0.9666050281283923,0.945983291455153,0.8333333333333334
developmental_synthetic,recovery_service_low,world_bottleneck-seed-4170565587130884155,item_0001,1,0.9680235403772851,0.948838747638228,0.9666050281283923,0.945983291455153,0.8333333333333334
developmental_synthetic,recovery_service_low,world_bottleneck-seed-4170565587130884155,item_0002,1,0.9680235403772851,0.948838747638228,0.9666050281283923,0.945983291455153,0.8333333333333334
developmental_synthetic,recovery_service_low,world_bottleneck-seed-4170565587130884155,item_0003,1,0.9680235403772851,0.948838747638228,0.9666050281283923,0.945983291455153,0.8333333333333334
developmental_synthetic,recovery_service_low,world_bottleneck-seed-4170565587130884155,item_0004,1,0.9680235403772851,0.948838747638228,0.9666050281283923,0.945983291455153,0.8333333333333334
developmental_synthetic,recovery_service_low,world_bottleneck-seed-4170565587130884155,item_0005,1,0.9680235403772851,0.948838747638228,0.9666050281283923,0.945983291455153,0.8333333333333334
developmental_synthetic,recovery_service_low,world_bottleneck-seed-4170565587130884155,item_0006,1,0.9680235403772851,0.948838747638228,0.9666050281283923,0.945983291455153,0.8333333333333334
developmental_synthetic,recovery_service_low,world_bottleneck-seed-4170565587130884155,item_0007,1,0.9680235403772851,0.948838747638228,0.9666050281283923,0.945983291455153,0.8333333333333334
developmental_synthetic,recovery_service_low,world_bottleneck-seed-4170565587130884155,item_0008,1,0.9680235403772851,0.948838747638228,0.9666050281283923,0.945983291455153,0.8333333333333334
developmental_synthetic,recovery_service_low,world_bottleneck-seed-4170565587130884155,item_0009,1,0.9680235403772851,0.948838747638228,0.9666050281283923,0.945983291455153,0.8333333333333334
developmental_synthetic,recovery_service_low,world_bottleneck-seed-4170565587130884155,item_0010,0,0.9680235403772851,0.948838747638228,0.9666050281283923,0.945983291455153,0.8333333333333334
developmental_synthetic,recovery_service_low,world_bottleneck-seed-4170565587130884155,item_0011,1,0.9680235403772851,0.948838747638228,0.9666050281283923,0.945983291455153,0.8333333333333334
developmental_synthetic,recovery_service_low,world_bottleneck-seed-4170565587130884155,item_0012,1,0.9680235403772851,0.948838747638228,0.9666050281283923,0.945983291455153,0.8333333333333334
developmental_synthetic,recovery_service_low,world_bottleneck-seed-2717423041065866496,item_0001,1,0.9680235403772851,0.948838747638228,0.9666050281283923,0.945983291455153,0.8333333333333334
developmental_synthetic,recovery_service_low,world_bottleneck-seed-2717423041065866496,item_0002,1,0.9680235403772851,0.948838747638228,0.9666050281283923,0.945983291455153,0.8333333333333334
developmental_synthetic,recovery_service_low,world_bottleneck-seed-2717423041065866496,item_0003,1,0.9680235403772851,0.948838747638228,0.9666050281283923,0.945983291455153,0.8333333333333334
developmental_synthetic,recovery_service_low,world_bottleneck-seed-2717423041065866496,item_0004,1,0.9680235403772851,0.948838747638228,0.9666050281283923,0.945983291455153,0.8333333333333334
developmental_synthetic,recovery_service_low,world_bottleneck-seed-2717423041065866496,item_0005,1,0.9680235403772851,0.948838747638228,0.9666050281283923,0.945983291455153,0.8333333333333334
developmental_synthetic,recovery_service_low,world_bottleneck-seed-2717423041065866496,item_0006,1,0.9680235403772851,0.948838747638228,0.9666050281283923,0.945983291455153,0.8333333333333334
developmental_synthetic,recovery_service_low,world_bottleneck-seed-2717423041065866496,item_0007,1,0.9680235403772851,0.948838747638228,0.9666050281283923,0.945983291455153,0.8333333333333334
developmental_synthetic,recovery_service_low,world_bottleneck-seed-2717423041065866496,item_0008,1,0.9680235403772851,0.948838747638228,0.9666050281283923,0.945983291455153,0.8333333333333334
developmental_synthetic,recovery_service_low,world_bottleneck-seed-2717423041065866496,item_0009,1,0.9680235403772851,0.948838747638228,0.9666050281283923,0.945983291455153,0.8333333333333334
developmental_synthetic,recovery_service_low,world_bottleneck-seed-2717423041065866496,item_0010,1,0.9680235403772851,0.948838747638228,0.9666050281283923,0.945983291455153,0.8333333333333334
developmental_synthetic,recovery_service_low,world_bottleneck-seed-2717423041065866496,item_0011,1,0.9680235403772851,0.948838747638228,0.9666050281283923,0.945983291455153,0.8333333333333334
developmental_synthetic,recovery_service_low,world_bottleneck-seed-2717423041065866496,item_0012,1,0.9680235403772851,0.948838747638228,0.9666050281283923,0.945983291455153,0.8333333333333334
developmental_synthetic,recovery_service_low,world_bottleneck-seed-3300210048293211683,item_0001,1,0.9680235403772851,0.948838747638228,0.9666050281283923,0.945983291455153,0.8333333333333334
developmental_synthetic,recovery_service_low,world_bottleneck-seed-3300210048293211683,item_0002,0,0.9680235403772851,0.948838747638228,0.9666050281283923,0.945983291455153,0.8333333333333334
developmental_synthetic,recovery_service_low,world_bottleneck-seed-3300210048293211683,item_0003,0,0.9680235403772851,0.948838747638228,0.9666050281283923,0.945983291455153,0.8333333333333334
developmental_synthetic,recovery_service_low,world_bottleneck-seed-3300210048293211683,item_0004,0,0.9680235403772851,0.948838747638228,0.9666050281283923,0.945983291455153,0.8333333333333334
developmental_synthetic,recovery_service_low,world_bottleneck-seed-3300210048293211683,item_0005,1,0.9680235403772851,0.948838747638228,0.9666050281283923,0.945983291455153,0.8333333333333334
developmental_synthetic,recovery_service_low,world_bottleneck-seed-3300210048293211683,item_0006,0,0.9680235403772851,0.948838747638228,0.9666050281283923,0.945983291455153,0.8333333333333334
developmental_synthetic,recovery_service_low,world_bottleneck-seed-3300210048293211683,item_0007,1,0.9680235403772851,0.948838747638228,0.9666050281283923,0.945983291455153,0.8333333333333334
developmental_synthetic,recovery_service_low,world_bottleneck-seed-3300210048293211683,item_0008,0,0.9680235403772851,0.948838747638228,0.9666050281283923,0.945983291455153,0.8333333333333334
developmental_synthetic,recovery_service_low,world_bottleneck-seed-3300210048293211683,item_0009,1,0.9680235403772851,0.948838747638228,0.9666050281283923,0.945983291455153,0.8333333333333334
developmental_synthetic,recovery_service_low,world_bottleneck-seed-3300210048293211683,item_0010,0,0.9680235403772851,0.948838747638228,0.9666050281283923,0.945983291455153,0.8333333333333334
developmental_synthetic,recovery_service_low,world_bottleneck-seed-3300210048293211683,item_0011,1,0.9680235403772851,0.948838747638228,0.9666050281283923,0.945983291455153,0.8333333333333334
developmental_synthetic,recovery_service_low,world_bottleneck-seed-3300210048293211683,item_0012,0,0.9680235403772851,0.948838747638228,0.9666050281283923,0.945983291455153,0.8333333333333334
developmental_synthetic,recovery_service_low,world_bottleneck-seed-8029632760491593691,item_0001,1,0.9680235403772851,0.948838747638228,0.9666050281283923,0.945983291455153,0.8333333333333334
developmental_synthetic,recovery_service_low,world_bottleneck-seed-8029632760491593691,item_0002,1,0.9680235403772851,0.948838747638228,0.9666050281283923,0.945983291455153,0.8333333333333334
developmental_synthetic,recovery_service_low,world_bottleneck-seed-8029632760491593691,item_0003,1,0.9680235403772851,0.948838747638228,0.9666050281283923,0.945983291455153,0.8333333333333334
developmental_synthetic,recovery_service_low,world_bottleneck-seed-8029632760491593691,item_0004,1,0.9680235403772851,0.948838747638228,0.9666050281283923,0.945983291455153,0.8333333333333334
developmental_synthetic,recovery_service_low,world_bottleneck-seed-8029632760491593691,item_0005,1,0.9680235403772851,0.948838747638228,0.9666050281283923,0.945983291455153,0.8333333333333334
developmental_synthetic,recovery_service_low,world_bottleneck-seed-8029632760491593691,item_0006,1,0.9680235403772851,0.948838747638228,0.9666050281283923,0.945983291455153,0.8333333333333334
developmental_synthetic,recovery_service_low,world_bottleneck-seed-8029632760491593691,item_0007,1,0.9680235403772851,0.948838747638228,0.9666050281283923,0.945983291455153,0.8333333333333334
developmental_synthetic,recovery_service_low,world_bottleneck-seed-8029632760491593691,item_0008,1,0.9680235403772851,0.948838747638228,0.9666050281283923,0.945983291455153,0.8333333333333334
developmental_synthetic,recovery_service_low,world_bottleneck-seed-8029632760491593691,item_0009,1,0.9680235403772851,0.948838747638228,0.9666050281283923,0.945983291455153,0.8333333333333334
developmental_synthetic,recovery_service_low,world_bottleneck-seed-8029632760491593691,item_0010,1,0.9680235403772851,0.948838747638228,0.9666050281283923,0.945983291455153,0.8333333333333334
developmental_synthetic,recovery_service_low,world_bottleneck-seed-8029632760491593691,item_0011,1,0.9680235403772851,0.948838747638228,0.9666050281283923,0.945983291455153,0.8333333333333334
developmental_synthetic,recovery_service_low,world_bottleneck-seed-8029632760491593691,item_0012,1,0.9680235403772851,0.948838747638228,0.9666050281283923,0.945983291455153,0.8333333333333334
developmental_synthetic,recovery_service_low,world_bottleneck-seed-1942033208343472871,item_0001,1,0.9680235403772851,0.948838747638228,0.9666050281283923,0.945983291455153,0.8333333333333334
developmental_synthetic,recovery_service_low,world_bottleneck-seed-1942033208343472871,item_0002,1,0.9680235403772851,0.948838747638228,0.9666050281283923,0.945983291455153,0.8333333333333334
developmental_synthetic,recovery_service_low,world_bottleneck-seed-1942033208343472871,item_0003,1,0.9680235403772851,0.948838747638228,0.9666050281283923,0.945983291455153,0.8333333333333334
developmental_synthetic,recovery_service_low,world_bottleneck-seed-1942033208343472871,item_0004,1,0.9680235403772851,0.948838747638228,0.9666050281283923,0.945983291455153,0.8333333333333334
developmental_synthetic,recovery_service_low,world_bottleneck-seed-1942033208343472871,item_0005,1,0.9680235403772851,0.948838747638228,0.9666050281283923,0.945983291455153,0.8333333333333334
developmental_synthetic,recovery_service_low,world_bottleneck-seed-1942033208343472871,item_0006,1,0.9680235403772851,0.948838747638228,0.9666050281283923,0.945983291455153,0.8333333333333334
developmental_synthetic,recovery_service_low,world_bottleneck-seed-1942033208343472871,item_0007,1,0.9680235403772851,0.948838747638228,0.9666050281283923,0.945983291455153,0.8333333333333334
developmental_synthetic,recovery_service_low,world_bottleneck-seed-1942033208343472871,item_0008,1,0.9680235403772851,0.948838747638228,0.9666050281283923,0.945983291455153,0.8333333333333334
developmental_synthetic,recovery_service_low,world_bottleneck-seed-1942033208343472871,item_0009,1,0.9680235403772851,0.948838747638228,0.9666050281283923,0.945983291455153,0.8333333333333334
developmental_synthetic,recovery_service_low,world_bottleneck-seed-1942033208343472871,item_0010,1,0.9680235403772851,0.948838747638228,0.9666050281283923,0.945983291455153,0.8333333333333334
developmental_synthetic,recovery_service_low,world_bottleneck-seed-1942033208343472871,item_0011,1,0.9680235403772851,0.948838747638228,0.9666050281283923,0.945983291455153,0.8333333333333334
developmental_synthetic,recovery_service_low,world_bottleneck-seed-1942033208343472871,item_0012,1,0.9680235403772851,0.948838747638228,0.9666050281283923,0.945983291455153,0.8333333333333334
developmental_synthetic,recovery_service_low,world_bottleneck-seed-4316497584180809060,item_0001,1,0.9680235403772851,0.948838747638228,0.9666050281283923,0.945983291455153,0.8333333333333334
developmental_synthetic,recovery_service_low,world_bottleneck-seed-4316497584180809060,item_0002,1,0.9680235403772851,0.948838747638228,0.9666050281283923,0.945983291455153,0.8333333333333334
developmental_synthetic,recovery_service_low,world_bottleneck-seed-4316497584180809060,item_0003,1,0.9680235403772851,0.948838747638228,0.9666050281283923,0.945983291455153,0.8333333333333334
developmental_synthetic,recovery_service_low,world_bottleneck-seed-4316497584180809060,item_0004,1,0.9680235403772851,0.948838747638228,0.9666050281283923,0.945983291455153,0.8333333333333334
developmental_synthetic,recovery_service_low,world_bottleneck-seed-4316497584180809060,item_0005,1,0.9680235403772851,0.948838747638228,0.9666050281283923,0.945983291455153,0.8333333333333334
developmental_synthetic,recovery_service_low,world_bottleneck-seed-4316497584180809060,item_0006,1,0.9680235403772851,0.948838747638228,0.9666050281283923,0.945983291455153,0.8333333333333334
developmental_synthetic,recovery_service_low,world_bottleneck-seed-4316497584180809060,item_0007,1,0.9680235403772851,0.948838747638228,0.9666050281283923,0.945983291455153,0.8333333333333334
developmental_synthetic,recovery_service_low,world_bottleneck-seed-4316497584180809060,item_0008,1,0.9680235403772851,0.948838747638228,0.9666050281283923,0.945983291455153,0.8333333333333334
developmental_synthetic,recovery_service_low,world_bottleneck-seed-4316497584180809060,item_0009,1,0.9680235403772851,0.948838747638228,0.9666050281283923,0.945983291455153,0.8333333333333334
developmental_synthetic,recovery_service_low,world_bottleneck-seed-4316497584180809060,item_0010,1,0.9680235403772851,0.948838747638228,0.9666050281283923,0.945983291455153,0.8333333333333334
developmental_synthetic,recovery_service_low,world_bottleneck-seed-4316497584180809060,item_0011,1,0.9680235403772851,0.948838747638228,0.9666050281283923,0.945983291455153,0.8333333333333334
developmental_synthetic,recovery_service_low,world_bottleneck-seed-4316497584180809060,item_0012,1,0.9680235403772851,0.948838747638228,0.9666050281283923,0.945983291455153,0.8333333333333334
developmental_synthetic,recovery_service_low,world_bottleneck-seed-267805246917825788,item_0001,1,0.9680235403772851,0.948838747638228,0.9666050281283923,0.945983291455153,0.8333333333333334
developmental_synthetic,recovery_service_low,world_bottleneck-seed-267805246917825788,item_0002,0,0.9680235403772851,0.948838747638228,0.9666050281283923,0.945983291455153,0.8333333333333334
developmental_synthetic,recovery_service_low,world_bottleneck-seed-267805246917825788,item_0003,0,0.9680235403772851,0.948838747638228,0.9666050281283923,0.945983291455153,0.8333333333333334
developmental_synthetic,recovery_service_low,world_bottleneck-seed-267805246917825788,item_0004,0,0.9680235403772851,0.948838747638228,0.9666050281283923,0.945983291455153,0.8333333333333334
developmental_synthetic,recovery_service_low,world_bottleneck-seed-267805246917825788,item_0005,1,0.9680235403772851,0.948838747638228,0.9666050281283923,0.945983291455153,0.8333333333333334
developmental_synthetic,recovery_service_low,world_bottleneck-seed-267805246917825788,item_0006,0,0.9680235403772851,0.948838747638228,0.9666050281283923,0.945983291455153,0.8333333333333334
developmental_synthetic,recovery_service_low,world_bottleneck-seed-267805246917825788,item_0007,1,0.9680235403772851,0.948838747638228,0.9666050281283923,0.945983291455153,0.8333333333333334
developmental_synthetic,recovery_service_low,world_bottleneck-seed-267805246917825788,item_0008,0,0.9680235403772851,0.948838747638228,0.9666050281283923,0.945983291455153,0.8333333333333334
developmental_synthetic,recovery_service_low,world_bottleneck-seed-267805246917825788,item_0009,1,0.9680235403772851,0.948838747638228,0.9666050281283923,0.945983291455153,0.8333333333333334
developmental_synthetic,recovery_service_low,world_bottleneck-seed-267805246917825788,item_0010,0,0.9680235403772851,0.948838747638228,0.9666050281283923,0.945983291455153,0.8333333333333334
developmental_synthetic,recovery_service_low,world_bottleneck-seed-267805246917825788,item_0011,1,0.9680235403772851,0.948838747638228,0.9666050281283923,0.945983291455153,0.8333333333333334
developmental_synthetic,recovery_service_low,world_bottleneck-seed-267805246917825788,item_0012,0,0.9680235403772851,0.948838747638228,0.9666050281283923,0.945983291455153,0.8333333333333334
developmental_synthetic,recovery_service_low,world_bottleneck-seed-5323512391870954056,item_0001,1,0.9680235403772851,0.948838747638228,0.9666050281283923,0.945983291455153,0.8333333333333334
developmental_synthetic,recovery_service_low,world_bottleneck-seed-5323512391870954056,item_0002,1,0.9680235403772851,0.948838747638228,0.9666050281283923,0.945983291455153,0.8333333333333334
developmental_synthetic,recovery_service_low,world_bottleneck-seed-5323512391870954056,item_0003,1,0.9680235403772851,0.948838747638228,0.9666050281283923,0.945983291455153,0.8333333333333334
developmental_synthetic,recovery_service_low,world_bottleneck-seed-5323512391870954056,item_0004,1,0.9680235403772851,0.948838747638228,0.9666050281283923,0.945983291455153,0.8333333333333334
developmental_synthetic,recovery_service_low,world_bottleneck-seed-5323512391870954056,item_0005,1,0.9680235403772851,0.948838747638228,0.9666050281283923,0.945983291455153,0.8333333333333334
developmental_synthetic,recovery_service_low,world_bottleneck-seed-5323512391870954056,item_0006,1,0.9680235403772851,0.948838747638228,0.9666050281283923,0.945983291455153,0.8333333333333334
developmental_synthetic,recovery_service_low,world_bottleneck-seed-5323512391870954056,item_0007,1,0.9680235403772851,0.948838747638228,0.9666050281283923,0.945983291455153,0.8333333333333334
developmental_synthetic,recovery_service_low,world_bottleneck-seed-5323512391870954056,item_0008,1,0.9680235403772851,0.948838747638228,0.9666050281283923,0.945983291455153,0.8333333333333334
developmental_synthetic,recovery_service_low,world_bottleneck-seed-5323512391870954056,item_0009,1,0.9680235403772851,0.948838747638228,0.9666050281283923,0.945983291455153,0.8333333333333334
developmental_synthetic,recovery_service_low,world_bottleneck-seed-5323512391870954056,item_0010,1,0.9680235403772851,0.948838747638228,0.9666050281283923,0.945983291455153,0.8333333333333334
developmental_synthetic,recovery_service_low,world_bottleneck-seed-5323512391870954056,item_0011,1,0.9680235403772851,0.948838747638228,0.9666050281283923,0.945983291455153,0.8333333333333334
developmental_synthetic,recovery_service_low,world_bottleneck-seed-5323512391870954056,item_0012,1,0.9680235403772851,0.948838747638228,0.9666050281283923,0.945983291455153,0.8333333333333334
developmental_synthetic,recovery_service_low,world_bottleneck-seed-1172434494149480746,item_0001,1,0.9680235403772851,0.948838747638228,0.9666050281283923,0.945983291455153,0.8333333333333334
developmental_synthetic,recovery_service_low,world_bottleneck-seed-1172434494149480746,item_0002,0,0.9680235403772851,0.948838747638228,0.9666050281283923,0.945983291455153,0.8333333333333334
developmental_synthetic,recovery_service_low,world_bottleneck-seed-1172434494149480746,item_0003,0,0.9680235403772851,0.948838747638228,0.9666050281283923,0.945983291455153,0.8333333333333334
developmental_synthetic,recovery_service_low,world_bottleneck-seed-1172434494149480746,item_0004,0,0.9680235403772851,0.948838747638228,0.9666050281283923,0.945983291455153,0.8333333333333334
developmental_synthetic,recovery_service_low,world_bottleneck-seed-1172434494149480746,item_0005,0,0.9680235403772851,0.948838747638228,0.9666050281283923,0.945983291455153,0.8333333333333334
developmental_synthetic,recovery_service_low,world_bottleneck-seed-1172434494149480746,item_0006,0,0.9680235403772851,0.948838747638228,0.9666050281283923,0.945983291455153,0.8333333333333334
developmental_synthetic,recovery_service_low,world_bottleneck-seed-1172434494149480746,item_0007,1,0.9680235403772851,0.948838747638228,0.9666050281283923,0.945983291455153,0.8333333333333334
developmental_synthetic,recovery_service_low,world_bottleneck-seed-1172434494149480746,item_0008,0,0.9680235403772851,0.948838747638228,0.9666050281283923,0.945983291455153,0.8333333333333334
developmental_synthetic,recovery_service_low,world_bottleneck-seed-1172434494149480746,item_0009,1,0.9680235403772851,0.948838747638228,0.9666050281283923,0.945983291455153,0.8333333333333334
developmental_synthetic,recovery_service_low,world_bottleneck-seed-1172434494149480746,item_0010,0,0.9680235403772851,0.948838747638228,0.9666050281283923,0.945983291455153,0.8333333333333334
developmental_synthetic,recovery_service_low,world_bottleneck-seed-1172434494149480746,item_0011,1,0.9680235403772851,0.948838747638228,0.9666050281283923,0.945983291455153,0.8333333333333334
developmental_synthetic,recovery_service_low,world_bottleneck-seed-1172434494149480746,item_0012,0,0.9680235403772851,0.948838747638228,0.9666050281283923,0.945983291455153,0.8333333333333334
developmental_synthetic,recovery_service_low,world_bottleneck-seed-5726125126166933359,item_0001,1,0.9680235403772851,0.948838747638228,0.9666050281283923,0.945983291455153,0.8333333333333334
developmental_synthetic,recovery_service_low,world_bottleneck-seed-5726125126166933359,item_0002,1,0.9680235403772851,0.948838747638228,0.9666050281283923,0.945983291455153,0.8333333333333334
developmental_synthetic,recovery_service_low,world_bottleneck-seed-5726125126166933359,item_0003,1,0.9680235403772851,0.948838747638228,0.9666050281283923,0.945983291455153,0.8333333333333334
developmental_synthetic,recovery_service_low,world_bottleneck-seed-5726125126166933359,item_0004,1,0.9680235403772851,0.948838747638228,0.9666050281283923,0.945983291455153,0.8333333333333334
developmental_synthetic,recovery_service_low,world_bottleneck-seed-5726125126166933359,item_0005,1,0.9680235403772851,0.948838747638228,0.9666050281283923,0.945983291455153,0.8333333333333334
developmental_synthetic,recovery_service_low,world_bottleneck-seed-5726125126166933359,item_0006,1,0.9680235403772851,0.948838747638228,0.9666050281283923,0.945983291455153,0.8333333333333334
developmental_synthetic,recovery_service_low,world_bottleneck-seed-5726125126166933359,item_0007,1,0.9680235403772851,0.948838747638228,0.9666050281283923,0.945983291455153,0.8333333333333334
developmental_synthetic,recovery_service_low,world_bottleneck-seed-5726125126166933359,item_0008,1,0.9680235403772851,0.948838747638228,0.9666050281283923,0.945983291455153,0.8333333333333334
developmental_synthetic,recovery_service_low,world_bottleneck-seed-5726125126166933359,item_0009,1,0.9680235403772851,0.948838747638228,0.9666050281283923,0.945983291455153,0.8333333333333334
developmental_synthetic,recovery_service_low,world_bottleneck-seed-5726125126166933359,item_0010,1,0.9680235403772851,0.948838747638228,0.9666050281283923,0.945983291455153,0.8333333333333334
developmental_synthetic,recovery_service_low,world_bottleneck-seed-5726125126166933359,item_0011,1,0.9680235403772851,0.948838747638228,0.9666050281283923,0.945983291455153,0.8333333333333334
developmental_synthetic,recovery_service_low,world_bottleneck-seed-5726125126166933359,item_0012,1,0.9680235403772851,0.948838747638228,0.9666050281283923,0.945983291455153,0.8333333333333334
developmental_synthetic,recovery_service_low,world_bottleneck-seed-319014136358887567,item_0001,1,0.9680235403772851,0.948838747638228,0.9666050281283923,0.945983291455153,0.8333333333333334
developmental_synthetic,recovery_service_low,world_bottleneck-seed-319014136358887567,item_0002,1,0.9680235403772851,0.948838747638228,0.9666050281283923,0.945983291455153,0.8333333333333334
developmental_synthetic,recovery_service_low,world_bottleneck-seed-319014136358887567,item_0003,1,0.9680235403772851,0.948838747638228,0.9666050281283923,0.945983291455153,0.8333333333333334
developmental_synthetic,recovery_service_low,world_bottleneck-seed-319014136358887567,item_0004,1,0.9680235403772851,0.948838747638228,0.9666050281283923,0.945983291455153,0.8333333333333334
developmental_synthetic,recovery_service_low,world_bottleneck-seed-319014136358887567,item_0005,1,0.9680235403772851,0.948838747638228,0.9666050281283923,0.945983291455153,0.8333333333333334
developmental_synthetic,recovery_service_low,world_bottleneck-seed-319014136358887567,item_0006,1,0.9680235403772851,0.948838747638228,0.9666050281283923,0.945983291455153,0.8333333333333334
developmental_synthetic,recovery_service_low,world_bottleneck-seed-319014136358887567,item_0007,1,0.9680235403772851,0.948838747638228,0.9666050281283923,0.945983291455153,0.8333333333333334
developmental_synthetic,recovery_service_low,world_bottleneck-seed-319014136358887567,item_0008,1,0.9680235403772851,0.948838747638228,0.9666050281283923,0.945983291455153,0.8333333333333334
developmental_synthetic,recovery_service_low,world_bottleneck-seed-319014136358887567,item_0009,1,0.9680235403772851,0.948838747638228,0.9666050281283923,0.945983291455153,0.8333333333333334
developmental_synthetic,recovery_service_low,world_bottleneck-seed-319014136358887567,item_0010,1,0.9680235403772851,0.948838747638228,0.9666050281283923,0.945983291455153,0.8333333333333334
developmental_synthetic,recovery_service_low,world_bottleneck-seed-319014136358887567,item_0011,1,0.9680235403772851,0.948838747638228,0.9666050281283923,0.945983291455153,0.8333333333333334
developmental_synthetic,recovery_service_low,world_bottleneck-seed-319014136358887567,item_0012,0,0.9680235403772851,0.948838747638228,0.9666050281283923,0.945983291455153,0.8333333333333334
developmental_synthetic,recovery_service_low,world_bottleneck-seed-3209872604180264923,item_0001,1,0.9680235403772851,0.948838747638228,0.9666050281283923,0.945983291455153,0.8333333333333334
developmental_synthetic,recovery_service_low,world_bottleneck-seed-3209872604180264923,item_0002,1,0.9680235403772851,0.948838747638228,0.9666050281283923,0.945983291455153,0.8333333333333334
developmental_synthetic,recovery_service_low,world_bottleneck-seed-3209872604180264923,item_0003,1,0.9680235403772851,0.948838747638228,0.9666050281283923,0.945983291455153,0.8333333333333334
developmental_synthetic,recovery_service_low,world_bottleneck-seed-3209872604180264923,item_0004,1,0.9680235403772851,0.948838747638228,0.9666050281283923,0.945983291455153,0.8333333333333334
developmental_synthetic,recovery_service_low,world_bottleneck-seed-3209872604180264923,item_0005,1,0.9680235403772851,0.948838747638228,0.9666050281283923,0.945983291455153,0.8333333333333334
developmental_synthetic,recovery_service_low,world_bottleneck-seed-3209872604180264923,item_0006,1,0.9680235403772851,0.948838747638228,0.9666050281283923,0.945983291455153,0.8333333333333334
developmental_synthetic,recovery_service_low,world_bottleneck-seed-3209872604180264923,item_0007,1,0.9680235403772851,0.948838747638228,0.9666050281283923,0.945983291455153,0.8333333333333334
developmental_synthetic,recovery_service_low,world_bottleneck-seed-3209872604180264923,item_0008,1,0.9680235403772851,0.948838747638228,0.9666050281283923,0.945983291455153,0.8333333333333334
developmental_synthetic,recovery_service_low,world_bottleneck-seed-3209872604180264923,item_0009,1,0.9680235403772851,0.948838747638228,0.9666050281283923,0.945983291455153,0.8333333333333334
developmental_synthetic,recovery_service_low,world_bottleneck-seed-3209872604180264923,item_0010,1,0.9680235403772851,0.948838747638228,0.9666050281283923,0.945983291455153,0.8333333333333334
developmental_synthetic,recovery_service_low,world_bottleneck-seed-3209872604180264923,item_0011,1,0.9680235403772851,0.948838747638228,0.9666050281283923,0.945983291455153,0.8333333333333334
developmental_synthetic,recovery_service_low,world_bottleneck-seed-3209872604180264923,item_0012,1,0.9680235403772851,0.948838747638228,0.9666050281283923,0.945983291455153,0.8333333333333334
developmental_synthetic,recovery_service_low,world_bottleneck-seed-6784579373204956173,item_0001,1,0.9680235403772851,0.948838747638228,0.9666050281283923,0.945983291455153,0.8333333333333334
developmental_synthetic,recovery_service_low,world_bottleneck-seed-6784579373204956173,item_0002,0,0.9680235403772851,0.948838747638228,0.9666050281283923,0.945983291455153,0.8333333333333334
developmental_synthetic,recovery_service_low,world_bottleneck-seed-6784579373204956173,item_0003,1,0.9680235403772851,0.948838747638228,0.9666050281283923,0.945983291455153,0.8333333333333334
developmental_synthetic,recovery_service_low,world_bottleneck-seed-6784579373204956173,item_0004,0,0.9680235403772851,0.948838747638228,0.9666050281283923,0.945983291455153,0.8333333333333334
developmental_synthetic,recovery_service_low,world_bottleneck-seed-6784579373204956173,item_0005,1,0.9680235403772851,0.948838747638228,0.9666050281283923,0.945983291455153,0.8333333333333334
developmental_synthetic,recovery_service_low,world_bottleneck-seed-6784579373204956173,item_0006,0,0.9680235403772851,0.948838747638228,0.9666050281283923,0.945983291455153,0.8333333333333334
developmental_synthetic,recovery_service_low,world_bottleneck-seed-6784579373204956173,item_0007,1,0.9680235403772851,0.948838747638228,0.9666050281283923,0.945983291455153,0.8333333333333334
developmental_synthetic,recovery_service_low,world_bottleneck-seed-6784579373204956173,item_0008,0,0.9680235403772851,0.948838747638228,0.9666050281283923,0.945983291455153,0.8333333333333334
developmental_synthetic,recovery_service_low,world_bottleneck-seed-6784579373204956173,item_0009,0,0.9680235403772851,0.948838747638228,0.9666050281283923,0.945983291455153,0.8333333333333334
developmental_synthetic,recovery_service_low,world_bottleneck-seed-6784579373204956173,item_0010,0,0.9680235403772851,0.948838747638228,0.9666050281283923,0.945983291455153,0.8333333333333334
developmental_synthetic,recovery_service_low,world_bottleneck-seed-6784579373204956173,item_0011,1,0.9680235403772851,0.948838747638228,0.9666050281283923,0.945983291455153,0.8333333333333334
developmental_synthetic,recovery_service_low,world_bottleneck-seed-6784579373204956173,item_0012,0,0.9680235403772851,0.948838747638228,0.9666050281283923,0.945983291455153,0.8333333333333334
developmental_synthetic,recovery_service_low,world_bottleneck-seed-4191090533071896547,item_0001,1,0.9680235403772851,0.948838747638228,0.9666050281283923,0.945983291455153,0.8333333333333334
developmental_synthetic,recovery_service_low,world_bottleneck-seed-4191090533071896547,item_0002,0,0.9680235403772851,0.948838747638228,0.9666050281283923,0.945983291455153,0.8333333333333334
developmental_synthetic,recovery_service_low,world_bottleneck-seed-4191090533071896547,item_0003,1,0.9680235403772851,0.948838747638228,0.9666050281283923,0.945983291455153,0.8333333333333334
developmental_synthetic,recovery_service_low,world_bottleneck-seed-4191090533071896547,item_0004,1,0.9680235403772851,0.948838747638228,0.9666050281283923,0.945983291455153,0.8333333333333334
developmental_synthetic,recovery_service_low,world_bottleneck-seed-4191090533071896547,item_0005,1,0.9680235403772851,0.948838747638228,0.9666050281283923,0.945983291455153,0.8333333333333334
developmental_synthetic,recovery_service_low,world_bottleneck-seed-4191090533071896547,item_0006,1,0.9680235403772851,0.948838747638228,0.9666050281283923,0.945983291455153,0.8333333333333334
developmental_synthetic,recovery_service_low,world_bottleneck-seed-4191090533071896547,item_0007,1,0.9680235403772851,0.948838747638228,0.9666050281283923,0.945983291455153,0.8333333333333334
developmental_synthetic,recovery_service_low,world_bottleneck-seed-4191090533071896547,item_0008,1,0.9680235403772851,0.948838747638228,0.9666050281283923,0.945983291455153,0.8333333333333334
developmental_synthetic,recovery_service_low,world_bottleneck-seed-4191090533071896547,item_0009,1,0.9680235403772851,0.948838747638228,0.9666050281283923,0.945983291455153,0.8333333333333334
developmental_synthetic,recovery_service_low,world_bottleneck-seed-4191090533071896547,item_0010,1,0.9680235403772851,0.948838747638228,0.9666050281283923,0.945983291455153,0.8333333333333334
developmental_synthetic,recovery_service_low,world_bottleneck-seed-4191090533071896547,item_0011,1,0.9680235403772851,0.948838747638228,0.9666050281283923,0.945983291455153,0.8333333333333334
developmental_synthetic,recovery_service_low,world_bottleneck-seed-4191090533071896547,item_0012,1,0.9680235403772851,0.948838747638228,0.9666050281283923,0.945983291455153,0.8333333333333334
developmental_synthetic,recovery_service_low,world_bottleneck-seed-9117653556647870869,item_0001,1,0.9680235403772851,0.948838747638228,0.9666050281283923,0.945983291455153,0.8333333333333334
developmental_synthetic,recovery_service_low,world_bottleneck-seed-9117653556647870869,item_0002,0,0.9680235403772851,0.948838747638228,0.9666050281283923,0.945983291455153,0.8333333333333334
developmental_synthetic,recovery_service_low,world_bottleneck-seed-9117653556647870869,item_0003,0,0.9680235403772851,0.948838747638228,0.9666050281283923,0.945983291455153,0.8333333333333334
developmental_synthetic,recovery_service_low,world_bottleneck-seed-9117653556647870869,item_0004,0,0.9680235403772851,0.948838747638228,0.9666050281283923,0.945983291455153,0.8333333333333334
developmental_synthetic,recovery_service_low,world_bottleneck-seed-9117653556647870869,item_0005,1,0.9680235403772851,0.948838747638228,0.9666050281283923,0.945983291455153,0.8333333333333334
developmental_synthetic,recovery_service_low,world_bottleneck-seed-9117653556647870869,item_0006,0,0.9680235403772851,0.948838747638228,0.9666050281283923,0.945983291455153,0.8333333333333334
developmental_synthetic,recovery_service_low,world_bottleneck-seed-9117653556647870869,item_0007,1,0.9680235403772851,0.948838747638228,0.9666050281283923,0.945983291455153,0.8333333333333334
developmental_synthetic,recovery_service_low,world_bottleneck-seed-9117653556647870869,item_0008,0,0.9680235403772851,0.948838747638228,0.9666050281283923,0.945983291455153,0.8333333333333334
developmental_synthetic,recovery_service_low,world_bottleneck-seed-9117653556647870869,item_0009,1,0.9680235403772851,0.948838747638228,0.9666050281283923,0.945983291455153,0.8333333333333334
developmental_synthetic,recovery_service_low,world_bottleneck-seed-9117653556647870869,item_0010,0,0.9680235403772851,0.948838747638228,0.9666050281283923,0.945983291455153,0.8333333333333334
developmental_synthetic,recovery_service_low,world_bottleneck-seed-9117653556647870869,item_0011,1,0.9680235403772851,0.948838747638228,0.9666050281283923,0.945983291455153,0.8333333333333334
developmental_synthetic,recovery_service_low,world_bottleneck-seed-9117653556647870869,item_0012,0,0.9680235403772851,0.948838747638228,0.9666050281283923,0.945983291455153,0.8333333333333334
developmental_synthetic,recovery_service_low,world_bottleneck-seed-8669772086981772072,item_0001,1,0.9680235403772851,0.948838747638228,0.9666050281283923,0.945983291455153,0.8333333333333334
developmental_synthetic,recovery_service_low,world_bottleneck-seed-8669772086981772072,item_0002,1,0.9680235403772851,0.948838747638228,0.9666050281283923,0.945983291455153,0.8333333333333334
developmental_synthetic,recovery_service_low,world_bottleneck-seed-8669772086981772072,item_0003,1,0.9680235403772851,0.948838747638228,0.9666050281283923,0.945983291455153,0.8333333333333334
developmental_synthetic,recovery_service_low,world_bottleneck-seed-8669772086981772072,item_0004,1,0.9680235403772851,0.948838747638228,0.9666050281283923,0.945983291455153,0.8333333333333334
developmental_synthetic,recovery_service_low,world_bottleneck-seed-8669772086981772072,item_0005,1,0.9680235403772851,0.948838747638228,0.9666050281283923,0.945983291455153,0.8333333333333334
developmental_synthetic,recovery_service_low,world_bottleneck-seed-8669772086981772072,item_0006,1,0.9680235403772851,0.948838747638228,0.9666050281283923,0.945983291455153,0.8333333333333334
developmental_synthetic,recovery_service_low,world_bottleneck-seed-8669772086981772072,item_0007,1,0.9680235403772851,0.948838747638228,0.9666050281283923,0.945983291455153,0.8333333333333334
developmental_synthetic,recovery_service_low,world_bottleneck-seed-8669772086981772072,item_0008,1,0.9680235403772851,0.948838747638228,0.9666050281283923,0.945983291455153,0.8333333333333334
developmental_synthetic,recovery_service_low,world_bottleneck-seed-8669772086981772072,item_0009,1,0.9680235403772851,0.948838747638228,0.9666050281283923,0.945983291455153,0.8333333333333334
developmental_synthetic,recovery_service_low,world_bottleneck-seed-8669772086981772072,item_0010,1,0.9680235403772851,0.948838747638228,0.9666050281283923,0.945983291455153,0.8333333333333334
developmental_synthetic,recovery_service_low,world_bottleneck-seed-8669772086981772072,item_0011,1,0.9680235403772851,0.948838747638228,0.9666050281283923,0.945983291455153,0.8333333333333334
developmental_synthetic,recovery_service_low,world_bottleneck-seed-8669772086981772072,item_0012,1,0.9680235403772851,0.948838747638228,0.9666050281283923,0.945983291455153,0.8333333333333334
developmental_synthetic,recovery_service_low,world_bottleneck-seed-3353631954069894546,item_0001,1,0.9680235403772851,0.948838747638228,0.9666050281283923,0.945983291455153,0.8333333333333334
developmental_synthetic,recovery_service_low,world_bottleneck-seed-3353631954069894546,item_0002,1,0.9680235403772851,0.948838747638228,0.9666050281283923,0.945983291455153,0.8333333333333334
developmental_synthetic,recovery_service_low,world_bottleneck-seed-3353631954069894546,item_0003,1,0.9680235403772851,0.948838747638228,0.9666050281283923,0.945983291455153,0.8333333333333334
developmental_synthetic,recovery_service_low,world_bottleneck-seed-3353631954069894546,item_0004,1,0.9680235403772851,0.948838747638228,0.9666050281283923,0.945983291455153,0.8333333333333334
developmental_synthetic,recovery_service_low,world_bottleneck-seed-3353631954069894546,item_0005,1,0.9680235403772851,0.948838747638228,0.9666050281283923,0.945983291455153,0.8333333333333334
developmental_synthetic,recovery_service_low,world_bottleneck-seed-3353631954069894546,item_0006,1,0.9680235403772851,0.948838747638228,0.9666050281283923,0.945983291455153,0.8333333333333334
developmental_synthetic,recovery_service_low,world_bottleneck-seed-3353631954069894546,item_0007,1,0.9680235403772851,0.948838747638228,0.9666050281283923,0.945983291455153,0.8333333333333334
developmental_synthetic,recovery_service_low,world_bottleneck-seed-3353631954069894546,item_0008,1,0.9680235403772851,0.948838747638228,0.9666050281283923,0.945983291455153,0.8333333333333334
developmental_synthetic,recovery_service_low,world_bottleneck-seed-3353631954069894546,item_0009,1,0.9680235403772851,0.948838747638228,0.9666050281283923,0.945983291455153,0.8333333333333334
developmental_synthetic,recovery_service_low,world_bottleneck-seed-3353631954069894546,item_0010,1,0.9680235403772851,0.948838747638228,0.9666050281283923,0.945983291455153,0.8333333333333334
developmental_synthetic,recovery_service_low,world_bottleneck-seed-3353631954069894546,item_0011,1,0.9680235403772851,0.948838747638228,0.9666050281283923,0.945983291455153,0.8333333333333334
developmental_synthetic,recovery_service_low,world_bottleneck-seed-3353631954069894546,item_0012,1,0.9680235403772851,0.948838747638228,0.9666050281283923,0.945983291455153,0.8333333333333334
developmental_synthetic,recovery_service_low,world_bottleneck-seed-9078621501550203399,item_0001,0,0.9680235403772851,0.948838747638228,0.9666050281283923,0.945983291455153,0.8333333333333334
developmental_synthetic,recovery_service_low,world_bottleneck-seed-9078621501550203399,item_0002,0,0.9680235403772851,0.948838747638228,0.9666050281283923,0.945983291455153,0.8333333333333334
developmental_synthetic,recovery_service_low,world_bottleneck-seed-9078621501550203399,item_0003,1,0.9680235403772851,0.948838747638228,0.9666050281283923,0.945983291455153,0.8333333333333334
developmental_synthetic,recovery_service_low,world_bottleneck-seed-9078621501550203399,item_0004,0,0.9680235403772851,0.948838747638228,0.9666050281283923,0.945983291455153,0.8333333333333334
developmental_synthetic,recovery_service_low,world_bottleneck-seed-9078621501550203399,item_0005,1,0.9680235403772851,0.948838747638228,0.9666050281283923,0.945983291455153,0.8333333333333334
developmental_synthetic,recovery_service_low,world_bottleneck-seed-9078621501550203399,item_0006,0,0.9680235403772851,0.948838747638228,0.9666050281283923,0.945983291455153,0.8333333333333334
developmental_synthetic,recovery_service_low,world_bottleneck-seed-9078621501550203399,item_0007,0,0.9680235403772851,0.948838747638228,0.9666050281283923,0.945983291455153,0.8333333333333334
developmental_synthetic,recovery_service_low,world_bottleneck-seed-9078621501550203399,item_0008,0,0.9680235403772851,0.948838747638228,0.9666050281283923,0.945983291455153,0.8333333333333334
developmental_synthetic,recovery_service_low,world_bottleneck-seed-9078621501550203399,item_0009,1,0.9680235403772851,0.948838747638228,0.9666050281283923,0.945983291455153,0.8333333333333334
developmental_synthetic,recovery_service_low,world_bottleneck-seed-9078621501550203399,item_0010,0,0.9680235403772851,0.948838747638228,0.9666050281283923,0.945983291455153,0.8333333333333334
developmental_synthetic,recovery_service_low,world_bottleneck-seed-9078621501550203399,item_0011,1,0.9680235403772851,0.948838747638228,0.9666050281283923,0.945983291455153,0.8333333333333334
developmental_synthetic,recovery_service_low,world_bottleneck-seed-9078621501550203399,item_0012,0,0.9680235403772851,0.948838747638228,0.9666050281283923,0.945983291455153,0.8333333333333334
developmental_synthetic,recovery_service_low,world_bottleneck-seed-2232509440464157497,item_0001,1,0.9680235403772851,0.948838747638228,0.9666050281283923,0.945983291455153,0.8333333333333334
developmental_synthetic,recovery_service_low,world_bottleneck-seed-2232509440464157497,item_0002,1,0.9680235403772851,0.948838747638228,0.9666050281283923,0.945983291455153,0.8333333333333334
developmental_synthetic,recovery_service_low,world_bottleneck-seed-2232509440464157497,item_0003,1,0.9680235403772851,0.948838747638228,0.9666050281283923,0.945983291455153,0.8333333333333334
developmental_synthetic,recovery_service_low,world_bottleneck-seed-2232509440464157497,item_0004,1,0.9680235403772851,0.948838747638228,0.9666050281283923,0.945983291455153,0.8333333333333334
developmental_synthetic,recovery_service_low,world_bottleneck-seed-2232509440464157497,item_0005,1,0.9680235403772851,0.948838747638228,0.9666050281283923,0.945983291455153,0.8333333333333334
developmental_synthetic,recovery_service_low,world_bottleneck-seed-2232509440464157497,item_0006,1,0.9680235403772851,0.948838747638228,0.9666050281283923,0.945983291455153,0.8333333333333334
developmental_synthetic,recovery_service_low,world_bottleneck-seed-2232509440464157497,item_0007,1,0.9680235403772851,0.948838747638228,0.9666050281283923,0.945983291455153,0.8333333333333334
developmental_synthetic,recovery_service_low,world_bottleneck-seed-2232509440464157497,item_0008,1,0.9680235403772851,0.948838747638228,0.9666050281283923,0.945983291455153,0.8333333333333334
developmental_synthetic,recovery_service_low,world_bottleneck-seed-2232509440464157497,item_0009,1,0.9680235403772851,0.948838747638228,0.9666050281283923,0.945983291455153,0.8333333333333334
developmental_synthetic,recovery_service_low,world_bottleneck-seed-2232509440464157497,item_0010,1,0.9680235403772851,0.948838747638228,0.9666050281283923,0.945983291455153,0.8333333333333334
developmental_synthetic,recovery_service_low,world_bottleneck-seed-2232509440464157497,item_0011,1,0.9680235403772851,0.948838747638228,0.9666050281283923,0.945983291455153,0.8333333333333334
developmental_synthetic,recovery_service_low,world_bottleneck-seed-2232509440464157497,item_0012,1,0.9680235403772851,0.948838747638228,0.9666050281283923,0.945983291455153,0.8333333333333334
developmental_synthetic,recovery_service_low,world_bottleneck-seed-1318810389743050509,item_0001,1,0.9680235403772851,0.948838747638228,0.9666050281283923,0.945983291455153,0.8333333333333334
developmental_synthetic,recovery_service_low,world_bottleneck-seed-1318810389743050509,item_0002,1,0.9680235403772851,0.948838747638228,0.9666050281283923,0.945983291455153,0.8333333333333334
developmental_synthetic,recovery_service_low,world_bottleneck-seed-1318810389743050509,item_0003,1,0.9680235403772851,0.948838747638228,0.9666050281283923,0.945983291455153,0.8333333333333334
developmental_synthetic,recovery_service_low,world_bottleneck-seed-1318810389743050509,item_0004,1,0.9680235403772851,0.948838747638228,0.9666050281283923,0.945983291455153,0.8333333333333334
developmental_synthetic,recovery_service_low,world_bottleneck-seed-1318810389743050509,item_0005,1,0.9680235403772851,0.948838747638228,0.9666050281283923,0.945983291455153,0.8333333333333334
developmental_synthetic,recovery_service_low,world_bottleneck-seed-1318810389743050509,item_0006,1,0.9680235403772851,0.948838747638228,0.9666050281283923,0.945983291455153,0.8333333333333334
developmental_synthetic,recovery_service_low,world_bottleneck-seed-1318810389743050509,item_0007,1,0.9680235403772851,0.948838747638228,0.9666050281283923,0.945983291455153,0.8333333333333334
developmental_synthetic,recovery_service_low,world_bottleneck-seed-1318810389743050509,item_0008,1,0.9680235403772851,0.948838747638228,0.9666050281283923,0.945983291455153,0.8333333333333334
developmental_synthetic,recovery_service_low,world_bottleneck-seed-1318810389743050509,item_0009,1,0.9680235403772851,0.948838747638228,0.9666050281283923,0.945983291455153,0.8333333333333334
developmental_synthetic,recovery_service_low,world_bottleneck-seed-1318810389743050509,item_0010,1,0.9680235403772851,0.948838747638228,0.9666050281283923,0.945983291455153,0.8333333333333334
developmental_synthetic,recovery_service_low,world_bottleneck-seed-1318810389743050509,item_0011,1,0.9680235403772851,0.948838747638228,0.9666050281283923,0.945983291455153,0.8333333333333334
developmental_synthetic,recovery_service_low,world_bottleneck-seed-1318810389743050509,item_0012,1,0.9680235403772851,0.948838747638228,0.9666050281283923,0.945983291455153,0.8333333333333334
developmental_synthetic,recovery_service_low,world_bottleneck-seed-2672526422288897444,item_0001,1,0.9680235403772851,0.948838747638228,0.9666050281283923,0.945983291455153,0.8333333333333334
developmental_synthetic,recovery_service_low,world_bottleneck-seed-2672526422288897444,item_0002,1,0.9680235403772851,0.948838747638228,0.9666050281283923,0.945983291455153,0.8333333333333334
developmental_synthetic,recovery_service_low,world_bottleneck-seed-2672526422288897444,item_0003,1,0.9680235403772851,0.948838747638228,0.9666050281283923,0.945983291455153,0.8333333333333334
developmental_synthetic,recovery_service_low,world_bottleneck-seed-2672526422288897444,item_0004,1,0.9680235403772851,0.948838747638228,0.9666050281283923,0.945983291455153,0.8333333333333334
developmental_synthetic,recovery_service_low,world_bottleneck-seed-2672526422288897444,item_0005,1,0.9680235403772851,0.948838747638228,0.9666050281283923,0.945983291455153,0.8333333333333334
developmental_synthetic,recovery_service_low,world_bottleneck-seed-2672526422288897444,item_0006,1,0.9680235403772851,0.948838747638228,0.9666050281283923,0.945983291455153,0.8333333333333334
developmental_synthetic,recovery_service_low,world_bottleneck-seed-2672526422288897444,item_0007,1,0.9680235403772851,0.948838747638228,0.9666050281283923,0.945983291455153,0.8333333333333334
developmental_synthetic,recovery_service_low,world_bottleneck-seed-2672526422288897444,item_0008,1,0.9680235403772851,0.948838747638228,0.9666050281283923,0.945983291455153,0.8333333333333334
developmental_synthetic,recovery_service_low,world_bottleneck-seed-2672526422288897444,item_0009,1,0.9680235403772851,0.948838747638228,0.9666050281283923,0.945983291455153,0.8333333333333334
developmental_synthetic,recovery_service_low,world_bottleneck-seed-2672526422288897444,item_0010,1,0.9680235403772851,0.948838747638228,0.9666050281283923,0.945983291455153,0.8333333333333334
developmental_synthetic,recovery_service_low,world_bottleneck-seed-2672526422288897444,item_0011,1,0.9680235403772851,0.948838747638228,0.9666050281283923,0.945983291455153,0.8333333333333334
developmental_synthetic,recovery_service_low,world_bottleneck-seed-2672526422288897444,item_0012,1,0.9680235403772851,0.948838747638228,0.9666050281283923,0.945983291455153,0.8333333333333334
developmental_synthetic,recovery_service_low,world_bottleneck-seed-2184401695212112810,item_0001,1,0.9680235403772851,0.948838747638228,0.9666050281283923,0.945983291455153,0.8333333333333334
developmental_synthetic,recovery_service_low,world_bottleneck-seed-2184401695212112810,item_0002,1,0.9680235403772851,0.948838747638228,0.9666050281283923,0.945983291455153,0.8333333333333334
developmental_synthetic,recovery_service_low,world_bottleneck-seed-2184401695212112810,item_0003,1,0.9680235403772851,0.948838747638228,0.9666050281283923,0.945983291455153,0.8333333333333334
developmental_synthetic,recovery_service_low,world_bottleneck-seed-2184401695212112810,item_0004,1,0.9680235403772851,0.948838747638228,0.9666050281283923,0.945983291455153,0.8333333333333334
developmental_synthetic,recovery_service_low,world_bottleneck-seed-2184401695212112810,item_0005,1,0.9680235403772851,0.948838747638228,0.9666050281283923,0.945983291455153,0.8333333333333334
developmental_synthetic,recovery_service_low,world_bottleneck-seed-2184401695212112810,item_0006,1,0.9680235403772851,0.948838747638228,0.9666050281283923,0.945983291455153,0.8333333333333334
developmental_synthetic,recovery_service_low,world_bottleneck-seed-2184401695212112810,item_0007,1,0.9680235403772851,0.948838747638228,0.9666050281283923,0.945983291455153,0.8333333333333334
developmental_synthetic,recovery_service_low,world_bottleneck-seed-2184401695212112810,item_0008,1,0.9680235403772851,0.948838747638228,0.9666050281283923,0.945983291455153,0.8333333333333334
developmental_synthetic,recovery_service_low,world_bottleneck-seed-2184401695212112810,item_0009,1,0.9680235403772851,0.948838747638228,0.9666050281283923,0.945983291455153,0.8333333333333334
developmental_synthetic,recovery_service_low,world_bottleneck-seed-2184401695212112810,item_0010,1,0.9680235403772851,0.948838747638228,0.9666050281283923,0.945983291455153,0.8333333333333334
developmental_synthetic,recovery_service_low,world_bottleneck-seed-2184401695212112810,item_0011,1,0.9680235403772851,0.948838747638228,0.9666050281283923,0.945983291455153,0.8333333333333334
developmental_synthetic,recovery_service_low,world_bottleneck-seed-2184401695212112810,item_0012,1,0.9680235403772851,0.948838747638228,0.9666050281283923,0.945983291455153,0.8333333333333334
developmental_synthetic,recovery_service_high,world_bottleneck-seed-4594190432599945735,item_0001,1,0.9680235403772851,0.948838747638228,0.9666050281283923,0.945983291455153,0.84375
developmental_synthetic,recovery_service_high,world_bottleneck-seed-4594190432599945735,item_0002,0,0.9680235403772851,0.948838747638228,0.9666050281283923,0.945983291455153,0.84375
developmental_synthetic,recovery_service_high,world_bottleneck-seed-4594190432599945735,item_0003,1,0.9680235403772851,0.948838747638228,0.9666050281283923,0.945983291455153,0.84375
developmental_synthetic,recovery_service_high,world_bottleneck-seed-4594190432599945735,item_0004,0,0.9680235403772851,0.948838747638228,0.9666050281283923,0.945983291455153,0.84375
developmental_synthetic,recovery_service_high,world_bottleneck-seed-4594190432599945735,item_0005,1,0.9680235403772851,0.948838747638228,0.9666050281283923,0.945983291455153,0.84375
developmental_synthetic,recovery_service_high,world_bottleneck-seed-4594190432599945735,item_0006,0,0.9680235403772851,0.948838747638228,0.9666050281283923,0.945983291455153,0.84375
developmental_synthetic,recovery_service_high,world_bottleneck-seed-4594190432599945735,item_0007,1,0.9680235403772851,0.948838747638228,0.9666050281283923,0.945983291455153,0.84375
developmental_synthetic,recovery_service_high,world_bottleneck-seed-4594190432599945735,item_0008,0,0.9680235403772851,0.948838747638228,0.9666050281283923,0.945983291455153,0.84375
developmental_synthetic,recovery_service_high,world_bottleneck-seed-4594190432599945735,item_0009,0,0.9680235403772851,0.948838747638228,0.9666050281283923,0.945983291455153,0.84375
developmental_synthetic,recovery_service_high,world_bottleneck-seed-4594190432599945735,item_0010,0,0.9680235403772851,0.948838747638228,0.9666050281283923,0.945983291455153,0.84375
developmental_synthetic,recovery_service_high,world_bottleneck-seed-4594190432599945735,item_0011,1,0.9680235403772851,0.948838747638228,0.9666050281283923,0.945983291455153,0.84375
developmental_synthetic,recovery_service_high,world_bottleneck-seed-4594190432599945735,item_0012,0,0.9680235403772851,0.948838747638228,0.9666050281283923,0.945983291455153,0.84375
developmental_synthetic,recovery_service_high,world_bottleneck-seed-8166473292603767607,item_0001,1,0.9680235403772851,0.948838747638228,0.9666050281283923,0.945983291455153,0.84375
developmental_synthetic,recovery_service_high,world_bottleneck-seed-8166473292603767607,item_0002,1,0.9680235403772851,0.948838747638228,0.9666050281283923,0.945983291455153,0.84375
developmental_synthetic,recovery_service_high,world_bottleneck-seed-8166473292603767607,item_0003,1,0.9680235403772851,0.948838747638228,0.9666050281283923,0.945983291455153,0.84375
developmental_synthetic,recovery_service_high,world_bottleneck-seed-8166473292603767607,item_0004,1,0.9680235403772851,0.948838747638228,0.9666050281283923,0.945983291455153,0.84375
developmental_synthetic,recovery_service_high,world_bottleneck-seed-8166473292603767607,item_0005,1,0.9680235403772851,0.948838747638228,0.9666050281283923,0.945983291455153,0.84375
developmental_synthetic,recovery_service_high,world_bottleneck-seed-8166473292603767607,item_0006,1,0.9680235403772851,0.948838747638228,0.9666050281283923,0.945983291455153,0.84375
developmental_synthetic,recovery_service_high,world_bottleneck-seed-8166473292603767607,item_0007,1,0.9680235403772851,0.948838747638228,0.9666050281283923,0.945983291455153,0.84375
developmental_synthetic,recovery_service_high,world_bottleneck-seed-8166473292603767607,item_0008,1,0.9680235403772851,0.948838747638228,0.9666050281283923,0.945983291455153,0.84375
developmental_synthetic,recovery_service_high,world_bottleneck-seed-8166473292603767607,item_0009,1,0.9680235403772851,0.948838747638228,0.9666050281283923,0.945983291455153,0.84375
developmental_synthetic,recovery_service_high,world_bottleneck-seed-8166473292603767607,item_0010,1,0.9680235403772851,0.948838747638228,0.9666050281283923,0.945983291455153,0.84375
developmental_synthetic,recovery_service_high,world_bottleneck-seed-8166473292603767607,item_0011,1,0.9680235403772851,0.948838747638228,0.9666050281283923,0.945983291455153,0.84375
developmental_synthetic,recovery_service_high,world_bottleneck-seed-8166473292603767607,item_0012,1,0.9680235403772851,0.948838747638228,0.9666050281283923,0.945983291455153,0.84375
developmental_synthetic,recovery_service_high,world_bottleneck-seed-4170565587130884155,item_0001,1,0.9680235403772851,0.948838747638228,0.9666050281283923,0.945983291455153,0.84375
developmental_synthetic,recovery_service_high,world_bottleneck-seed-4170565587130884155,item_0002,1,0.9680235403772851,0.948838747638228,0.9666050281283923,0.945983291455153,0.84375
developmental_synthetic,recovery_service_high,world_bottleneck-seed-4170565587130884155,item_0003,1,0.9680235403772851,0.948838747638228,0.9666050281283923,0.945983291455153,0.84375
developmental_synthetic,recovery_service_high,world_bottleneck-seed-4170565587130884155,item_0004,1,0.9680235403772851,0.948838747638228,0.9666050281283923,0.945983291455153,0.84375
developmental_synthetic,recovery_service_high,world_bottleneck-seed-4170565587130884155,item_0005,1,0.9680235403772851,0.948838747638228,0.9666050281283923,0.945983291455153,0.84375
developmental_synthetic,recovery_service_high,world_bottleneck-seed-4170565587130884155,item_0006,1,0.9680235403772851,0.948838747638228,0.9666050281283923,0.945983291455153,0.84375
developmental_synthetic,recovery_service_high,world_bottleneck-seed-4170565587130884155,item_0007,1,0.9680235403772851,0.948838747638228,0.9666050281283923,0.945983291455153,0.84375
developmental_synthetic,recovery_service_high,world_bottleneck-seed-4170565587130884155,item_0008,1,0.9680235403772851,0.948838747638228,0.9666050281283923,0.945983291455153,0.84375
developmental_synthetic,recovery_service_high,world_bottleneck-seed-4170565587130884155,item_0009,1,0.9680235403772851,0.948838747638228,0.9666050281283923,0.945983291455153,0.84375
developmental_synthetic,recovery_service_high,world_bottleneck-seed-4170565587130884155,item_0010,0,0.9680235403772851,0.948838747638228,0.9666050281283923,0.945983291455153,0.84375
developmental_synthetic,recovery_service_high,world_bottleneck-seed-4170565587130884155,item_0011,1,0.9680235403772851,0.948838747638228,0.9666050281283923,0.945983291455153,0.84375
developmental_synthetic,recovery_service_high,world_bottleneck-seed-4170565587130884155,item_0012,1,0.9680235403772851,0.948838747638228,0.9666050281283923,0.945983291455153,0.84375
developmental_synthetic,recovery_service_high,world_bottleneck-seed-2717423041065866496,item_0001,1,0.9680235403772851,0.948838747638228,0.9666050281283923,0.945983291455153,0.84375
developmental_synthetic,recovery_service_high,world_bottleneck-seed-2717423041065866496,item_0002,1,0.9680235403772851,0.948838747638228,0.9666050281283923,0.945983291455153,0.84375
developmental_synthetic,recovery_service_high,world_bottleneck-seed-2717423041065866496,item_0003,1,0.9680235403772851,0.948838747638228,0.9666050281283923,0.945983291455153,0.84375
developmental_synthetic,recovery_service_high,world_bottleneck-seed-2717423041065866496,item_0004,1,0.9680235403772851,0.948838747638228,0.9666050281283923,0.945983291455153,0.84375
developmental_synthetic,recovery_service_high,world_bottleneck-seed-2717423041065866496,item_0005,1,0.9680235403772851,0.948838747638228,0.9666050281283923,0.945983291455153,0.84375
developmental_synthetic,recovery_service_high,world_bottleneck-seed-2717423041065866496,item_0006,1,0.9680235403772851,0.948838747638228,0.9666050281283923,0.945983291455153,0.84375
developmental_synthetic,recovery_service_high,world_bottleneck-seed-2717423041065866496,item_0007,1,0.9680235403772851,0.948838747638228,0.9666050281283923,0.945983291455153,0.84375
developmental_synthetic,recovery_service_high,world_bottleneck-seed-2717423041065866496,item_0008,1,0.9680235403772851,0.948838747638228,0.9666050281283923,0.945983291455153,0.84375
developmental_synthetic,recovery_service_high,world_bottleneck-seed-2717423041065866496,item_0009,1,0.9680235403772851,0.948838747638228,0.9666050281283923,0.945983291455153,0.84375
developmental_synthetic,recovery_service_high,world_bottleneck-seed-2717423041065866496,item_0010,1,0.9680235403772851,0.948838747638228,0.9666050281283923,0.945983291455153,0.84375
developmental_synthetic,recovery_service_high,world_bottleneck-seed-2717423041065866496,item_0011,1,0.9680235403772851,0.948838747638228,0.9666050281283923,0.945983291455153,0.84375
developmental_synthetic,recovery_service_high,world_bottleneck-seed-2717423041065866496,item_0012,1,0.9680235403772851,0.948838747638228,0.9666050281283923,0.945983291455153,0.84375
developmental_synthetic,recovery_service_high,world_bottleneck-seed-3300210048293211683,item_0001,1,0.9680235403772851,0.948838747638228,0.9666050281283923,0.945983291455153,0.84375
developmental_synthetic,recovery_service_high,world_bottleneck-seed-3300210048293211683,item_0002,1,0.9680235403772851,0.948838747638228,0.9666050281283923,0.945983291455153,0.84375
developmental_synthetic,recovery_service_high,world_bottleneck-seed-3300210048293211683,item_0003,1,0.9680235403772851,0.948838747638228,0.9666050281283923,0.945983291455153,0.84375
developmental_synthetic,recovery_service_high,world_bottleneck-seed-3300210048293211683,item_0004,1,0.9680235403772851,0.948838747638228,0.9666050281283923,0.945983291455153,0.84375
developmental_synthetic,recovery_service_high,world_bottleneck-seed-3300210048293211683,item_0005,1,0.9680235403772851,0.948838747638228,0.9666050281283923,0.945983291455153,0.84375
developmental_synthetic,recovery_service_high,world_bottleneck-seed-3300210048293211683,item_0006,1,0.9680235403772851,0.948838747638228,0.9666050281283923,0.945983291455153,0.84375
developmental_synthetic,recovery_service_high,world_bottleneck-seed-3300210048293211683,item_0007,1,0.9680235403772851,0.948838747638228,0.9666050281283923,0.945983291455153,0.84375
developmental_synthetic,recovery_service_high,world_bottleneck-seed-3300210048293211683,item_0008,1,0.9680235403772851,0.948838747638228,0.9666050281283923,0.945983291455153,0.84375
developmental_synthetic,recovery_service_high,world_bottleneck-seed-3300210048293211683,item_0009,1,0.9680235403772851,0.948838747638228,0.9666050281283923,0.945983291455153,0.84375
developmental_synthetic,recovery_service_high,world_bottleneck-seed-3300210048293211683,item_0010,1,0.9680235403772851,0.948838747638228,0.9666050281283923,0.945983291455153,0.84375
developmental_synthetic,recovery_service_high,world_bottleneck-seed-3300210048293211683,item_0011,1,0.9680235403772851,0.948838747638228,0.9666050281283923,0.945983291455153,0.84375
developmental_synthetic,recovery_service_high,world_bottleneck-seed-3300210048293211683,item_0012,1,0.9680235403772851,0.948838747638228,0.9666050281283923,0.945983291455153,0.84375
developmental_synthetic,recovery_service_high,world_bottleneck-seed-8029632760491593691,item_0001,1,0.9680235403772851,0.948838747638228,0.9666050281283923,0.945983291455153,0.84375
developmental_synthetic,recovery_service_high,world_bottleneck-seed-8029632760491593691,item_0002,1,0.9680235403772851,0.948838747638228,0.9666050281283923,0.945983291455153,0.84375
developmental_synthetic,recovery_service_high,world_bottleneck-seed-8029632760491593691,item_0003,1,0.9680235403772851,0.948838747638228,0.9666050281283923,0.945983291455153,0.84375
developmental_synthetic,recovery_service_high,world_bottleneck-seed-8029632760491593691,item_0004,1,0.9680235403772851,0.948838747638228,0.9666050281283923,0.945983291455153,0.84375
developmental_synthetic,recovery_service_high,world_bottleneck-seed-8029632760491593691,item_0005,1,0.9680235403772851,0.948838747638228,0.9666050281283923,0.945983291455153,0.84375
developmental_synthetic,recovery_service_high,world_bottleneck-seed-8029632760491593691,item_0006,1,0.9680235403772851,0.948838747638228,0.9666050281283923,0.945983291455153,0.84375
developmental_synthetic,recovery_service_high,world_bottleneck-seed-8029632760491593691,item_0007,1,0.9680235403772851,0.948838747638228,0.9666050281283923,0.945983291455153,0.84375
developmental_synthetic,recovery_service_high,world_bottleneck-seed-8029632760491593691,item_0008,1,0.9680235403772851,0.948838747638228,0.9666050281283923,0.945983291455153,0.84375
developmental_synthetic,recovery_service_high,world_bottleneck-seed-8029632760491593691,item_0009,1,0.9680235403772851,0.948838747638228,0.9666050281283923,0.945983291455153,0.84375
developmental_synthetic,recovery_service_high,world_bottleneck-seed-8029632760491593691,item_0010,1,0.9680235403772851,0.948838747638228,0.9666050281283923,0.945983291455153,0.84375
developmental_synthetic,recovery_service_high,world_bottleneck-seed-8029632760491593691,item_0011,1,0.9680235403772851,0.948838747638228,0.9666050281283923,0.945983291455153,0.84375
developmental_synthetic,recovery_service_high,world_bottleneck-seed-8029632760491593691,item_0012,1,0.9680235403772851,0.948838747638228,0.9666050281283923,0.945983291455153,0.84375
developmental_synthetic,recovery_service_high,world_bottleneck-seed-1942033208343472871,item_0001,1,0.9680235403772851,0.948838747638228,0.9666050281283923,0.945983291455153,0.84375
developmental_synthetic,recovery_service_high,world_bottleneck-seed-1942033208343472871,item_0002,1,0.9680235403772851,0.948838747638228,0.9666050281283923,0.945983291455153,0.84375
developmental_synthetic,recovery_service_high,world_bottleneck-seed-1942033208343472871,item_0003,1,0.9680235403772851,0.948838747638228,0.9666050281283923,0.945983291455153,0.84375
developmental_synthetic,recovery_service_high,world_bottleneck-seed-1942033208343472871,item_0004,1,0.9680235403772851,0.948838747638228,0.9666050281283923,0.945983291455153,0.84375
developmental_synthetic,recovery_service_high,world_bottleneck-seed-1942033208343472871,item_0005,1,0.9680235403772851,0.948838747638228,0.9666050281283923,0.945983291455153,0.84375
developmental_synthetic,recovery_service_high,world_bottleneck-seed-1942033208343472871,item_0006,1,0.9680235403772851,0.948838747638228,0.9666050281283923,0.945983291455153,0.84375
developmental_synthetic,recovery_service_high,world_bottleneck-seed-1942033208343472871,item_0007,1,0.9680235403772851,0.948838747638228,0.9666050281283923,0.945983291455153,0.84375
developmental_synthetic,recovery_service_high,world_bottleneck-seed-1942033208343472871,item_0008,1,0.9680235403772851,0.948838747638228,0.9666050281283923,0.945983291455153,0.84375
developmental_synthetic,recovery_service_high,world_bottleneck-seed-1942033208343472871,item_0009,1,0.9680235403772851,0.948838747638228,0.9666050281283923,0.945983291455153,0.84375
developmental_synthetic,recovery_service_high,world_bottleneck-seed-1942033208343472871,item_0010,1,0.9680235403772851,0.948838747638228,0.9666050281283923,0.945983291455153,0.84375
developmental_synthetic,recovery_service_high,world_bottleneck-seed-1942033208343472871,item_0011,1,0.9680235403772851,0.948838747638228,0.9666050281283923,0.945983291455153,0.84375
developmental_synthetic,recovery_service_high,world_bottleneck-seed-1942033208343472871,item_0012,1,0.9680235403772851,0.948838747638228,0.9666050281283923,0.945983291455153,0.84375
developmental_synthetic,recovery_service_high,world_bottleneck-seed-4316497584180809060,item_0001,1,0.9680235403772851,0.948838747638228,0.9666050281283923,0.945983291455153,0.84375
developmental_synthetic,recovery_service_high,world_bottleneck-seed-4316497584180809060,item_0002,1,0.9680235403772851,0.948838747638228,0.9666050281283923,0.945983291455153,0.84375
developmental_synthetic,recovery_service_high,world_bottleneck-seed-4316497584180809060,item_0003,1,0.9680235403772851,0.948838747638228,0.9666050281283923,0.945983291455153,0.84375
developmental_synthetic,recovery_service_high,world_bottleneck-seed-4316497584180809060,item_0004,1,0.9680235403772851,0.948838747638228,0.9666050281283923,0.945983291455153,0.84375
developmental_synthetic,recovery_service_high,world_bottleneck-seed-4316497584180809060,item_0005,1,0.9680235403772851,0.948838747638228,0.9666050281283923,0.945983291455153,0.84375
developmental_synthetic,recovery_service_high,world_bottleneck-seed-4316497584180809060,item_0006,1,0.9680235403772851,0.948838747638228,0.9666050281283923,0.945983291455153,0.84375
developmental_synthetic,recovery_service_high,world_bottleneck-seed-4316497584180809060,item_0007,1,0.9680235403772851,0.948838747638228,0.9666050281283923,0.945983291455153,0.84375
developmental_synthetic,recovery_service_high,world_bottleneck-seed-4316497584180809060,item_0008,1,0.9680235403772851,0.948838747638228,0.9666050281283923,0.945983291455153,0.84375
developmental_synthetic,recovery_service_high,world_bottleneck-seed-4316497584180809060,item_0009,1,0.9680235403772851,0.948838747638228,0.9666050281283923,0.945983291455153,0.84375
developmental_synthetic,recovery_service_high,world_bottleneck-seed-4316497584180809060,item_0010,1,0.9680235403772851,0.948838747638228,0.9666050281283923,0.945983291455153,0.84375
developmental_synthetic,recovery_service_high,world_bottleneck-seed-4316497584180809060,item_0011,1,0.9680235403772851,0.948838747638228,0.9666050281283923,0.945983291455153,0.84375
developmental_synthetic,recovery_service_high,world_bottleneck-seed-4316497584180809060,item_0012,1,0.9680235403772851,0.948838747638228,0.9666050281283923,0.945983291455153,0.84375
developmental_synthetic,recovery_service_high,world_bottleneck-seed-267805246917825788,item_0001,1,0.9680235403772851,0.948838747638228,0.9666050281283923,0.945983291455153,0.84375
developmental_synthetic,recovery_service_high,world_bottleneck-seed-267805246917825788,item_0002,1,0.9680235403772851,0.948838747638228,0.9666050281283923,0.945983291455153,0.84375
developmental_synthetic,recovery_service_high,world_bottleneck-seed-267805246917825788,item_0003,1,0.9680235403772851,0.948838747638228,0.9666050281283923,0.945983291455153,0.84375
developmental_synthetic,recovery_service_high,world_bottleneck-seed-267805246917825788,item_0004,1,0.9680235403772851,0.948838747638228,0.9666050281283923,0.945983291455153,0.84375
developmental_synthetic,recovery_service_high,world_bottleneck-seed-267805246917825788,item_0005,1,0.9680235403772851,0.948838747638228,0.9666050281283923,0.945983291455153,0.84375
developmental_synthetic,recovery_service_high,world_bottleneck-seed-267805246917825788,item_0006,1,0.9680235403772851,0.948838747638228,0.9666050281283923,0.945983291455153,0.84375
developmental_synthetic,recovery_service_high,world_bottleneck-seed-267805246917825788,item_0007,1,0.9680235403772851,0.948838747638228,0.9666050281283923,0.945983291455153,0.84375
developmental_synthetic,recovery_service_high,world_bottleneck-seed-267805246917825788,item_0008,1,0.9680235403772851,0.948838747638228,0.9666050281283923,0.945983291455153,0.84375
developmental_synthetic,recovery_service_high,world_bottleneck-seed-267805246917825788,item_0009,1,0.9680235403772851,0.948838747638228,0.9666050281283923,0.945983291455153,0.84375
developmental_synthetic,recovery_service_high,world_bottleneck-seed-267805246917825788,item_0010,1,0.9680235403772851,0.948838747638228,0.9666050281283923,0.945983291455153,0.84375
developmental_synthetic,recovery_service_high,world_bottleneck-seed-267805246917825788,item_0011,1,0.9680235403772851,0.948838747638228,0.9666050281283923,0.945983291455153,0.84375
developmental_synthetic,recovery_service_high,world_bottleneck-seed-267805246917825788,item_0012,1,0.9680235403772851,0.948838747638228,0.9666050281283923,0.945983291455153,0.84375
developmental_synthetic,recovery_service_high,world_bottleneck-seed-5323512391870954056,item_0001,1,0.9680235403772851,0.948838747638228,0.9666050281283923,0.945983291455153,0.84375
developmental_synthetic,recovery_service_high,world_bottleneck-seed-5323512391870954056,item_0002,1,0.9680235403772851,0.948838747638228,0.9666050281283923,0.945983291455153,0.84375
developmental_synthetic,recovery_service_high,world_bottleneck-seed-5323512391870954056,item_0003,1,0.9680235403772851,0.948838747638228,0.9666050281283923,0.945983291455153,0.84375
developmental_synthetic,recovery_service_high,world_bottleneck-seed-5323512391870954056,item_0004,1,0.9680235403772851,0.948838747638228,0.9666050281283923,0.945983291455153,0.84375
developmental_synthetic,recovery_service_high,world_bottleneck-seed-5323512391870954056,item_0005,1,0.9680235403772851,0.948838747638228,0.9666050281283923,0.945983291455153,0.84375
developmental_synthetic,recovery_service_high,world_bottleneck-seed-5323512391870954056,item_0006,1,0.9680235403772851,0.948838747638228,0.9666050281283923,0.945983291455153,0.84375
developmental_synthetic,recovery_service_high,world_bottleneck-seed-5323512391870954056,item_0007,1,0.9680235403772851,0.948838747638228,0.9666050281283923,0.945983291455153,0.84375
developmental_synthetic,recovery_service_high,world_bottleneck-seed-5323512391870954056,item_0008,1,0.9680235403772851,0.948838747638228,0.9666050281283923,0.945983291455153,0.84375
developmental_synthetic,recovery_service_high,world_bottleneck-seed-5323512391870954056,item_0009,1,0.9680235403772851,0.948838747638228,0.9666050281283923,0.945983291455153,0.84375
developmental_synthetic,recovery_service_high,world_bottleneck-seed-5323512391870954056,item_0010,1,0.9680235403772851,0.948838747638228,0.9666050281283923,0.945983291455153,0.84375
developmental_synthetic,recovery_service_high,world_bottleneck-seed-5323512391870954056,item_0011,1,0.9680235403772851,0.948838747638228,0.9666050281283923,0.945983291455153,0.84375
developmental_synthetic,recovery_service_high,world_bottleneck-seed-5323512391870954056,item_0012,1,0.9680235403772851,0.948838747638228,0.9666050281283923,0.945983291455153,0.84375
developmental_synthetic,recovery_service_high,world_bottleneck-seed-1172434494149480746,item_0001,1,0.9680235403772851,0.948838747638228,0.9666050281283923,0.945983291455153,0.84375
developmental_synthetic,recovery_service_high,world_bottleneck-seed-1172434494149480746,item_0002,0,0.9680235403772851,0.948838747638228,0.9666050281283923,0.945983291455153,0.84375
developmental_synthetic,recovery_service_high,world_bottleneck-seed-1172434494149480746,item_0003,0,0.9680235403772851,0.948838747638228,0.9666050281283923,0.945983291455153,0.84375
developmental_synthetic,recovery_service_high,world_bottleneck-seed-1172434494149480746,item_0004,0,0.9680235403772851,0.948838747638228,0.9666050281283923,0.945983291455153,0.84375
developmental_synthetic,recovery_service_high,world_bottleneck-seed-1172434494149480746,item_0005,1,0.9680235403772851,0.948838747638228,0.9666050281283923,0.945983291455153,0.84375
developmental_synthetic,recovery_service_high,world_bottleneck-seed-1172434494149480746,item_0006,0,0.9680235403772851,0.948838747638228,0.9666050281283923,0.945983291455153,0.84375
developmental_synthetic,recovery_service_high,world_bottleneck-seed-1172434494149480746,item_0007,1,0.9680235403772851,0.948838747638228,0.9666050281283923,0.945983291455153,0.84375
developmental_synthetic,recovery_service_high,world_bottleneck-seed-1172434494149480746,item_0008,0,0.9680235403772851,0.948838747638228,0.9666050281283923,0.945983291455153,0.84375
developmental_synthetic,recovery_service_high,world_bottleneck-seed-1172434494149480746,item_0009,1,0.9680235403772851,0.948838747638228,0.9666050281283923,0.945983291455153,0.84375
developmental_synthetic,recovery_service_high,world_bottleneck-seed-1172434494149480746,item_0010,0,0.9680235403772851,0.948838747638228,0.9666050281283923,0.945983291455153,0.84375
developmental_synthetic,recovery_service_high,world_bottleneck-seed-1172434494149480746,item_0011,1,0.9680235403772851,0.948838747638228,0.9666050281283923,0.945983291455153,0.84375
developmental_synthetic,recovery_service_high,world_bottleneck-seed-1172434494149480746,item_0012,0,0.9680235403772851,0.948838747638228,0.9666050281283923,0.945983291455153,0.84375
developmental_synthetic,recovery_service_high,world_bottleneck-seed-5726125126166933359,item_0001,1,0.9680235403772851,0.948838747638228,0.9666050281283923,0.945983291455153,0.84375
developmental_synthetic,recovery_service_high,world_bottleneck-seed-5726125126166933359,item_0002,1,0.9680235403772851,0.948838747638228,0.9666050281283923,0.945983291455153,0.84375
developmental_synthetic,recovery_service_high,world_bottleneck-seed-5726125126166933359,item_0003,1,0.9680235403772851,0.948838747638228,0.9666050281283923,0.945983291455153,0.84375
developmental_synthetic,recovery_service_high,world_bottleneck-seed-5726125126166933359,item_0004,1,0.9680235403772851,0.948838747638228,0.9666050281283923,0.945983291455153,0.84375
developmental_synthetic,recovery_service_high,world_bottleneck-seed-5726125126166933359,item_0005,1,0.9680235403772851,0.948838747638228,0.9666050281283923,0.945983291455153,0.84375
developmental_synthetic,recovery_service_high,world_bottleneck-seed-5726125126166933359,item_0006,1,0.9680235403772851,0.948838747638228,0.9666050281283923,0.945983291455153,0.84375
developmental_synthetic,recovery_service_high,world_bottleneck-seed-5726125126166933359,item_0007,1,0.9680235403772851,0.948838747638228,0.9666050281283923,0.945983291455153,0.84375
developmental_synthetic,recovery_service_high,world_bottleneck-seed-5726125126166933359,item_0008,1,0.9680235403772851,0.948838747638228,0.9666050281283923,0.945983291455153,0.84375
developmental_synthetic,recovery_service_high,world_bottleneck-seed-5726125126166933359,item_0009,1,0.9680235403772851,0.948838747638228,0.9666050281283923,0.945983291455153,0.84375
developmental_synthetic,recovery_service_high,world_bottleneck-seed-5726125126166933359,item_0010,1,0.9680235403772851,0.948838747638228,0.9666050281283923,0.945983291455153,0.84375
developmental_synthetic,recovery_service_high,world_bottleneck-seed-5726125126166933359,item_0011,1,0.9680235403772851,0.948838747638228,0.9666050281283923,0.945983291455153,0.84375
developmental_synthetic,recovery_service_high,world_bottleneck-seed-5726125126166933359,item_0012,1,0.9680235403772851,0.948838747638228,0.9666050281283923,0.945983291455153,0.84375
developmental_synthetic,recovery_service_high,world_bottleneck-seed-319014136358887567,item_0001,1,0.9680235403772851,0.948838747638228,0.9666050281283923,0.945983291455153,0.84375
developmental_synthetic,recovery_service_high,world_bottleneck-seed-319014136358887567,item_0002,1,0.9680235403772851,0.948838747638228,0.9666050281283923,0.945983291455153,0.84375
developmental_synthetic,recovery_service_high,world_bottleneck-seed-319014136358887567,item_0003,1,0.9680235403772851,0.948838747638228,0.9666050281283923,0.945983291455153,0.84375
developmental_synthetic,recovery_service_high,world_bottleneck-seed-319014136358887567,item_0004,1,0.9680235403772851,0.948838747638228,0.9666050281283923,0.945983291455153,0.84375
developmental_synthetic,recovery_service_high,world_bottleneck-seed-319014136358887567,item_0005,1,0.9680235403772851,0.948838747638228,0.9666050281283923,0.945983291455153,0.84375
developmental_synthetic,recovery_service_high,world_bottleneck-seed-319014136358887567,item_0006,1,0.9680235403772851,0.948838747638228,0.9666050281283923,0.945983291455153,0.84375
developmental_synthetic,recovery_service_high,world_bottleneck-seed-319014136358887567,item_0007,1,0.9680235403772851,0.948838747638228,0.9666050281283923,0.945983291455153,0.84375
developmental_synthetic,recovery_service_high,world_bottleneck-seed-319014136358887567,item_0008,1,0.9680235403772851,0.948838747638228,0.9666050281283923,0.945983291455153,0.84375
developmental_synthetic,recovery_service_high,world_bottleneck-seed-319014136358887567,item_0009,1,0.9680235403772851,0.948838747638228,0.9666050281283923,0.945983291455153,0.84375
developmental_synthetic,recovery_service_high,world_bottleneck-seed-319014136358887567,item_0010,1,0.9680235403772851,0.948838747638228,0.9666050281283923,0.945983291455153,0.84375
developmental_synthetic,recovery_service_high,world_bottleneck-seed-319014136358887567,item_0011,1,0.9680235403772851,0.948838747638228,0.9666050281283923,0.945983291455153,0.84375
developmental_synthetic,recovery_service_high,world_bottleneck-seed-319014136358887567,item_0012,0,0.9680235403772851,0.948838747638228,0.9666050281283923,0.945983291455153,0.84375
developmental_synthetic,recovery_service_high,world_bottleneck-seed-3209872604180264923,item_0001,1,0.9680235403772851,0.948838747638228,0.9666050281283923,0.945983291455153,0.84375
developmental_synthetic,recovery_service_high,world_bottleneck-seed-3209872604180264923,item_0002,1,0.9680235403772851,0.948838747638228,0.9666050281283923,0.945983291455153,0.84375
developmental_synthetic,recovery_service_high,world_bottleneck-seed-3209872604180264923,item_0003,1,0.9680235403772851,0.948838747638228,0.9666050281283923,0.945983291455153,0.84375
developmental_synthetic,recovery_service_high,world_bottleneck-seed-3209872604180264923,item_0004,1,0.9680235403772851,0.948838747638228,0.9666050281283923,0.945983291455153,0.84375
developmental_synthetic,recovery_service_high,world_bottleneck-seed-3209872604180264923,item_0005,1,0.9680235403772851,0.948838747638228,0.9666050281283923,0.945983291455153,0.84375
developmental_synthetic,recovery_service_high,world_bottleneck-seed-3209872604180264923,item_0006,1,0.9680235403772851,0.948838747638228,0.9666050281283923,0.945983291455153,0.84375
developmental_synthetic,recovery_service_high,world_bottleneck-seed-3209872604180264923,item_0007,1,0.9680235403772851,0.948838747638228,0.9666050281283923,0.945983291455153,0.84375
developmental_synthetic,recovery_service_high,world_bottleneck-seed-3209872604180264923,item_0008,1,0.9680235403772851,0.948838747638228,0.9666050281283923,0.945983291455153,0.84375
developmental_synthetic,recovery_service_high,world_bottleneck-seed-3209872604180264923,item_0009,1,0.9680235403772851,0.948838747638228,0.9666050281283923,0.945983291455153,0.84375
developmental_synthetic,recovery_service_high,world_bottleneck-seed-3209872604180264923,item_0010,1,0.9680235403772851,0.948838747638228,0.9666050281283923,0.945983291455153,0.84375
developmental_synthetic,recovery_service_high,world_bottleneck-seed-3209872604180264923,item_0011,1,0.9680235403772851,0.948838747638228,0.9666050281283923,0.945983291455153,0.84375
developmental_synthetic,recovery_service_high,world_bottleneck-seed-3209872604180264923,item_0012,1,0.9680235403772851,0.948838747638228,0.9666050281283923,0.945983291455153,0.84375
developmental_synthetic,recovery_service_high,world_bottleneck-seed-6784579373204956173,item_0001,1,0.9680235403772851,0.948838747638228,0.9666050281283923,0.945983291455153,0.84375
developmental_synthetic,recovery_service_high,world_bottleneck-seed-6784579373204956173,item_0002,0,0.9680235403772851,0.948838747638228,0.9666050281283923,0.945983291455153,0.84375
developmental_synthetic,recovery_service_high,world_bottleneck-seed-6784579373204956173,item_0003,1,0.9680235403772851,0.948838747638228,0.9666050281283923,0.945983291455153,0.84375
developmental_synthetic,recovery_service_high,world_bottleneck-seed-6784579373204956173,item_0004,0,0.9680235403772851,0.948838747638228,0.9666050281283923,0.945983291455153,0.84375
developmental_synthetic,recovery_service_high,world_bottleneck-seed-6784579373204956173,item_0005,1,0.9680235403772851,0.948838747638228,0.9666050281283923,0.945983291455153,0.84375
developmental_synthetic,recovery_service_high,world_bottleneck-seed-6784579373204956173,item_0006,0,0.9680235403772851,0.948838747638228,0.9666050281283923,0.945983291455153,0.84375
developmental_synthetic,recovery_service_high,world_bottleneck-seed-6784579373204956173,item_0007,1,0.9680235403772851,0.948838747638228,0.9666050281283923,0.945983291455153,0.84375
developmental_synthetic,recovery_service_high,world_bottleneck-seed-6784579373204956173,item_0008,0,0.9680235403772851,0.948838747638228,0.9666050281283923,0.945983291455153,0.84375
developmental_synthetic,recovery_service_high,world_bottleneck-seed-6784579373204956173,item_0009,0,0.9680235403772851,0.948838747638228,0.9666050281283923,0.945983291455153,0.84375
developmental_synthetic,recovery_service_high,world_bottleneck-seed-6784579373204956173,item_0010,0,0.9680235403772851,0.948838747638228,0.9666050281283923,0.945983291455153,0.84375
developmental_synthetic,recovery_service_high,world_bottleneck-seed-6784579373204956173,item_0011,1,0.9680235403772851,0.948838747638228,0.9666050281283923,0.945983291455153,0.84375
developmental_synthetic,recovery_service_high,world_bottleneck-seed-6784579373204956173,item_0012,0,0.9680235403772851,0.948838747638228,0.9666050281283923,0.945983291455153,0.84375
developmental_synthetic,recovery_service_high,world_bottleneck-seed-4191090533071896547,item_0001,1,0.9680235403772851,0.948838747638228,0.9666050281283923,0.945983291455153,0.84375
developmental_synthetic,recovery_service_high,world_bottleneck-seed-4191090533071896547,item_0002,0,0.9680235403772851,0.948838747638228,0.9666050281283923,0.945983291455153,0.84375
developmental_synthetic,recovery_service_high,world_bottleneck-seed-4191090533071896547,item_0003,1,0.9680235403772851,0.948838747638228,0.9666050281283923,0.945983291455153,0.84375
developmental_synthetic,recovery_service_high,world_bottleneck-seed-4191090533071896547,item_0004,1,0.9680235403772851,0.948838747638228,0.9666050281283923,0.945983291455153,0.84375
developmental_synthetic,recovery_service_high,world_bottleneck-seed-4191090533071896547,item_0005,1,0.9680235403772851,0.948838747638228,0.9666050281283923,0.945983291455153,0.84375
developmental_synthetic,recovery_service_high,world_bottleneck-seed-4191090533071896547,item_0006,1,0.9680235403772851,0.948838747638228,0.9666050281283923,0.945983291455153,0.84375
developmental_synthetic,recovery_service_high,world_bottleneck-seed-4191090533071896547,item_0007,1,0.9680235403772851,0.948838747638228,0.9666050281283923,0.945983291455153,0.84375
developmental_synthetic,recovery_service_high,world_bottleneck-seed-4191090533071896547,item_0008,1,0.9680235403772851,0.948838747638228,0.9666050281283923,0.945983291455153,0.84375
developmental_synthetic,recovery_service_high,world_bottleneck-seed-4191090533071896547,item_0009,1,0.9680235403772851,0.948838747638228,0.9666050281283923,0.945983291455153,0.84375
developmental_synthetic,recovery_service_high,world_bottleneck-seed-4191090533071896547,item_0010,1,0.9680235403772851,0.948838747638228,0.9666050281283923,0.945983291455153,0.84375
developmental_synthetic,recovery_service_high,world_bottleneck-seed-4191090533071896547,item_0011,1,0.9680235403772851,0.948838747638228,0.9666050281283923,0.945983291455153,0.84375
developmental_synthetic,recovery_service_high,world_bottleneck-seed-4191090533071896547,item_0012,1,0.9680235403772851,0.948838747638228,0.9666050281283923,0.945983291455153,0.84375
developmental_synthetic,recovery_service_high,world_bottleneck-seed-9117653556647870869,item_0001,0,0.9680235403772851,0.948838747638228,0.9666050281283923,0.945983291455153,0.84375
developmental_synthetic,recovery_service_high,world_bottleneck-seed-9117653556647870869,item_0002,0,0.9680235403772851,0.948838747638228,0.9666050281283923,0.945983291455153,0.84375
developmental_synthetic,recovery_service_high,world_bottleneck-seed-9117653556647870869,item_0003,1,0.9680235403772851,0.948838747638228,0.9666050281283923,0.945983291455153,0.84375
developmental_synthetic,recovery_service_high,world_bottleneck-seed-9117653556647870869,item_0004,0,0.9680235403772851,0.948838747638228,0.9666050281283923,0.945983291455153,0.84375
developmental_synthetic,recovery_service_high,world_bottleneck-seed-9117653556647870869,item_0005,1,0.9680235403772851,0.948838747638228,0.9666050281283923,0.945983291455153,0.84375
developmental_synthetic,recovery_service_high,world_bottleneck-seed-9117653556647870869,item_0006,0,0.9680235403772851,0.948838747638228,0.9666050281283923,0.945983291455153,0.84375
developmental_synthetic,recovery_service_high,world_bottleneck-seed-9117653556647870869,item_0007,1,0.9680235403772851,0.948838747638228,0.9666050281283923,0.945983291455153,0.84375
developmental_synthetic,recovery_service_high,world_bottleneck-seed-9117653556647870869,item_0008,0,0.9680235403772851,0.948838747638228,0.9666050281283923,0.945983291455153,0.84375
developmental_synthetic,recovery_service_high,world_bottleneck-seed-9117653556647870869,item_0009,1,0.9680235403772851,0.948838747638228,0.9666050281283923,0.945983291455153,0.84375
developmental_synthetic,recovery_service_high,world_bottleneck-seed-9117653556647870869,item_0010,0,0.9680235403772851,0.948838747638228,0.9666050281283923,0.945983291455153,0.84375
developmental_synthetic,recovery_service_high,world_bottleneck-seed-9117653556647870869,item_0011,1,0.9680235403772851,0.948838747638228,0.9666050281283923,0.945983291455153,0.84375
developmental_synthetic,recovery_service_high,world_bottleneck-seed-9117653556647870869,item_0012,0,0.9680235403772851,0.948838747638228,0.9666050281283923,0.945983291455153,0.84375
developmental_synthetic,recovery_service_high,world_bottleneck-seed-8669772086981772072,item_0001,1,0.9680235403772851,0.948838747638228,0.9666050281283923,0.945983291455153,0.84375
developmental_synthetic,recovery_service_high,world_bottleneck-seed-8669772086981772072,item_0002,1,0.9680235403772851,0.948838747638228,0.9666050281283923,0.945983291455153,0.84375
developmental_synthetic,recovery_service_high,world_bottleneck-seed-8669772086981772072,item_0003,1,0.9680235403772851,0.948838747638228,0.9666050281283923,0.945983291455153,0.84375
developmental_synthetic,recovery_service_high,world_bottleneck-seed-8669772086981772072,item_0004,1,0.9680235403772851,0.948838747638228,0.9666050281283923,0.945983291455153,0.84375
developmental_synthetic,recovery_service_high,world_bottleneck-seed-8669772086981772072,item_0005,1,0.9680235403772851,0.948838747638228,0.9666050281283923,0.945983291455153,0.84375
developmental_synthetic,recovery_service_high,world_bottleneck-seed-8669772086981772072,item_0006,1,0.9680235403772851,0.948838747638228,0.9666050281283923,0.945983291455153,0.84375
developmental_synthetic,recovery_service_high,world_bottleneck-seed-8669772086981772072,item_0007,1,0.9680235403772851,0.948838747638228,0.9666050281283923,0.945983291455153,0.84375
developmental_synthetic,recovery_service_high,world_bottleneck-seed-8669772086981772072,item_0008,1,0.9680235403772851,0.948838747638228,0.9666050281283923,0.945983291455153,0.84375
developmental_synthetic,recovery_service_high,world_bottleneck-seed-8669772086981772072,item_0009,1,0.9680235403772851,0.948838747638228,0.9666050281283923,0.945983291455153,0.84375
developmental_synthetic,recovery_service_high,world_bottleneck-seed-8669772086981772072,item_0010,1,0.9680235403772851,0.948838747638228,0.9666050281283923,0.945983291455153,0.84375
developmental_synthetic,recovery_service_high,world_bottleneck-seed-8669772086981772072,item_0011,1,0.9680235403772851,0.948838747638228,0.9666050281283923,0.945983291455153,0.84375
developmental_synthetic,recovery_service_high,world_bottleneck-seed-8669772086981772072,item_0012,1,0.9680235403772851,0.948838747638228,0.9666050281283923,0.945983291455153,0.84375
developmental_synthetic,recovery_service_high,world_bottleneck-seed-3353631954069894546,item_0001,1,0.9680235403772851,0.948838747638228,0.9666050281283923,0.945983291455153,0.84375
developmental_synthetic,recovery_service_high,world_bottleneck-seed-3353631954069894546,item_0002,1,0.9680235403772851,0.948838747638228,0.9666050281283923,0.945983291455153,0.84375
developmental_synthetic,recovery_service_high,world_bottleneck-seed-3353631954069894546,item_0003,1,0.9680235403772851,0.948838747638228,0.9666050281283923,0.945983291455153,0.84375
developmental_synthetic,recovery_service_high,world_bottleneck-seed-3353631954069894546,item_0004,1,0.9680235403772851,0.948838747638228,0.9666050281283923,0.945983291455153,0.84375
developmental_synthetic,recovery_service_high,world_bottleneck-seed-3353631954069894546,item_0005,1,0.9680235403772851,0.948838747638228,0.9666050281283923,0.945983291455153,0.84375
developmental_synthetic,recovery_service_high,world_bottleneck-seed-3353631954069894546,item_0006,1,0.9680235403772851,0.948838747638228,0.9666050281283923,0.945983291455153,0.84375
developmental_synthetic,recovery_service_high,world_bottleneck-seed-3353631954069894546,item_0007,1,0.9680235403772851,0.948838747638228,0.9666050281283923,0.945983291455153,0.84375
developmental_synthetic,recovery_service_high,world_bottleneck-seed-3353631954069894546,item_0008,1,0.9680235403772851,0.948838747638228,0.9666050281283923,0.945983291455153,0.84375
developmental_synthetic,recovery_service_high,world_bottleneck-seed-3353631954069894546,item_0009,1,0.9680235403772851,0.948838747638228,0.9666050281283923,0.945983291455153,0.84375
developmental_synthetic,recovery_service_high,world_bottleneck-seed-3353631954069894546,item_0010,1,0.9680235403772851,0.948838747638228,0.9666050281283923,0.945983291455153,0.84375
developmental_synthetic,recovery_service_high,world_bottleneck-seed-3353631954069894546,item_0011,1,0.9680235403772851,0.948838747638228,0.9666050281283923,0.945983291455153,0.84375
developmental_synthetic,recovery_service_high,world_bottleneck-seed-3353631954069894546,item_0012,1,0.9680235403772851,0.948838747638228,0.9666050281283923,0.945983291455153,0.84375
developmental_synthetic,recovery_service_high,world_bottleneck-seed-9078621501550203399,item_0001,1,0.9680235403772851,0.948838747638228,0.9666050281283923,0.945983291455153,0.84375
developmental_synthetic,recovery_service_high,world_bottleneck-seed-9078621501550203399,item_0002,1,0.9680235403772851,0.948838747638228,0.9666050281283923,0.945983291455153,0.84375
developmental_synthetic,recovery_service_high,world_bottleneck-seed-9078621501550203399,item_0003,1,0.9680235403772851,0.948838747638228,0.9666050281283923,0.945983291455153,0.84375
developmental_synthetic,recovery_service_high,world_bottleneck-seed-9078621501550203399,item_0004,1,0.9680235403772851,0.948838747638228,0.9666050281283923,0.945983291455153,0.84375
developmental_synthetic,recovery_service_high,world_bottleneck-seed-9078621501550203399,item_0005,1,0.9680235403772851,0.948838747638228,0.9666050281283923,0.945983291455153,0.84375
developmental_synthetic,recovery_service_high,world_bottleneck-seed-9078621501550203399,item_0006,1,0.9680235403772851,0.948838747638228,0.9666050281283923,0.945983291455153,0.84375
developmental_synthetic,recovery_service_high,world_bottleneck-seed-9078621501550203399,item_0007,1,0.9680235403772851,0.948838747638228,0.9666050281283923,0.945983291455153,0.84375
developmental_synthetic,recovery_service_high,world_bottleneck-seed-9078621501550203399,item_0008,1,0.9680235403772851,0.948838747638228,0.9666050281283923,0.945983291455153,0.84375
developmental_synthetic,recovery_service_high,world_bottleneck-seed-9078621501550203399,item_0009,1,0.9680235403772851,0.948838747638228,0.9666050281283923,0.945983291455153,0.84375
developmental_synthetic,recovery_service_high,world_bottleneck-seed-9078621501550203399,item_0010,1,0.9680235403772851,0.948838747638228,0.9666050281283923,0.945983291455153,0.84375
developmental_synthetic,recovery_service_high,world_bottleneck-seed-9078621501550203399,item_0011,1,0.9680235403772851,0.948838747638228,0.9666050281283923,0.945983291455153,0.84375
developmental_synthetic,recovery_service_high,world_bottleneck-seed-9078621501550203399,item_0012,1,0.9680235403772851,0.948838747638228,0.9666050281283923,0.945983291455153,0.84375
developmental_synthetic,recovery_service_high,world_bottleneck-seed-2232509440464157497,item_0001,1,0.9680235403772851,0.948838747638228,0.9666050281283923,0.945983291455153,0.84375
developmental_synthetic,recovery_service_high,world_bottleneck-seed-2232509440464157497,item_0002,1,0.9680235403772851,0.948838747638228,0.9666050281283923,0.945983291455153,0.84375
developmental_synthetic,recovery_service_high,world_bottleneck-seed-2232509440464157497,item_0003,1,0.9680235403772851,0.948838747638228,0.9666050281283923,0.945983291455153,0.84375
developmental_synthetic,recovery_service_high,world_bottleneck-seed-2232509440464157497,item_0004,1,0.9680235403772851,0.948838747638228,0.9666050281283923,0.945983291455153,0.84375
developmental_synthetic,recovery_service_high,world_bottleneck-seed-2232509440464157497,item_0005,1,0.9680235403772851,0.948838747638228,0.9666050281283923,0.945983291455153,0.84375
developmental_synthetic,recovery_service_high,world_bottleneck-seed-2232509440464157497,item_0006,1,0.9680235403772851,0.948838747638228,0.9666050281283923,0.945983291455153,0.84375
developmental_synthetic,recovery_service_high,world_bottleneck-seed-2232509440464157497,item_0007,1,0.9680235403772851,0.948838747638228,0.9666050281283923,0.945983291455153,0.84375
developmental_synthetic,recovery_service_high,world_bottleneck-seed-2232509440464157497,item_0008,1,0.9680235403772851,0.948838747638228,0.9666050281283923,0.945983291455153,0.84375
developmental_synthetic,recovery_service_high,world_bottleneck-seed-2232509440464157497,item_0009,1,0.9680235403772851,0.948838747638228,0.9666050281283923,0.945983291455153,0.84375
developmental_synthetic,recovery_service_high,world_bottleneck-seed-2232509440464157497,item_0010,1,0.9680235403772851,0.948838747638228,0.9666050281283923,0.945983291455153,0.84375
developmental_synthetic,recovery_service_high,world_bottleneck-seed-2232509440464157497,item_0011,1,0.9680235403772851,0.948838747638228,0.9666050281283923,0.945983291455153,0.84375
developmental_synthetic,recovery_service_high,world_bottleneck-seed-2232509440464157497,item_0012,1,0.9680235403772851,0.948838747638228,0.9666050281283923,0.945983291455153,0.84375
developmental_synthetic,recovery_service_high,world_bottleneck-seed-1318810389743050509,item_0001,1,0.9680235403772851,0.948838747638228,0.9666050281283923,0.945983291455153,0.84375
developmental_synthetic,recovery_service_high,world_bottleneck-seed-1318810389743050509,item_0002,0,0.9680235403772851,0.948838747638228,0.9666050281283923,0.945983291455153,0.84375
developmental_synthetic,recovery_service_high,world_bottleneck-seed-1318810389743050509,item_0003,1,0.9680235403772851,0.948838747638228,0.9666050281283923,0.945983291455153,0.84375
developmental_synthetic,recovery_service_high,world_bottleneck-seed-1318810389743050509,item_0004,0,0.9680235403772851,0.948838747638228,0.9666050281283923,0.945983291455153,0.84375
developmental_synthetic,recovery_service_high,world_bottleneck-seed-1318810389743050509,item_0005,1,0.9680235403772851,0.948838747638228,0.9666050281283923,0.945983291455153,0.84375
developmental_synthetic,recovery_service_high,world_bottleneck-seed-1318810389743050509,item_0006,0,0.9680235403772851,0.948838747638228,0.9666050281283923,0.945983291455153,0.84375
developmental_synthetic,recovery_service_high,world_bottleneck-seed-1318810389743050509,item_0007,0,0.9680235403772851,0.948838747638228,0.9666050281283923,0.945983291455153,0.84375
developmental_synthetic,recovery_service_high,world_bottleneck-seed-1318810389743050509,item_0008,0,0.9680235403772851,0.948838747638228,0.9666050281283923,0.945983291455153,0.84375
developmental_synthetic,recovery_service_high,world_bottleneck-seed-1318810389743050509,item_0009,1,0.9680235403772851,0.948838747638228,0.9666050281283923,0.945983291455153,0.84375
developmental_synthetic,recovery_service_high,world_bottleneck-seed-1318810389743050509,item_0010,0,0.9680235403772851,0.948838747638228,0.9666050281283923,0.945983291455153,0.84375
developmental_synthetic,recovery_service_high,world_bottleneck-seed-1318810389743050509,item_0011,1,0.9680235403772851,0.948838747638228,0.9666050281283923,0.945983291455153,0.84375
developmental_synthetic,recovery_service_high,world_bottleneck-seed-1318810389743050509,item_0012,0,0.9680235403772851,0.948838747638228,0.9666050281283923,0.945983291455153,0.84375
developmental_synthetic,recovery_service_high,world_bottleneck-seed-2672526422288897444,item_0001,1,0.9680235403772851,0.948838747638228,0.9666050281283923,0.945983291455153,0.84375
developmental_synthetic,recovery_service_high,world_bottleneck-seed-2672526422288897444,item_0002,1,0.9680235403772851,0.948838747638228,0.9666050281283923,0.945983291455153,0.84375
developmental_synthetic,recovery_service_high,world_bottleneck-seed-2672526422288897444,item_0003,1,0.9680235403772851,0.948838747638228,0.9666050281283923,0.945983291455153,0.84375
developmental_synthetic,recovery_service_high,world_bottleneck-seed-2672526422288897444,item_0004,1,0.9680235403772851,0.948838747638228,0.9666050281283923,0.945983291455153,0.84375
developmental_synthetic,recovery_service_high,world_bottleneck-seed-2672526422288897444,item_0005,1,0.9680235403772851,0.948838747638228,0.9666050281283923,0.945983291455153,0.84375
developmental_synthetic,recovery_service_high,world_bottleneck-seed-2672526422288897444,item_0006,1,0.9680235403772851,0.948838747638228,0.9666050281283923,0.945983291455153,0.84375
developmental_synthetic,recovery_service_high,world_bottleneck-seed-2672526422288897444,item_0007,1,0.9680235403772851,0.948838747638228,0.9666050281283923,0.945983291455153,0.84375
developmental_synthetic,recovery_service_high,world_bottleneck-seed-2672526422288897444,item_0008,1,0.9680235403772851,0.948838747638228,0.9666050281283923,0.945983291455153,0.84375
developmental_synthetic,recovery_service_high,world_bottleneck-seed-2672526422288897444,item_0009,1,0.9680235403772851,0.948838747638228,0.9666050281283923,0.945983291455153,0.84375
developmental_synthetic,recovery_service_high,world_bottleneck-seed-2672526422288897444,item_0010,1,0.9680235403772851,0.948838747638228,0.9666050281283923,0.945983291455153,0.84375
developmental_synthetic,recovery_service_high,world_bottleneck-seed-2672526422288897444,item_0011,1,0.9680235403772851,0.948838747638228,0.9666050281283923,0.945983291455153,0.84375
developmental_synthetic,recovery_service_high,world_bottleneck-seed-2672526422288897444,item_0012,1,0.9680235403772851,0.948838747638228,0.9666050281283923,0.945983291455153,0.84375
developmental_synthetic,recovery_service_high,world_bottleneck-seed-2184401695212112810,item_0001,1,0.9680235403772851,0.948838747638228,0.9666050281283923,0.945983291455153,0.84375
developmental_synthetic,recovery_service_high,world_bottleneck-seed-2184401695212112810,item_0002,0,0.9680235403772851,0.948838747638228,0.9666050281283923,0.945983291455153,0.84375
developmental_synthetic,recovery_service_high,world_bottleneck-seed-2184401695212112810,item_0003,0,0.9680235403772851,0.948838747638228,0.9666050281283923,0.945983291455153,0.84375
developmental_synthetic,recovery_service_high,world_bottleneck-seed-2184401695212112810,item_0004,0,0.9680235403772851,0.948838747638228,0.9666050281283923,0.945983291455153,0.84375
developmental_synthetic,recovery_service_high,world_bottleneck-seed-2184401695212112810,item_0005,1,0.9680235403772851,0.948838747638228,0.9666050281283923,0.945983291455153,0.84375
developmental_synthetic,recovery_service_high,world_bottleneck-seed-2184401695212112810,item_0006,0,0.9680235403772851,0.948838747638228,0.9666050281283923,0.945983291455153,0.84375
developmental_synthetic,recovery_service_high,world_bottleneck-seed-2184401695212112810,item_0007,1,0.9680235403772851,0.948838747638228,0.9666050281283923,0.945983291455153,0.84375
developmental_synthetic,recovery_service_high,world_bottleneck-seed-2184401695212112810,item_0008,0,0.9680235403772851,0.948838747638228,0.9666050281283923,0.945983291455153,0.84375
developmental_synthetic,recovery_service_high,world_bottleneck-seed-2184401695212112810,item_0009,1,0.9680235403772851,0.948838747638228,0.9666050281283923,0.945983291455153,0.84375
developmental_synthetic,recovery_service_high,world_bottleneck-seed-2184401695212112810,item_0010,0,0.9680235403772851,0.948838747638228,0.9666050281283923,0.945983291455153,0.84375
developmental_synthetic,recovery_service_high,world_bottleneck-seed-2184401695212112810,item_0011,1,0.9680235403772851,0.948838747638228,0.9666050281283923,0.945983291455153,0.84375
developmental_synthetic,recovery_service_high,world_bottleneck-seed-2184401695212112810,item_0012,0,0.9680235403772851,0.948838747638228,0.9666050281283923,0.945983291455153,0.84375
developmental_synthetic,edge_no_rework,world_sp-seed-4594190432599945735,item_0001,1,0.9680235403772851,0.948838747638228,0.9666050281283923,0.9666050281283923,1.0
developmental_synthetic,edge_no_rework,world_sp-seed-4594190432599945735,item_0002,1,0.9680235403772851,0.948838747638228,0.9666050281283923,0.9666050281283923,1.0
developmental_synthetic,edge_no_rework,world_sp-seed-4594190432599945735,item_0003,1,0.9680235403772851,0.948838747638228,0.9666050281283923,0.9666050281283923,1.0
developmental_synthetic,edge_no_rework,world_sp-seed-4594190432599945735,item_0004,1,0.9680235403772851,0.948838747638228,0.9666050281283923,0.9666050281283923,1.0
developmental_synthetic,edge_no_rework,world_sp-seed-4594190432599945735,item_0005,1,0.9680235403772851,0.948838747638228,0.9666050281283923,0.9666050281283923,1.0
developmental_synthetic,edge_no_rework,world_sp-seed-4594190432599945735,item_0006,1,0.9680235403772851,0.948838747638228,0.9666050281283923,0.9666050281283923,1.0
developmental_synthetic,edge_no_rework,world_sp-seed-4594190432599945735,item_0007,1,0.9680235403772851,0.948838747638228,0.9666050281283923,0.9666050281283923,1.0
developmental_synthetic,edge_no_rework,world_sp-seed-4594190432599945735,item_0008,1,0.9680235403772851,0.948838747638228,0.9666050281283923,0.9666050281283923,1.0
developmental_synthetic,edge_no_rework,world_sp-seed-4594190432599945735,item_0009,1,0.9680235403772851,0.948838747638228,0.9666050281283923,0.9666050281283923,1.0
developmental_synthetic,edge_no_rework,world_sp-seed-4594190432599945735,item_0010,1,0.9680235403772851,0.948838747638228,0.9666050281283923,0.9666050281283923,1.0
developmental_synthetic,edge_no_rework,world_sp-seed-4594190432599945735,item_0011,1,0.9680235403772851,0.948838747638228,0.9666050281283923,0.9666050281283923,1.0
developmental_synthetic,edge_no_rework,world_sp-seed-4594190432599945735,item_0012,1,0.9680235403772851,0.948838747638228,0.9666050281283923,0.9666050281283923,1.0
developmental_synthetic,edge_no_rework,world_sp-seed-8166473292603767607,item_0001,1,0.9680235403772851,0.948838747638228,0.9666050281283923,0.9666050281283923,1.0
developmental_synthetic,edge_no_rework,world_sp-seed-8166473292603767607,item_0002,1,0.9680235403772851,0.948838747638228,0.9666050281283923,0.9666050281283923,1.0
developmental_synthetic,edge_no_rework,world_sp-seed-8166473292603767607,item_0003,1,0.9680235403772851,0.948838747638228,0.9666050281283923,0.9666050281283923,1.0
developmental_synthetic,edge_no_rework,world_sp-seed-8166473292603767607,item_0004,1,0.9680235403772851,0.948838747638228,0.9666050281283923,0.9666050281283923,1.0
developmental_synthetic,edge_no_rework,world_sp-seed-8166473292603767607,item_0005,1,0.9680235403772851,0.948838747638228,0.9666050281283923,0.9666050281283923,1.0
developmental_synthetic,edge_no_rework,world_sp-seed-8166473292603767607,item_0006,1,0.9680235403772851,0.948838747638228,0.9666050281283923,0.9666050281283923,1.0
developmental_synthetic,edge_no_rework,world_sp-seed-8166473292603767607,item_0007,1,0.9680235403772851,0.948838747638228,0.9666050281283923,0.9666050281283923,1.0
developmental_synthetic,edge_no_rework,world_sp-seed-8166473292603767607,item_0008,1,0.9680235403772851,0.948838747638228,0.9666050281283923,0.9666050281283923,1.0
developmental_synthetic,edge_no_rework,world_sp-seed-8166473292603767607,item_0009,1,0.9680235403772851,0.948838747638228,0.9666050281283923,0.9666050281283923,1.0
developmental_synthetic,edge_no_rework,world_sp-seed-8166473292603767607,item_0010,1,0.9680235403772851,0.948838747638228,0.9666050281283923,0.9666050281283923,1.0
developmental_synthetic,edge_no_rework,world_sp-seed-8166473292603767607,item_0011,1,0.9680235403772851,0.948838747638228,0.9666050281283923,0.9666050281283923,1.0
developmental_synthetic,edge_no_rework,world_sp-seed-8166473292603767607,item_0012,1,0.9680235403772851,0.948838747638228,0.9666050281283923,0.9666050281283923,1.0
developmental_synthetic,edge_no_rework,world_sp-seed-4170565587130884155,item_0001,1,0.9680235403772851,0.948838747638228,0.9666050281283923,0.9666050281283923,1.0
developmental_synthetic,edge_no_rework,world_sp-seed-4170565587130884155,item_0002,1,0.9680235403772851,0.948838747638228,0.9666050281283923,0.9666050281283923,1.0
developmental_synthetic,edge_no_rework,world_sp-seed-4170565587130884155,item_0003,1,0.9680235403772851,0.948838747638228,0.9666050281283923,0.9666050281283923,1.0
developmental_synthetic,edge_no_rework,world_sp-seed-4170565587130884155,item_0004,1,0.9680235403772851,0.948838747638228,0.9666050281283923,0.9666050281283923,1.0
developmental_synthetic,edge_no_rework,world_sp-seed-4170565587130884155,item_0005,1,0.9680235403772851,0.948838747638228,0.9666050281283923,0.9666050281283923,1.0
developmental_synthetic,edge_no_rework,world_sp-seed-4170565587130884155,item_0006,1,0.9680235403772851,0.948838747638228,0.9666050281283923,0.9666050281283923,1.0
developmental_synthetic,edge_no_rework,world_sp-seed-4170565587130884155,item_0007,1,0.9680235403772851,0.948838747638228,0.9666050281283923,0.9666050281283923,1.0
developmental_synthetic,edge_no_rework,world_sp-seed-4170565587130884155,item_0008,1,0.9680235403772851,0.948838747638228,0.9666050281283923,0.9666050281283923,1.0
developmental_synthetic,edge_no_rework,world_sp-seed-4170565587130884155,item_0009,1,0.9680235403772851,0.948838747638228,0.9666050281283923,0.9666050281283923,1.0
developmental_synthetic,edge_no_rework,world_sp-seed-4170565587130884155,item_0010,1,0.9680235403772851,0.948838747638228,0.9666050281283923,0.9666050281283923,1.0
developmental_synthetic,edge_no_rework,world_sp-seed-4170565587130884155,item_0011,1,0.9680235403772851,0.948838747638228,0.9666050281283923,0.9666050281283923,1.0
developmental_synthetic,edge_no_rework,world_sp-seed-4170565587130884155,item_0012,1,0.9680235403772851,0.948838747638228,0.9666050281283923,0.9666050281283923,1.0
developmental_synthetic,edge_no_rework,world_sp-seed-2717423041065866496,item_0001,1,0.9680235403772851,0.948838747638228,0.9666050281283923,0.9666050281283923,1.0
developmental_synthetic,edge_no_rework,world_sp-seed-2717423041065866496,item_0002,1,0.9680235403772851,0.948838747638228,0.9666050281283923,0.9666050281283923,1.0
developmental_synthetic,edge_no_rework,world_sp-seed-2717423041065866496,item_0003,1,0.9680235403772851,0.948838747638228,0.9666050281283923,0.9666050281283923,1.0
developmental_synthetic,edge_no_rework,world_sp-seed-2717423041065866496,item_0004,1,0.9680235403772851,0.948838747638228,0.9666050281283923,0.9666050281283923,1.0
developmental_synthetic,edge_no_rework,world_sp-seed-2717423041065866496,item_0005,1,0.9680235403772851,0.948838747638228,0.9666050281283923,0.9666050281283923,1.0
developmental_synthetic,edge_no_rework,world_sp-seed-2717423041065866496,item_0006,1,0.9680235403772851,0.948838747638228,0.9666050281283923,0.9666050281283923,1.0
developmental_synthetic,edge_no_rework,world_sp-seed-2717423041065866496,item_0007,1,0.9680235403772851,0.948838747638228,0.9666050281283923,0.9666050281283923,1.0
developmental_synthetic,edge_no_rework,world_sp-seed-2717423041065866496,item_0008,1,0.9680235403772851,0.948838747638228,0.9666050281283923,0.9666050281283923,1.0
developmental_synthetic,edge_no_rework,world_sp-seed-2717423041065866496,item_0009,1,0.9680235403772851,0.948838747638228,0.9666050281283923,0.9666050281283923,1.0
developmental_synthetic,edge_no_rework,world_sp-seed-2717423041065866496,item_0010,1,0.9680235403772851,0.948838747638228,0.9666050281283923,0.9666050281283923,1.0
developmental_synthetic,edge_no_rework,world_sp-seed-2717423041065866496,item_0011,1,0.9680235403772851,0.948838747638228,0.9666050281283923,0.9666050281283923,1.0
developmental_synthetic,edge_no_rework,world_sp-seed-2717423041065866496,item_0012,1,0.9680235403772851,0.948838747638228,0.9666050281283923,0.9666050281283923,1.0
developmental_synthetic,edge_no_rework,world_sp-seed-3300210048293211683,item_0001,1,0.9680235403772851,0.948838747638228,0.9666050281283923,0.9666050281283923,1.0
developmental_synthetic,edge_no_rework,world_sp-seed-3300210048293211683,item_0002,1,0.9680235403772851,0.948838747638228,0.9666050281283923,0.9666050281283923,1.0
developmental_synthetic,edge_no_rework,world_sp-seed-3300210048293211683,item_0003,1,0.9680235403772851,0.948838747638228,0.9666050281283923,0.9666050281283923,1.0
developmental_synthetic,edge_no_rework,world_sp-seed-3300210048293211683,item_0004,1,0.9680235403772851,0.948838747638228,0.9666050281283923,0.9666050281283923,1.0
developmental_synthetic,edge_no_rework,world_sp-seed-3300210048293211683,item_0005,1,0.9680235403772851,0.948838747638228,0.9666050281283923,0.9666050281283923,1.0
developmental_synthetic,edge_no_rework,world_sp-seed-3300210048293211683,item_0006,1,0.9680235403772851,0.948838747638228,0.9666050281283923,0.9666050281283923,1.0
developmental_synthetic,edge_no_rework,world_sp-seed-3300210048293211683,item_0007,1,0.9680235403772851,0.948838747638228,0.9666050281283923,0.9666050281283923,1.0
developmental_synthetic,edge_no_rework,world_sp-seed-3300210048293211683,item_0008,1,0.9680235403772851,0.948838747638228,0.9666050281283923,0.9666050281283923,1.0
developmental_synthetic,edge_no_rework,world_sp-seed-3300210048293211683,item_0009,1,0.9680235403772851,0.948838747638228,0.9666050281283923,0.9666050281283923,1.0
developmental_synthetic,edge_no_rework,world_sp-seed-3300210048293211683,item_0010,1,0.9680235403772851,0.948838747638228,0.9666050281283923,0.9666050281283923,1.0
developmental_synthetic,edge_no_rework,world_sp-seed-3300210048293211683,item_0011,1,0.9680235403772851,0.948838747638228,0.9666050281283923,0.9666050281283923,1.0
developmental_synthetic,edge_no_rework,world_sp-seed-3300210048293211683,item_0012,1,0.9680235403772851,0.948838747638228,0.9666050281283923,0.9666050281283923,1.0
developmental_synthetic,edge_no_rework,world_sp-seed-8029632760491593691,item_0001,1,0.9680235403772851,0.948838747638228,0.9666050281283923,0.9666050281283923,1.0
developmental_synthetic,edge_no_rework,world_sp-seed-8029632760491593691,item_0002,1,0.9680235403772851,0.948838747638228,0.9666050281283923,0.9666050281283923,1.0
developmental_synthetic,edge_no_rework,world_sp-seed-8029632760491593691,item_0003,1,0.9680235403772851,0.948838747638228,0.9666050281283923,0.9666050281283923,1.0
developmental_synthetic,edge_no_rework,world_sp-seed-8029632760491593691,item_0004,1,0.9680235403772851,0.948838747638228,0.9666050281283923,0.9666050281283923,1.0
developmental_synthetic,edge_no_rework,world_sp-seed-8029632760491593691,item_0005,1,0.9680235403772851,0.948838747638228,0.9666050281283923,0.9666050281283923,1.0
developmental_synthetic,edge_no_rework,world_sp-seed-8029632760491593691,item_0006,1,0.9680235403772851,0.948838747638228,0.9666050281283923,0.9666050281283923,1.0
developmental_synthetic,edge_no_rework,world_sp-seed-8029632760491593691,item_0007,1,0.9680235403772851,0.948838747638228,0.9666050281283923,0.9666050281283923,1.0
developmental_synthetic,edge_no_rework,world_sp-seed-8029632760491593691,item_0008,1,0.9680235403772851,0.948838747638228,0.9666050281283923,0.9666050281283923,1.0
developmental_synthetic,edge_no_rework,world_sp-seed-8029632760491593691,item_0009,1,0.9680235403772851,0.948838747638228,0.9666050281283923,0.9666050281283923,1.0
developmental_synthetic,edge_no_rework,world_sp-seed-8029632760491593691,item_0010,1,0.9680235403772851,0.948838747638228,0.9666050281283923,0.9666050281283923,1.0
developmental_synthetic,edge_no_rework,world_sp-seed-8029632760491593691,item_0011,1,0.9680235403772851,0.948838747638228,0.9666050281283923,0.9666050281283923,1.0
developmental_synthetic,edge_no_rework,world_sp-seed-8029632760491593691,item_0012,1,0.9680235403772851,0.948838747638228,0.9666050281283923,0.9666050281283923,1.0
developmental_synthetic,edge_no_rework,world_sp-seed-1942033208343472871,item_0001,1,0.9680235403772851,0.948838747638228,0.9666050281283923,0.9666050281283923,1.0
developmental_synthetic,edge_no_rework,world_sp-seed-1942033208343472871,item_0002,1,0.9680235403772851,0.948838747638228,0.9666050281283923,0.9666050281283923,1.0
developmental_synthetic,edge_no_rework,world_sp-seed-1942033208343472871,item_0003,1,0.9680235403772851,0.948838747638228,0.9666050281283923,0.9666050281283923,1.0
developmental_synthetic,edge_no_rework,world_sp-seed-1942033208343472871,item_0004,1,0.9680235403772851,0.948838747638228,0.9666050281283923,0.9666050281283923,1.0
developmental_synthetic,edge_no_rework,world_sp-seed-1942033208343472871,item_0005,1,0.9680235403772851,0.948838747638228,0.9666050281283923,0.9666050281283923,1.0
developmental_synthetic,edge_no_rework,world_sp-seed-1942033208343472871,item_0006,1,0.9680235403772851,0.948838747638228,0.9666050281283923,0.9666050281283923,1.0
developmental_synthetic,edge_no_rework,world_sp-seed-1942033208343472871,item_0007,1,0.9680235403772851,0.948838747638228,0.9666050281283923,0.9666050281283923,1.0
developmental_synthetic,edge_no_rework,world_sp-seed-1942033208343472871,item_0008,1,0.9680235403772851,0.948838747638228,0.9666050281283923,0.9666050281283923,1.0
developmental_synthetic,edge_no_rework,world_sp-seed-1942033208343472871,item_0009,1,0.9680235403772851,0.948838747638228,0.9666050281283923,0.9666050281283923,1.0
developmental_synthetic,edge_no_rework,world_sp-seed-1942033208343472871,item_0010,1,0.9680235403772851,0.948838747638228,0.9666050281283923,0.9666050281283923,1.0
developmental_synthetic,edge_no_rework,world_sp-seed-1942033208343472871,item_0011,1,0.9680235403772851,0.948838747638228,0.9666050281283923,0.9666050281283923,1.0
developmental_synthetic,edge_no_rework,world_sp-seed-1942033208343472871,item_0012,1,0.9680235403772851,0.948838747638228,0.9666050281283923,0.9666050281283923,1.0
developmental_synthetic,edge_no_rework,world_sp-seed-4316497584180809060,item_0001,1,0.9680235403772851,0.948838747638228,0.9666050281283923,0.9666050281283923,1.0
developmental_synthetic,edge_no_rework,world_sp-seed-4316497584180809060,item_0002,1,0.9680235403772851,0.948838747638228,0.9666050281283923,0.9666050281283923,1.0
developmental_synthetic,edge_no_rework,world_sp-seed-4316497584180809060,item_0003,1,0.9680235403772851,0.948838747638228,0.9666050281283923,0.9666050281283923,1.0
developmental_synthetic,edge_no_rework,world_sp-seed-4316497584180809060,item_0004,1,0.9680235403772851,0.948838747638228,0.9666050281283923,0.9666050281283923,1.0
developmental_synthetic,edge_no_rework,world_sp-seed-4316497584180809060,item_0005,1,0.9680235403772851,0.948838747638228,0.9666050281283923,0.9666050281283923,1.0
developmental_synthetic,edge_no_rework,world_sp-seed-4316497584180809060,item_0006,1,0.9680235403772851,0.948838747638228,0.9666050281283923,0.9666050281283923,1.0
developmental_synthetic,edge_no_rework,world_sp-seed-4316497584180809060,item_0007,1,0.9680235403772851,0.948838747638228,0.9666050281283923,0.9666050281283923,1.0
developmental_synthetic,edge_no_rework,world_sp-seed-4316497584180809060,item_0008,1,0.9680235403772851,0.948838747638228,0.9666050281283923,0.9666050281283923,1.0
developmental_synthetic,edge_no_rework,world_sp-seed-4316497584180809060,item_0009,1,0.9680235403772851,0.948838747638228,0.9666050281283923,0.9666050281283923,1.0
developmental_synthetic,edge_no_rework,world_sp-seed-4316497584180809060,item_0010,1,0.9680235403772851,0.948838747638228,0.9666050281283923,0.9666050281283923,1.0
developmental_synthetic,edge_no_rework,world_sp-seed-4316497584180809060,item_0011,1,0.9680235403772851,0.948838747638228,0.9666050281283923,0.9666050281283923,1.0
developmental_synthetic,edge_no_rework,world_sp-seed-4316497584180809060,item_0012,1,0.9680235403772851,0.948838747638228,0.9666050281283923,0.9666050281283923,1.0
developmental_synthetic,edge_no_rework,world_sp-seed-267805246917825788,item_0001,1,0.9680235403772851,0.948838747638228,0.9666050281283923,0.9666050281283923,1.0
developmental_synthetic,edge_no_rework,world_sp-seed-267805246917825788,item_0002,1,0.9680235403772851,0.948838747638228,0.9666050281283923,0.9666050281283923,1.0
developmental_synthetic,edge_no_rework,world_sp-seed-267805246917825788,item_0003,1,0.9680235403772851,0.948838747638228,0.9666050281283923,0.9666050281283923,1.0
developmental_synthetic,edge_no_rework,world_sp-seed-267805246917825788,item_0004,1,0.9680235403772851,0.948838747638228,0.9666050281283923,0.9666050281283923,1.0
developmental_synthetic,edge_no_rework,world_sp-seed-267805246917825788,item_0005,1,0.9680235403772851,0.948838747638228,0.9666050281283923,0.9666050281283923,1.0
developmental_synthetic,edge_no_rework,world_sp-seed-267805246917825788,item_0006,1,0.9680235403772851,0.948838747638228,0.9666050281283923,0.9666050281283923,1.0
developmental_synthetic,edge_no_rework,world_sp-seed-267805246917825788,item_0007,1,0.9680235403772851,0.948838747638228,0.9666050281283923,0.9666050281283923,1.0
developmental_synthetic,edge_no_rework,world_sp-seed-267805246917825788,item_0008,1,0.9680235403772851,0.948838747638228,0.9666050281283923,0.9666050281283923,1.0
developmental_synthetic,edge_no_rework,world_sp-seed-267805246917825788,item_0009,1,0.9680235403772851,0.948838747638228,0.9666050281283923,0.9666050281283923,1.0
developmental_synthetic,edge_no_rework,world_sp-seed-267805246917825788,item_0010,1,0.9680235403772851,0.948838747638228,0.9666050281283923,0.9666050281283923,1.0
developmental_synthetic,edge_no_rework,world_sp-seed-267805246917825788,item_0011,1,0.9680235403772851,0.948838747638228,0.9666050281283923,0.9666050281283923,1.0
developmental_synthetic,edge_no_rework,world_sp-seed-267805246917825788,item_0012,1,0.9680235403772851,0.948838747638228,0.9666050281283923,0.9666050281283923,1.0
developmental_synthetic,edge_no_rework,world_sp-seed-5323512391870954056,item_0001,1,0.9680235403772851,0.948838747638228,0.9666050281283923,0.9666050281283923,1.0
developmental_synthetic,edge_no_rework,world_sp-seed-5323512391870954056,item_0002,1,0.9680235403772851,0.948838747638228,0.9666050281283923,0.9666050281283923,1.0
developmental_synthetic,edge_no_rework,world_sp-seed-5323512391870954056,item_0003,1,0.9680235403772851,0.948838747638228,0.9666050281283923,0.9666050281283923,1.0
developmental_synthetic,edge_no_rework,world_sp-seed-5323512391870954056,item_0004,1,0.9680235403772851,0.948838747638228,0.9666050281283923,0.9666050281283923,1.0
developmental_synthetic,edge_no_rework,world_sp-seed-5323512391870954056,item_0005,1,0.9680235403772851,0.948838747638228,0.9666050281283923,0.9666050281283923,1.0
developmental_synthetic,edge_no_rework,world_sp-seed-5323512391870954056,item_0006,1,0.9680235403772851,0.948838747638228,0.9666050281283923,0.9666050281283923,1.0
developmental_synthetic,edge_no_rework,world_sp-seed-5323512391870954056,item_0007,1,0.9680235403772851,0.948838747638228,0.9666050281283923,0.9666050281283923,1.0
developmental_synthetic,edge_no_rework,world_sp-seed-5323512391870954056,item_0008,1,0.9680235403772851,0.948838747638228,0.9666050281283923,0.9666050281283923,1.0
developmental_synthetic,edge_no_rework,world_sp-seed-5323512391870954056,item_0009,1,0.9680235403772851,0.948838747638228,0.9666050281283923,0.9666050281283923,1.0
developmental_synthetic,edge_no_rework,world_sp-seed-5323512391870954056,item_0010,1,0.9680235403772851,0.948838747638228,0.9666050281283923,0.9666050281283923,1.0
developmental_synthetic,edge_no_rework,world_sp-seed-5323512391870954056,item_0011,1,0.9680235403772851,0.948838747638228,0.9666050281283923,0.9666050281283923,1.0
developmental_synthetic,edge_no_rework,world_sp-seed-5323512391870954056,item_0012,1,0.9680235403772851,0.948838747638228,0.9666050281283923,0.9666050281283923,1.0
developmental_synthetic,edge_no_rework,world_sp-seed-1172434494149480746,item_0001,1,0.9680235403772851,0.948838747638228,0.9666050281283923,0.9666050281283923,1.0
developmental_synthetic,edge_no_rework,world_sp-seed-1172434494149480746,item_0002,1,0.9680235403772851,0.948838747638228,0.9666050281283923,0.9666050281283923,1.0
developmental_synthetic,edge_no_rework,world_sp-seed-1172434494149480746,item_0003,1,0.9680235403772851,0.948838747638228,0.9666050281283923,0.9666050281283923,1.0
developmental_synthetic,edge_no_rework,world_sp-seed-1172434494149480746,item_0004,1,0.9680235403772851,0.948838747638228,0.9666050281283923,0.9666050281283923,1.0
developmental_synthetic,edge_no_rework,world_sp-seed-1172434494149480746,item_0005,1,0.9680235403772851,0.948838747638228,0.9666050281283923,0.9666050281283923,1.0
developmental_synthetic,edge_no_rework,world_sp-seed-1172434494149480746,item_0006,1,0.9680235403772851,0.948838747638228,0.9666050281283923,0.9666050281283923,1.0
developmental_synthetic,edge_no_rework,world_sp-seed-1172434494149480746,item_0007,1,0.9680235403772851,0.948838747638228,0.9666050281283923,0.9666050281283923,1.0
developmental_synthetic,edge_no_rework,world_sp-seed-1172434494149480746,item_0008,1,0.9680235403772851,0.948838747638228,0.9666050281283923,0.9666050281283923,1.0
developmental_synthetic,edge_no_rework,world_sp-seed-1172434494149480746,item_0009,1,0.9680235403772851,0.948838747638228,0.9666050281283923,0.9666050281283923,1.0
developmental_synthetic,edge_no_rework,world_sp-seed-1172434494149480746,item_0010,1,0.9680235403772851,0.948838747638228,0.9666050281283923,0.9666050281283923,1.0
developmental_synthetic,edge_no_rework,world_sp-seed-1172434494149480746,item_0011,1,0.9680235403772851,0.948838747638228,0.9666050281283923,0.9666050281283923,1.0
developmental_synthetic,edge_no_rework,world_sp-seed-1172434494149480746,item_0012,1,0.9680235403772851,0.948838747638228,0.9666050281283923,0.9666050281283923,1.0
developmental_synthetic,edge_no_rework,world_sp-seed-5726125126166933359,item_0001,1,0.9680235403772851,0.948838747638228,0.9666050281283923,0.9666050281283923,1.0
developmental_synthetic,edge_no_rework,world_sp-seed-5726125126166933359,item_0002,1,0.9680235403772851,0.948838747638228,0.9666050281283923,0.9666050281283923,1.0
developmental_synthetic,edge_no_rework,world_sp-seed-5726125126166933359,item_0003,1,0.9680235403772851,0.948838747638228,0.9666050281283923,0.9666050281283923,1.0
developmental_synthetic,edge_no_rework,world_sp-seed-5726125126166933359,item_0004,1,0.9680235403772851,0.948838747638228,0.9666050281283923,0.9666050281283923,1.0
developmental_synthetic,edge_no_rework,world_sp-seed-5726125126166933359,item_0005,1,0.9680235403772851,0.948838747638228,0.9666050281283923,0.9666050281283923,1.0
developmental_synthetic,edge_no_rework,world_sp-seed-5726125126166933359,item_0006,1,0.9680235403772851,0.948838747638228,0.9666050281283923,0.9666050281283923,1.0
developmental_synthetic,edge_no_rework,world_sp-seed-5726125126166933359,item_0007,1,0.9680235403772851,0.948838747638228,0.9666050281283923,0.9666050281283923,1.0
developmental_synthetic,edge_no_rework,world_sp-seed-5726125126166933359,item_0008,1,0.9680235403772851,0.948838747638228,0.9666050281283923,0.9666050281283923,1.0
developmental_synthetic,edge_no_rework,world_sp-seed-5726125126166933359,item_0009,1,0.9680235403772851,0.948838747638228,0.9666050281283923,0.9666050281283923,1.0
developmental_synthetic,edge_no_rework,world_sp-seed-5726125126166933359,item_0010,1,0.9680235403772851,0.948838747638228,0.9666050281283923,0.9666050281283923,1.0
developmental_synthetic,edge_no_rework,world_sp-seed-5726125126166933359,item_0011,1,0.9680235403772851,0.948838747638228,0.9666050281283923,0.9666050281283923,1.0
developmental_synthetic,edge_no_rework,world_sp-seed-5726125126166933359,item_0012,1,0.9680235403772851,0.948838747638228,0.9666050281283923,0.9666050281283923,1.0
developmental_synthetic,edge_no_rework,world_sp-seed-319014136358887567,item_0001,1,0.9680235403772851,0.948838747638228,0.9666050281283923,0.9666050281283923,1.0
developmental_synthetic,edge_no_rework,world_sp-seed-319014136358887567,item_0002,1,0.9680235403772851,0.948838747638228,0.9666050281283923,0.9666050281283923,1.0
developmental_synthetic,edge_no_rework,world_sp-seed-319014136358887567,item_0003,1,0.9680235403772851,0.948838747638228,0.9666050281283923,0.9666050281283923,1.0
developmental_synthetic,edge_no_rework,world_sp-seed-319014136358887567,item_0004,1,0.9680235403772851,0.948838747638228,0.9666050281283923,0.9666050281283923,1.0
developmental_synthetic,edge_no_rework,world_sp-seed-319014136358887567,item_0005,1,0.9680235403772851,0.948838747638228,0.9666050281283923,0.9666050281283923,1.0
developmental_synthetic,edge_no_rework,world_sp-seed-319014136358887567,item_0006,1,0.9680235403772851,0.948838747638228,0.9666050281283923,0.9666050281283923,1.0
developmental_synthetic,edge_no_rework,world_sp-seed-319014136358887567,item_0007,1,0.9680235403772851,0.948838747638228,0.9666050281283923,0.9666050281283923,1.0
developmental_synthetic,edge_no_rework,world_sp-seed-319014136358887567,item_0008,1,0.9680235403772851,0.948838747638228,0.9666050281283923,0.9666050281283923,1.0
developmental_synthetic,edge_no_rework,world_sp-seed-319014136358887567,item_0009,1,0.9680235403772851,0.948838747638228,0.9666050281283923,0.9666050281283923,1.0
developmental_synthetic,edge_no_rework,world_sp-seed-319014136358887567,item_0010,1,0.9680235403772851,0.948838747638228,0.9666050281283923,0.9666050281283923,1.0
developmental_synthetic,edge_no_rework,world_sp-seed-319014136358887567,item_0011,1,0.9680235403772851,0.948838747638228,0.9666050281283923,0.9666050281283923,1.0
developmental_synthetic,edge_no_rework,world_sp-seed-319014136358887567,item_0012,1,0.9680235403772851,0.948838747638228,0.9666050281283923,0.9666050281283923,1.0
developmental_synthetic,edge_no_rework,world_sp-seed-3209872604180264923,item_0001,1,0.9680235403772851,0.948838747638228,0.9666050281283923,0.9666050281283923,1.0
developmental_synthetic,edge_no_rework,world_sp-seed-3209872604180264923,item_0002,1,0.9680235403772851,0.948838747638228,0.9666050281283923,0.9666050281283923,1.0
developmental_synthetic,edge_no_rework,world_sp-seed-3209872604180264923,item_0003,1,0.9680235403772851,0.948838747638228,0.9666050281283923,0.9666050281283923,1.0
developmental_synthetic,edge_no_rework,world_sp-seed-3209872604180264923,item_0004,1,0.9680235403772851,0.948838747638228,0.9666050281283923,0.9666050281283923,1.0
developmental_synthetic,edge_no_rework,world_sp-seed-3209872604180264923,item_0005,1,0.9680235403772851,0.948838747638228,0.9666050281283923,0.9666050281283923,1.0
developmental_synthetic,edge_no_rework,world_sp-seed-3209872604180264923,item_0006,1,0.9680235403772851,0.948838747638228,0.9666050281283923,0.9666050281283923,1.0
developmental_synthetic,edge_no_rework,world_sp-seed-3209872604180264923,item_0007,1,0.9680235403772851,0.948838747638228,0.9666050281283923,0.9666050281283923,1.0
developmental_synthetic,edge_no_rework,world_sp-seed-3209872604180264923,item_0008,1,0.9680235403772851,0.948838747638228,0.9666050281283923,0.9666050281283923,1.0
developmental_synthetic,edge_no_rework,world_sp-seed-3209872604180264923,item_0009,1,0.9680235403772851,0.948838747638228,0.9666050281283923,0.9666050281283923,1.0
developmental_synthetic,edge_no_rework,world_sp-seed-3209872604180264923,item_0010,1,0.9680235403772851,0.948838747638228,0.9666050281283923,0.9666050281283923,1.0
developmental_synthetic,edge_no_rework,world_sp-seed-3209872604180264923,item_0011,1,0.9680235403772851,0.948838747638228,0.9666050281283923,0.9666050281283923,1.0
developmental_synthetic,edge_no_rework,world_sp-seed-3209872604180264923,item_0012,1,0.9680235403772851,0.948838747638228,0.9666050281283923,0.9666050281283923,1.0
developmental_synthetic,edge_no_rework,world_sp-seed-6784579373204956173,item_0001,1,0.9680235403772851,0.948838747638228,0.9666050281283923,0.9666050281283923,1.0
developmental_synthetic,edge_no_rework,world_sp-seed-6784579373204956173,item_0002,1,0.9680235403772851,0.948838747638228,0.9666050281283923,0.9666050281283923,1.0
developmental_synthetic,edge_no_rework,world_sp-seed-6784579373204956173,item_0003,1,0.9680235403772851,0.948838747638228,0.9666050281283923,0.9666050281283923,1.0
developmental_synthetic,edge_no_rework,world_sp-seed-6784579373204956173,item_0004,1,0.9680235403772851,0.948838747638228,0.9666050281283923,0.9666050281283923,1.0
developmental_synthetic,edge_no_rework,world_sp-seed-6784579373204956173,item_0005,1,0.9680235403772851,0.948838747638228,0.9666050281283923,0.9666050281283923,1.0
developmental_synthetic,edge_no_rework,world_sp-seed-6784579373204956173,item_0006,1,0.9680235403772851,0.948838747638228,0.9666050281283923,0.9666050281283923,1.0
developmental_synthetic,edge_no_rework,world_sp-seed-6784579373204956173,item_0007,1,0.9680235403772851,0.948838747638228,0.9666050281283923,0.9666050281283923,1.0
developmental_synthetic,edge_no_rework,world_sp-seed-6784579373204956173,item_0008,1,0.9680235403772851,0.948838747638228,0.9666050281283923,0.9666050281283923,1.0
developmental_synthetic,edge_no_rework,world_sp-seed-6784579373204956173,item_0009,1,0.9680235403772851,0.948838747638228,0.9666050281283923,0.9666050281283923,1.0
developmental_synthetic,edge_no_rework,world_sp-seed-6784579373204956173,item_0010,1,0.9680235403772851,0.948838747638228,0.9666050281283923,0.9666050281283923,1.0
developmental_synthetic,edge_no_rework,world_sp-seed-6784579373204956173,item_0011,1,0.9680235403772851,0.948838747638228,0.9666050281283923,0.9666050281283923,1.0
developmental_synthetic,edge_no_rework,world_sp-seed-6784579373204956173,item_0012,1,0.9680235403772851,0.948838747638228,0.9666050281283923,0.9666050281283923,1.0
developmental_synthetic,edge_no_rework,world_sp-seed-4191090533071896547,item_0001,1,0.9680235403772851,0.948838747638228,0.9666050281283923,0.9666050281283923,1.0
developmental_synthetic,edge_no_rework,world_sp-seed-4191090533071896547,item_0002,1,0.9680235403772851,0.948838747638228,0.9666050281283923,0.9666050281283923,1.0
developmental_synthetic,edge_no_rework,world_sp-seed-4191090533071896547,item_0003,1,0.9680235403772851,0.948838747638228,0.9666050281283923,0.9666050281283923,1.0
developmental_synthetic,edge_no_rework,world_sp-seed-4191090533071896547,item_0004,1,0.9680235403772851,0.948838747638228,0.9666050281283923,0.9666050281283923,1.0
developmental_synthetic,edge_no_rework,world_sp-seed-4191090533071896547,item_0005,1,0.9680235403772851,0.948838747638228,0.9666050281283923,0.9666050281283923,1.0
developmental_synthetic,edge_no_rework,world_sp-seed-4191090533071896547,item_0006,1,0.9680235403772851,0.948838747638228,0.9666050281283923,0.9666050281283923,1.0
developmental_synthetic,edge_no_rework,world_sp-seed-4191090533071896547,item_0007,1,0.9680235403772851,0.948838747638228,0.9666050281283923,0.9666050281283923,1.0
developmental_synthetic,edge_no_rework,world_sp-seed-4191090533071896547,item_0008,1,0.9680235403772851,0.948838747638228,0.9666050281283923,0.9666050281283923,1.0
developmental_synthetic,edge_no_rework,world_sp-seed-4191090533071896547,item_0009,1,0.9680235403772851,0.948838747638228,0.9666050281283923,0.9666050281283923,1.0
developmental_synthetic,edge_no_rework,world_sp-seed-4191090533071896547,item_0010,1,0.9680235403772851,0.948838747638228,0.9666050281283923,0.9666050281283923,1.0
developmental_synthetic,edge_no_rework,world_sp-seed-4191090533071896547,item_0011,1,0.9680235403772851,0.948838747638228,0.9666050281283923,0.9666050281283923,1.0
developmental_synthetic,edge_no_rework,world_sp-seed-4191090533071896547,item_0012,1,0.9680235403772851,0.948838747638228,0.9666050281283923,0.9666050281283923,1.0
developmental_synthetic,edge_no_rework,world_sp-seed-9117653556647870869,item_0001,1,0.9680235403772851,0.948838747638228,0.9666050281283923,0.9666050281283923,1.0
developmental_synthetic,edge_no_rework,world_sp-seed-9117653556647870869,item_0002,1,0.9680235403772851,0.948838747638228,0.9666050281283923,0.9666050281283923,1.0
developmental_synthetic,edge_no_rework,world_sp-seed-9117653556647870869,item_0003,1,0.9680235403772851,0.948838747638228,0.9666050281283923,0.9666050281283923,1.0
developmental_synthetic,edge_no_rework,world_sp-seed-9117653556647870869,item_0004,1,0.9680235403772851,0.948838747638228,0.9666050281283923,0.9666050281283923,1.0
developmental_synthetic,edge_no_rework,world_sp-seed-9117653556647870869,item_0005,1,0.9680235403772851,0.948838747638228,0.9666050281283923,0.9666050281283923,1.0
developmental_synthetic,edge_no_rework,world_sp-seed-9117653556647870869,item_0006,1,0.9680235403772851,0.948838747638228,0.9666050281283923,0.9666050281283923,1.0
developmental_synthetic,edge_no_rework,world_sp-seed-9117653556647870869,item_0007,1,0.9680235403772851,0.948838747638228,0.9666050281283923,0.9666050281283923,1.0
developmental_synthetic,edge_no_rework,world_sp-seed-9117653556647870869,item_0008,1,0.9680235403772851,0.948838747638228,0.9666050281283923,0.9666050281283923,1.0
developmental_synthetic,edge_no_rework,world_sp-seed-9117653556647870869,item_0009,1,0.9680235403772851,0.948838747638228,0.9666050281283923,0.9666050281283923,1.0
developmental_synthetic,edge_no_rework,world_sp-seed-9117653556647870869,item_0010,1,0.9680235403772851,0.948838747638228,0.9666050281283923,0.9666050281283923,1.0
developmental_synthetic,edge_no_rework,world_sp-seed-9117653556647870869,item_0011,1,0.9680235403772851,0.948838747638228,0.9666050281283923,0.9666050281283923,1.0
developmental_synthetic,edge_no_rework,world_sp-seed-9117653556647870869,item_0012,1,0.9680235403772851,0.948838747638228,0.9666050281283923,0.9666050281283923,1.0
developmental_synthetic,edge_no_rework,world_sp-seed-8669772086981772072,item_0001,1,0.9680235403772851,0.948838747638228,0.9666050281283923,0.9666050281283923,1.0
developmental_synthetic,edge_no_rework,world_sp-seed-8669772086981772072,item_0002,1,0.9680235403772851,0.948838747638228,0.9666050281283923,0.9666050281283923,1.0
developmental_synthetic,edge_no_rework,world_sp-seed-8669772086981772072,item_0003,1,0.9680235403772851,0.948838747638228,0.9666050281283923,0.9666050281283923,1.0
developmental_synthetic,edge_no_rework,world_sp-seed-8669772086981772072,item_0004,1,0.9680235403772851,0.948838747638228,0.9666050281283923,0.9666050281283923,1.0
developmental_synthetic,edge_no_rework,world_sp-seed-8669772086981772072,item_0005,1,0.9680235403772851,0.948838747638228,0.9666050281283923,0.9666050281283923,1.0
developmental_synthetic,edge_no_rework,world_sp-seed-8669772086981772072,item_0006,1,0.9680235403772851,0.948838747638228,0.9666050281283923,0.9666050281283923,1.0
developmental_synthetic,edge_no_rework,world_sp-seed-8669772086981772072,item_0007,1,0.9680235403772851,0.948838747638228,0.9666050281283923,0.9666050281283923,1.0
developmental_synthetic,edge_no_rework,world_sp-seed-8669772086981772072,item_0008,1,0.9680235403772851,0.948838747638228,0.9666050281283923,0.9666050281283923,1.0
developmental_synthetic,edge_no_rework,world_sp-seed-8669772086981772072,item_0009,1,0.9680235403772851,0.948838747638228,0.9666050281283923,0.9666050281283923,1.0
developmental_synthetic,edge_no_rework,world_sp-seed-8669772086981772072,item_0010,1,0.9680235403772851,0.948838747638228,0.9666050281283923,0.9666050281283923,1.0
developmental_synthetic,edge_no_rework,world_sp-seed-8669772086981772072,item_0011,1,0.9680235403772851,0.948838747638228,0.9666050281283923,0.9666050281283923,1.0
developmental_synthetic,edge_no_rework,world_sp-seed-8669772086981772072,item_0012,1,0.9680235403772851,0.948838747638228,0.9666050281283923,0.9666050281283923,1.0
developmental_synthetic,edge_no_rework,world_sp-seed-3353631954069894546,item_0001,1,0.9680235403772851,0.948838747638228,0.9666050281283923,0.9666050281283923,1.0
developmental_synthetic,edge_no_rework,world_sp-seed-3353631954069894546,item_0002,1,0.9680235403772851,0.948838747638228,0.9666050281283923,0.9666050281283923,1.0
developmental_synthetic,edge_no_rework,world_sp-seed-3353631954069894546,item_0003,1,0.9680235403772851,0.948838747638228,0.9666050281283923,0.9666050281283923,1.0
developmental_synthetic,edge_no_rework,world_sp-seed-3353631954069894546,item_0004,1,0.9680235403772851,0.948838747638228,0.9666050281283923,0.9666050281283923,1.0
developmental_synthetic,edge_no_rework,world_sp-seed-3353631954069894546,item_0005,1,0.9680235403772851,0.948838747638228,0.9666050281283923,0.9666050281283923,1.0
developmental_synthetic,edge_no_rework,world_sp-seed-3353631954069894546,item_0006,1,0.9680235403772851,0.948838747638228,0.9666050281283923,0.9666050281283923,1.0
developmental_synthetic,edge_no_rework,world_sp-seed-3353631954069894546,item_0007,1,0.9680235403772851,0.948838747638228,0.9666050281283923,0.9666050281283923,1.0
developmental_synthetic,edge_no_rework,world_sp-seed-3353631954069894546,item_0008,1,0.9680235403772851,0.948838747638228,0.9666050281283923,0.9666050281283923,1.0
developmental_synthetic,edge_no_rework,world_sp-seed-3353631954069894546,item_0009,1,0.9680235403772851,0.948838747638228,0.9666050281283923,0.9666050281283923,1.0
developmental_synthetic,edge_no_rework,world_sp-seed-3353631954069894546,item_0010,1,0.9680235403772851,0.948838747638228,0.9666050281283923,0.9666050281283923,1.0
developmental_synthetic,edge_no_rework,world_sp-seed-3353631954069894546,item_0011,1,0.9680235403772851,0.948838747638228,0.9666050281283923,0.9666050281283923,1.0
developmental_synthetic,edge_no_rework,world_sp-seed-3353631954069894546,item_0012,1,0.9680235403772851,0.948838747638228,0.9666050281283923,0.9666050281283923,1.0
developmental_synthetic,edge_no_rework,world_sp-seed-9078621501550203399,item_0001,1,0.9680235403772851,0.948838747638228,0.9666050281283923,0.9666050281283923,1.0
developmental_synthetic,edge_no_rework,world_sp-seed-9078621501550203399,item_0002,1,0.9680235403772851,0.948838747638228,0.9666050281283923,0.9666050281283923,1.0
developmental_synthetic,edge_no_rework,world_sp-seed-9078621501550203399,item_0003,1,0.9680235403772851,0.948838747638228,0.9666050281283923,0.9666050281283923,1.0
developmental_synthetic,edge_no_rework,world_sp-seed-9078621501550203399,item_0004,1,0.9680235403772851,0.948838747638228,0.9666050281283923,0.9666050281283923,1.0
developmental_synthetic,edge_no_rework,world_sp-seed-9078621501550203399,item_0005,1,0.9680235403772851,0.948838747638228,0.9666050281283923,0.9666050281283923,1.0
developmental_synthetic,edge_no_rework,world_sp-seed-9078621501550203399,item_0006,1,0.9680235403772851,0.948838747638228,0.9666050281283923,0.9666050281283923,1.0
developmental_synthetic,edge_no_rework,world_sp-seed-9078621501550203399,item_0007,1,0.9680235403772851,0.948838747638228,0.9666050281283923,0.9666050281283923,1.0
developmental_synthetic,edge_no_rework,world_sp-seed-9078621501550203399,item_0008,1,0.9680235403772851,0.948838747638228,0.9666050281283923,0.9666050281283923,1.0
developmental_synthetic,edge_no_rework,world_sp-seed-9078621501550203399,item_0009,1,0.9680235403772851,0.948838747638228,0.9666050281283923,0.9666050281283923,1.0
developmental_synthetic,edge_no_rework,world_sp-seed-9078621501550203399,item_0010,1,0.9680235403772851,0.948838747638228,0.9666050281283923,0.9666050281283923,1.0
developmental_synthetic,edge_no_rework,world_sp-seed-9078621501550203399,item_0011,1,0.9680235403772851,0.948838747638228,0.9666050281283923,0.9666050281283923,1.0
developmental_synthetic,edge_no_rework,world_sp-seed-9078621501550203399,item_0012,1,0.9680235403772851,0.948838747638228,0.9666050281283923,0.9666050281283923,1.0
developmental_synthetic,edge_no_rework,world_sp-seed-2232509440464157497,item_0001,1,0.9680235403772851,0.948838747638228,0.9666050281283923,0.9666050281283923,1.0
developmental_synthetic,edge_no_rework,world_sp-seed-2232509440464157497,item_0002,1,0.9680235403772851,0.948838747638228,0.9666050281283923,0.9666050281283923,1.0
developmental_synthetic,edge_no_rework,world_sp-seed-2232509440464157497,item_0003,1,0.9680235403772851,0.948838747638228,0.9666050281283923,0.9666050281283923,1.0
developmental_synthetic,edge_no_rework,world_sp-seed-2232509440464157497,item_0004,1,0.9680235403772851,0.948838747638228,0.9666050281283923,0.9666050281283923,1.0
developmental_synthetic,edge_no_rework,world_sp-seed-2232509440464157497,item_0005,1,0.9680235403772851,0.948838747638228,0.9666050281283923,0.9666050281283923,1.0
developmental_synthetic,edge_no_rework,world_sp-seed-2232509440464157497,item_0006,1,0.9680235403772851,0.948838747638228,0.9666050281283923,0.9666050281283923,1.0
developmental_synthetic,edge_no_rework,world_sp-seed-2232509440464157497,item_0007,1,0.9680235403772851,0.948838747638228,0.9666050281283923,0.9666050281283923,1.0
developmental_synthetic,edge_no_rework,world_sp-seed-2232509440464157497,item_0008,1,0.9680235403772851,0.948838747638228,0.9666050281283923,0.9666050281283923,1.0
developmental_synthetic,edge_no_rework,world_sp-seed-2232509440464157497,item_0009,1,0.9680235403772851,0.948838747638228,0.9666050281283923,0.9666050281283923,1.0
developmental_synthetic,edge_no_rework,world_sp-seed-2232509440464157497,item_0010,1,0.9680235403772851,0.948838747638228,0.9666050281283923,0.9666050281283923,1.0
developmental_synthetic,edge_no_rework,world_sp-seed-2232509440464157497,item_0011,1,0.9680235403772851,0.948838747638228,0.9666050281283923,0.9666050281283923,1.0
developmental_synthetic,edge_no_rework,world_sp-seed-2232509440464157497,item_0012,1,0.9680235403772851,0.948838747638228,0.9666050281283923,0.9666050281283923,1.0
developmental_synthetic,edge_no_rework,world_sp-seed-1318810389743050509,item_0001,1,0.9680235403772851,0.948838747638228,0.9666050281283923,0.9666050281283923,1.0
developmental_synthetic,edge_no_rework,world_sp-seed-1318810389743050509,item_0002,1,0.9680235403772851,0.948838747638228,0.9666050281283923,0.9666050281283923,1.0
developmental_synthetic,edge_no_rework,world_sp-seed-1318810389743050509,item_0003,1,0.9680235403772851,0.948838747638228,0.9666050281283923,0.9666050281283923,1.0
developmental_synthetic,edge_no_rework,world_sp-seed-1318810389743050509,item_0004,1,0.9680235403772851,0.948838747638228,0.9666050281283923,0.9666050281283923,1.0
developmental_synthetic,edge_no_rework,world_sp-seed-1318810389743050509,item_0005,1,0.9680235403772851,0.948838747638228,0.9666050281283923,0.9666050281283923,1.0
developmental_synthetic,edge_no_rework,world_sp-seed-1318810389743050509,item_0006,1,0.9680235403772851,0.948838747638228,0.9666050281283923,0.9666050281283923,1.0
developmental_synthetic,edge_no_rework,world_sp-seed-1318810389743050509,item_0007,1,0.9680235403772851,0.948838747638228,0.9666050281283923,0.9666050281283923,1.0
developmental_synthetic,edge_no_rework,world_sp-seed-1318810389743050509,item_0008,1,0.9680235403772851,0.948838747638228,0.9666050281283923,0.9666050281283923,1.0
developmental_synthetic,edge_no_rework,world_sp-seed-1318810389743050509,item_0009,1,0.9680235403772851,0.948838747638228,0.9666050281283923,0.9666050281283923,1.0
developmental_synthetic,edge_no_rework,world_sp-seed-1318810389743050509,item_0010,1,0.9680235403772851,0.948838747638228,0.9666050281283923,0.9666050281283923,1.0
developmental_synthetic,edge_no_rework,world_sp-seed-1318810389743050509,item_0011,1,0.9680235403772851,0.948838747638228,0.9666050281283923,0.9666050281283923,1.0
developmental_synthetic,edge_no_rework,world_sp-seed-1318810389743050509,item_0012,1,0.9680235403772851,0.948838747638228,0.9666050281283923,0.9666050281283923,1.0
developmental_synthetic,edge_no_rework,world_sp-seed-2672526422288897444,item_0001,1,0.9680235403772851,0.948838747638228,0.9666050281283923,0.9666050281283923,1.0
developmental_synthetic,edge_no_rework,world_sp-seed-2672526422288897444,item_0002,1,0.9680235403772851,0.948838747638228,0.9666050281283923,0.9666050281283923,1.0
developmental_synthetic,edge_no_rework,world_sp-seed-2672526422288897444,item_0003,1,0.9680235403772851,0.948838747638228,0.9666050281283923,0.9666050281283923,1.0
developmental_synthetic,edge_no_rework,world_sp-seed-2672526422288897444,item_0004,1,0.9680235403772851,0.948838747638228,0.9666050281283923,0.9666050281283923,1.0
developmental_synthetic,edge_no_rework,world_sp-seed-2672526422288897444,item_0005,1,0.9680235403772851,0.948838747638228,0.9666050281283923,0.9666050281283923,1.0
developmental_synthetic,edge_no_rework,world_sp-seed-2672526422288897444,item_0006,1,0.9680235403772851,0.948838747638228,0.9666050281283923,0.9666050281283923,1.0
developmental_synthetic,edge_no_rework,world_sp-seed-2672526422288897444,item_0007,1,0.9680235403772851,0.948838747638228,0.9666050281283923,0.9666050281283923,1.0
developmental_synthetic,edge_no_rework,world_sp-seed-2672526422288897444,item_0008,1,0.9680235403772851,0.948838747638228,0.9666050281283923,0.9666050281283923,1.0
developmental_synthetic,edge_no_rework,world_sp-seed-2672526422288897444,item_0009,1,0.9680235403772851,0.948838747638228,0.9666050281283923,0.9666050281283923,1.0
developmental_synthetic,edge_no_rework,world_sp-seed-2672526422288897444,item_0010,1,0.9680235403772851,0.948838747638228,0.9666050281283923,0.9666050281283923,1.0
developmental_synthetic,edge_no_rework,world_sp-seed-2672526422288897444,item_0011,1,0.9680235403772851,0.948838747638228,0.9666050281283923,0.9666050281283923,1.0
developmental_synthetic,edge_no_rework,world_sp-seed-2672526422288897444,item_0012,1,0.9680235403772851,0.948838747638228,0.9666050281283923,0.9666050281283923,1.0
developmental_synthetic,edge_no_rework,world_sp-seed-2184401695212112810,item_0001,1,0.9680235403772851,0.948838747638228,0.9666050281283923,0.9666050281283923,1.0
developmental_synthetic,edge_no_rework,world_sp-seed-2184401695212112810,item_0002,1,0.9680235403772851,0.948838747638228,0.9666050281283923,0.9666050281283923,1.0
developmental_synthetic,edge_no_rework,world_sp-seed-2184401695212112810,item_0003,1,0.9680235403772851,0.948838747638228,0.9666050281283923,0.9666050281283923,1.0
developmental_synthetic,edge_no_rework,world_sp-seed-2184401695212112810,item_0004,1,0.9680235403772851,0.948838747638228,0.9666050281283923,0.9666050281283923,1.0
developmental_synthetic,edge_no_rework,world_sp-seed-2184401695212112810,item_0005,1,0.9680235403772851,0.948838747638228,0.9666050281283923,0.9666050281283923,1.0
developmental_synthetic,edge_no_rework,world_sp-seed-2184401695212112810,item_0006,1,0.9680235403772851,0.948838747638228,0.9666050281283923,0.9666050281283923,1.0
developmental_synthetic,edge_no_rework,world_sp-seed-2184401695212112810,item_0007,1,0.9680235403772851,0.948838747638228,0.9666050281283923,0.9666050281283923,1.0
developmental_synthetic,edge_no_rework,world_sp-seed-2184401695212112810,item_0008,1,0.9680235403772851,0.948838747638228,0.9666050281283923,0.9666050281283923,1.0
developmental_synthetic,edge_no_rework,world_sp-seed-2184401695212112810,item_0009,1,0.9680235403772851,0.948838747638228,0.9666050281283923,0.9666050281283923,1.0
developmental_synthetic,edge_no_rework,world_sp-seed-2184401695212112810,item_0010,1,0.9680235403772851,0.948838747638228,0.9666050281283923,0.9666050281283923,1.0
developmental_synthetic,edge_no_rework,world_sp-seed-2184401695212112810,item_0011,1,0.9680235403772851,0.948838747638228,0.9666050281283923,0.9666050281283923,1.0
developmental_synthetic,edge_no_rework,world_sp-seed-2184401695212112810,item_0012,1,0.9680235403772851,0.948838747638228,0.9666050281283923,0.9666050281283923,1.0
developmental_synthetic,edge_severe_queue,world_bottleneck-seed-4594190432599945735,item_0001,1,0.8376744482545002,0.7596982046053012,0.17675903311877927,0.11497362796404004,0.2013888888888889
developmental_synthetic,edge_severe_queue,world_bottleneck-seed-4594190432599945735,item_0002,0,0.8376744482545002,0.7596982046053012,0.17675903311877927,0.11497362796404004,0.2013888888888889
developmental_synthetic,edge_severe_queue,world_bottleneck-seed-4594190432599945735,item_0003,1,0.8376744482545002,0.7596982046053012,0.17675903311877927,0.11497362796404004,0.2013888888888889
developmental_synthetic,edge_severe_queue,world_bottleneck-seed-4594190432599945735,item_0004,0,0.8376744482545002,0.7596982046053012,0.17675903311877927,0.11497362796404004,0.2013888888888889
developmental_synthetic,edge_severe_queue,world_bottleneck-seed-4594190432599945735,item_0005,1,0.8376744482545002,0.7596982046053012,0.17675903311877927,0.11497362796404004,0.2013888888888889
developmental_synthetic,edge_severe_queue,world_bottleneck-seed-4594190432599945735,item_0006,0,0.8376744482545002,0.7596982046053012,0.17675903311877927,0.11497362796404004,0.2013888888888889
developmental_synthetic,edge_severe_queue,world_bottleneck-seed-4594190432599945735,item_0007,1,0.8376744482545002,0.7596982046053012,0.17675903311877927,0.11497362796404004,0.2013888888888889
developmental_synthetic,edge_severe_queue,world_bottleneck-seed-4594190432599945735,item_0008,0,0.8376744482545002,0.7596982046053012,0.17675903311877927,0.11497362796404004,0.2013888888888889
developmental_synthetic,edge_severe_queue,world_bottleneck-seed-4594190432599945735,item_0009,1,0.8376744482545002,0.7596982046053012,0.17675903311877927,0.11497362796404004,0.2013888888888889
developmental_synthetic,edge_severe_queue,world_bottleneck-seed-4594190432599945735,item_0010,0,0.8376744482545002,0.7596982046053012,0.17675903311877927,0.11497362796404004,0.2013888888888889
developmental_synthetic,edge_severe_queue,world_bottleneck-seed-4594190432599945735,item_0011,1,0.8376744482545002,0.7596982046053012,0.17675903311877927,0.11497362796404004,0.2013888888888889
developmental_synthetic,edge_severe_queue,world_bottleneck-seed-4594190432599945735,item_0012,0,0.8376744482545002,0.7596982046053012,0.17675903311877927,0.11497362796404004,0.2013888888888889
developmental_synthetic,edge_severe_queue,world_bottleneck-seed-4594190432599945735,item_0013,1,0.8376744482545002,0.7596982046053012,0.17675903311877927,0.11497362796404004,0.2013888888888889
developmental_synthetic,edge_severe_queue,world_bottleneck-seed-4594190432599945735,item_0014,0,0.8376744482545002,0.7596982046053012,0.17675903311877927,0.11497362796404004,0.2013888888888889
developmental_synthetic,edge_severe_queue,world_bottleneck-seed-4594190432599945735,item_0015,1,0.8376744482545002,0.7596982046053012,0.17675903311877927,0.11497362796404004,0.2013888888888889
developmental_synthetic,edge_severe_queue,world_bottleneck-seed-4594190432599945735,item_0016,0,0.8376744482545002,0.7596982046053012,0.17675903311877927,0.11497362796404004,0.2013888888888889
developmental_synthetic,edge_severe_queue,world_bottleneck-seed-4594190432599945735,item_0017,0,0.8376744482545002,0.7596982046053012,0.17675903311877927,0.11497362796404004,0.2013888888888889
developmental_synthetic,edge_severe_queue,world_bottleneck-seed-4594190432599945735,item_0018,0,0.8376744482545002,0.7596982046053012,0.17675903311877927,0.11497362796404004,0.2013888888888889
developmental_synthetic,edge_severe_queue,world_bottleneck-seed-4594190432599945735,item_0019,1,0.8376744482545002,0.7596982046053012,0.17675903311877927,0.11497362796404004,0.2013888888888889
developmental_synthetic,edge_severe_queue,world_bottleneck-seed-4594190432599945735,item_0020,0,0.8376744482545002,0.7596982046053012,0.17675903311877927,0.11497362796404004,0.2013888888888889
developmental_synthetic,edge_severe_queue,world_bottleneck-seed-4594190432599945735,item_0021,1,0.8376744482545002,0.7596982046053012,0.17675903311877927,0.11497362796404004,0.2013888888888889
developmental_synthetic,edge_severe_queue,world_bottleneck-seed-4594190432599945735,item_0022,0,0.8376744482545002,0.7596982046053012,0.17675903311877927,0.11497362796404004,0.2013888888888889
developmental_synthetic,edge_severe_queue,world_bottleneck-seed-4594190432599945735,item_0023,0,0.8376744482545002,0.7596982046053012,0.17675903311877927,0.11497362796404004,0.2013888888888889
developmental_synthetic,edge_severe_queue,world_bottleneck-seed-4594190432599945735,item_0024,0,0.8376744482545002,0.7596982046053012,0.17675903311877927,0.11497362796404004,0.2013888888888889
developmental_synthetic,edge_severe_queue,world_bottleneck-seed-4594190432599945735,item_0025,0,0.8376744482545002,0.7596982046053012,0.17675903311877927,0.11497362796404004,0.2013888888888889
developmental_synthetic,edge_severe_queue,world_bottleneck-seed-4594190432599945735,item_0026,0,0.8376744482545002,0.7596982046053012,0.17675903311877927,0.11497362796404004,0.2013888888888889
developmental_synthetic,edge_severe_queue,world_bottleneck-seed-4594190432599945735,item_0027,0,0.8376744482545002,0.7596982046053012,0.17675903311877927,0.11497362796404004,0.2013888888888889
developmental_synthetic,edge_severe_queue,world_bottleneck-seed-4594190432599945735,item_0028,0,0.8376744482545002,0.7596982046053012,0.17675903311877927,0.11497362796404004,0.2013888888888889
developmental_synthetic,edge_severe_queue,world_bottleneck-seed-4594190432599945735,item_0029,0,0.8376744482545002,0.7596982046053012,0.17675903311877927,0.11497362796404004,0.2013888888888889
developmental_synthetic,edge_severe_queue,world_bottleneck-seed-4594190432599945735,item_0030,0,0.8376744482545002,0.7596982046053012,0.17675903311877927,0.11497362796404004,0.2013888888888889
developmental_synthetic,edge_severe_queue,world_bottleneck-seed-4594190432599945735,item_0031,0,0.8376744482545002,0.7596982046053012,0.17675903311877927,0.11497362796404004,0.2013888888888889
developmental_synthetic,edge_severe_queue,world_bottleneck-seed-4594190432599945735,item_0032,0,0.8376744482545002,0.7596982046053012,0.17675903311877927,0.11497362796404004,0.2013888888888889
developmental_synthetic,edge_severe_queue,world_bottleneck-seed-4594190432599945735,item_0033,0,0.8376744482545002,0.7596982046053012,0.17675903311877927,0.11497362796404004,0.2013888888888889
developmental_synthetic,edge_severe_queue,world_bottleneck-seed-4594190432599945735,item_0034,0,0.8376744482545002,0.7596982046053012,0.17675903311877927,0.11497362796404004,0.2013888888888889
developmental_synthetic,edge_severe_queue,world_bottleneck-seed-4594190432599945735,item_0035,0,0.8376744482545002,0.7596982046053012,0.17675903311877927,0.11497362796404004,0.2013888888888889
developmental_synthetic,edge_severe_queue,world_bottleneck-seed-4594190432599945735,item_0036,0,0.8376744482545002,0.7596982046053012,0.17675903311877927,0.11497362796404004,0.2013888888888889
developmental_synthetic,edge_severe_queue,world_bottleneck-seed-4594190432599945735,item_0037,0,0.8376744482545002,0.7596982046053012,0.17675903311877927,0.11497362796404004,0.2013888888888889
developmental_synthetic,edge_severe_queue,world_bottleneck-seed-4594190432599945735,item_0038,0,0.8376744482545002,0.7596982046053012,0.17675903311877927,0.11497362796404004,0.2013888888888889
developmental_synthetic,edge_severe_queue,world_bottleneck-seed-4594190432599945735,item_0039,0,0.8376744482545002,0.7596982046053012,0.17675903311877927,0.11497362796404004,0.2013888888888889
developmental_synthetic,edge_severe_queue,world_bottleneck-seed-4594190432599945735,item_0040,0,0.8376744482545002,0.7596982046053012,0.17675903311877927,0.11497362796404004,0.2013888888888889
developmental_synthetic,edge_severe_queue,world_bottleneck-seed-4594190432599945735,item_0041,0,0.8376744482545002,0.7596982046053012,0.17675903311877927,0.11497362796404004,0.2013888888888889
developmental_synthetic,edge_severe_queue,world_bottleneck-seed-4594190432599945735,item_0042,0,0.8376744482545002,0.7596982046053012,0.17675903311877927,0.11497362796404004,0.2013888888888889
developmental_synthetic,edge_severe_queue,world_bottleneck-seed-4594190432599945735,item_0043,0,0.8376744482545002,0.7596982046053012,0.17675903311877927,0.11497362796404004,0.2013888888888889
developmental_synthetic,edge_severe_queue,world_bottleneck-seed-4594190432599945735,item_0044,0,0.8376744482545002,0.7596982046053012,0.17675903311877927,0.11497362796404004,0.2013888888888889
developmental_synthetic,edge_severe_queue,world_bottleneck-seed-4594190432599945735,item_0045,0,0.8376744482545002,0.7596982046053012,0.17675903311877927,0.11497362796404004,0.2013888888888889
developmental_synthetic,edge_severe_queue,world_bottleneck-seed-4594190432599945735,item_0046,0,0.8376744482545002,0.7596982046053012,0.17675903311877927,0.11497362796404004,0.2013888888888889
developmental_synthetic,edge_severe_queue,world_bottleneck-seed-4594190432599945735,item_0047,0,0.8376744482545002,0.7596982046053012,0.17675903311877927,0.11497362796404004,0.2013888888888889
developmental_synthetic,edge_severe_queue,world_bottleneck-seed-4594190432599945735,item_0048,0,0.8376744482545002,0.7596982046053012,0.17675903311877927,0.11497362796404004,0.2013888888888889
developmental_synthetic,edge_severe_queue,world_bottleneck-seed-8166473292603767607,item_0001,1,0.8376744482545002,0.7596982046053012,0.17675903311877927,0.11497362796404004,0.2013888888888889
developmental_synthetic,edge_severe_queue,world_bottleneck-seed-8166473292603767607,item_0002,0,0.8376744482545002,0.7596982046053012,0.17675903311877927,0.11497362796404004,0.2013888888888889
developmental_synthetic,edge_severe_queue,world_bottleneck-seed-8166473292603767607,item_0003,1,0.8376744482545002,0.7596982046053012,0.17675903311877927,0.11497362796404004,0.2013888888888889
developmental_synthetic,edge_severe_queue,world_bottleneck-seed-8166473292603767607,item_0004,0,0.8376744482545002,0.7596982046053012,0.17675903311877927,0.11497362796404004,0.2013888888888889
developmental_synthetic,edge_severe_queue,world_bottleneck-seed-8166473292603767607,item_0005,1,0.8376744482545002,0.7596982046053012,0.17675903311877927,0.11497362796404004,0.2013888888888889
developmental_synthetic,edge_severe_queue,world_bottleneck-seed-8166473292603767607,item_0006,0,0.8376744482545002,0.7596982046053012,0.17675903311877927,0.11497362796404004,0.2013888888888889
developmental_synthetic,edge_severe_queue,world_bottleneck-seed-8166473292603767607,item_0007,1,0.8376744482545002,0.7596982046053012,0.17675903311877927,0.11497362796404004,0.2013888888888889
developmental_synthetic,edge_severe_queue,world_bottleneck-seed-8166473292603767607,item_0008,0,0.8376744482545002,0.7596982046053012,0.17675903311877927,0.11497362796404004,0.2013888888888889
developmental_synthetic,edge_severe_queue,world_bottleneck-seed-8166473292603767607,item_0009,1,0.8376744482545002,0.7596982046053012,0.17675903311877927,0.11497362796404004,0.2013888888888889
developmental_synthetic,edge_severe_queue,world_bottleneck-seed-8166473292603767607,item_0010,0,0.8376744482545002,0.7596982046053012,0.17675903311877927,0.11497362796404004,0.2013888888888889
developmental_synthetic,edge_severe_queue,world_bottleneck-seed-8166473292603767607,item_0011,1,0.8376744482545002,0.7596982046053012,0.17675903311877927,0.11497362796404004,0.2013888888888889
developmental_synthetic,edge_severe_queue,world_bottleneck-seed-8166473292603767607,item_0012,0,0.8376744482545002,0.7596982046053012,0.17675903311877927,0.11497362796404004,0.2013888888888889
developmental_synthetic,edge_severe_queue,world_bottleneck-seed-8166473292603767607,item_0013,1,0.8376744482545002,0.7596982046053012,0.17675903311877927,0.11497362796404004,0.2013888888888889
developmental_synthetic,edge_severe_queue,world_bottleneck-seed-8166473292603767607,item_0014,0,0.8376744482545002,0.7596982046053012,0.17675903311877927,0.11497362796404004,0.2013888888888889
developmental_synthetic,edge_severe_queue,world_bottleneck-seed-8166473292603767607,item_0015,1,0.8376744482545002,0.7596982046053012,0.17675903311877927,0.11497362796404004,0.2013888888888889
developmental_synthetic,edge_severe_queue,world_bottleneck-seed-8166473292603767607,item_0016,0,0.8376744482545002,0.7596982046053012,0.17675903311877927,0.11497362796404004,0.2013888888888889
developmental_synthetic,edge_severe_queue,world_bottleneck-seed-8166473292603767607,item_0017,1,0.8376744482545002,0.7596982046053012,0.17675903311877927,0.11497362796404004,0.2013888888888889
developmental_synthetic,edge_severe_queue,world_bottleneck-seed-8166473292603767607,item_0018,0,0.8376744482545002,0.7596982046053012,0.17675903311877927,0.11497362796404004,0.2013888888888889
developmental_synthetic,edge_severe_queue,world_bottleneck-seed-8166473292603767607,item_0019,0,0.8376744482545002,0.7596982046053012,0.17675903311877927,0.11497362796404004,0.2013888888888889
developmental_synthetic,edge_severe_queue,world_bottleneck-seed-8166473292603767607,item_0020,0,0.8376744482545002,0.7596982046053012,0.17675903311877927,0.11497362796404004,0.2013888888888889
developmental_synthetic,edge_severe_queue,world_bottleneck-seed-8166473292603767607,item_0021,0,0.8376744482545002,0.7596982046053012,0.17675903311877927,0.11497362796404004,0.2013888888888889
developmental_synthetic,edge_severe_queue,world_bottleneck-seed-8166473292603767607,item_0022,0,0.8376744482545002,0.7596982046053012,0.17675903311877927,0.11497362796404004,0.2013888888888889
developmental_synthetic,edge_severe_queue,world_bottleneck-seed-8166473292603767607,item_0023,0,0.8376744482545002,0.7596982046053012,0.17675903311877927,0.11497362796404004,0.2013888888888889
developmental_synthetic,edge_severe_queue,world_bottleneck-seed-8166473292603767607,item_0024,0,0.8376744482545002,0.7596982046053012,0.17675903311877927,0.11497362796404004,0.2013888888888889
developmental_synthetic,edge_severe_queue,world_bottleneck-seed-8166473292603767607,item_0025,0,0.8376744482545002,0.7596982046053012,0.17675903311877927,0.11497362796404004,0.2013888888888889
developmental_synthetic,edge_severe_queue,world_bottleneck-seed-8166473292603767607,item_0026,0,0.8376744482545002,0.7596982046053012,0.17675903311877927,0.11497362796404004,0.2013888888888889
developmental_synthetic,edge_severe_queue,world_bottleneck-seed-8166473292603767607,item_0027,0,0.8376744482545002,0.7596982046053012,0.17675903311877927,0.11497362796404004,0.2013888888888889
developmental_synthetic,edge_severe_queue,world_bottleneck-seed-8166473292603767607,item_0028,0,0.8376744482545002,0.7596982046053012,0.17675903311877927,0.11497362796404004,0.2013888888888889
developmental_synthetic,edge_severe_queue,world_bottleneck-seed-8166473292603767607,item_0029,0,0.8376744482545002,0.7596982046053012,0.17675903311877927,0.11497362796404004,0.2013888888888889
developmental_synthetic,edge_severe_queue,world_bottleneck-seed-8166473292603767607,item_0030,0,0.8376744482545002,0.7596982046053012,0.17675903311877927,0.11497362796404004,0.2013888888888889
developmental_synthetic,edge_severe_queue,world_bottleneck-seed-8166473292603767607,item_0031,0,0.8376744482545002,0.7596982046053012,0.17675903311877927,0.11497362796404004,0.2013888888888889
developmental_synthetic,edge_severe_queue,world_bottleneck-seed-8166473292603767607,item_0032,0,0.8376744482545002,0.7596982046053012,0.17675903311877927,0.11497362796404004,0.2013888888888889
developmental_synthetic,edge_severe_queue,world_bottleneck-seed-8166473292603767607,item_0033,0,0.8376744482545002,0.7596982046053012,0.17675903311877927,0.11497362796404004,0.2013888888888889
developmental_synthetic,edge_severe_queue,world_bottleneck-seed-8166473292603767607,item_0034,0,0.8376744482545002,0.7596982046053012,0.17675903311877927,0.11497362796404004,0.2013888888888889
developmental_synthetic,edge_severe_queue,world_bottleneck-seed-8166473292603767607,item_0035,0,0.8376744482545002,0.7596982046053012,0.17675903311877927,0.11497362796404004,0.2013888888888889
developmental_synthetic,edge_severe_queue,world_bottleneck-seed-8166473292603767607,item_0036,0,0.8376744482545002,0.7596982046053012,0.17675903311877927,0.11497362796404004,0.2013888888888889
developmental_synthetic,edge_severe_queue,world_bottleneck-seed-8166473292603767607,item_0037,0,0.8376744482545002,0.7596982046053012,0.17675903311877927,0.11497362796404004,0.2013888888888889
developmental_synthetic,edge_severe_queue,world_bottleneck-seed-8166473292603767607,item_0038,0,0.8376744482545002,0.7596982046053012,0.17675903311877927,0.11497362796404004,0.2013888888888889
developmental_synthetic,edge_severe_queue,world_bottleneck-seed-8166473292603767607,item_0039,0,0.8376744482545002,0.7596982046053012,0.17675903311877927,0.11497362796404004,0.2013888888888889
developmental_synthetic,edge_severe_queue,world_bottleneck-seed-8166473292603767607,item_0040,0,0.8376744482545002,0.7596982046053012,0.17675903311877927,0.11497362796404004,0.2013888888888889
developmental_synthetic,edge_severe_queue,world_bottleneck-seed-8166473292603767607,item_0041,0,0.8376744482545002,0.7596982046053012,0.17675903311877927,0.11497362796404004,0.2013888888888889
developmental_synthetic,edge_severe_queue,world_bottleneck-seed-8166473292603767607,item_0042,0,0.8376744482545002,0.7596982046053012,0.17675903311877927,0.11497362796404004,0.2013888888888889
developmental_synthetic,edge_severe_queue,world_bottleneck-seed-8166473292603767607,item_0043,0,0.8376744482545002,0.7596982046053012,0.17675903311877927,0.11497362796404004,0.2013888888888889
developmental_synthetic,edge_severe_queue,world_bottleneck-seed-8166473292603767607,item_0044,0,0.8376744482545002,0.7596982046053012,0.17675903311877927,0.11497362796404004,0.2013888888888889
developmental_synthetic,edge_severe_queue,world_bottleneck-seed-8166473292603767607,item_0045,0,0.8376744482545002,0.7596982046053012,0.17675903311877927,0.11497362796404004,0.2013888888888889
developmental_synthetic,edge_severe_queue,world_bottleneck-seed-8166473292603767607,item_0046,0,0.8376744482545002,0.7596982046053012,0.17675903311877927,0.11497362796404004,0.2013888888888889
developmental_synthetic,edge_severe_queue,world_bottleneck-seed-8166473292603767607,item_0047,0,0.8376744482545002,0.7596982046053012,0.17675903311877927,0.11497362796404004,0.2013888888888889
developmental_synthetic,edge_severe_queue,world_bottleneck-seed-8166473292603767607,item_0048,0,0.8376744482545002,0.7596982046053012,0.17675903311877927,0.11497362796404004,0.2013888888888889
developmental_synthetic,edge_severe_queue,world_bottleneck-seed-4170565587130884155,item_0001,1,0.8376744482545002,0.7596982046053012,0.17675903311877927,0.11497362796404004,0.2013888888888889
developmental_synthetic,edge_severe_queue,world_bottleneck-seed-4170565587130884155,item_0002,0,0.8376744482545002,0.7596982046053012,0.17675903311877927,0.11497362796404004,0.2013888888888889
developmental_synthetic,edge_severe_queue,world_bottleneck-seed-4170565587130884155,item_0003,1,0.8376744482545002,0.7596982046053012,0.17675903311877927,0.11497362796404004,0.2013888888888889
developmental_synthetic,edge_severe_queue,world_bottleneck-seed-4170565587130884155,item_0004,0,0.8376744482545002,0.7596982046053012,0.17675903311877927,0.11497362796404004,0.2013888888888889
developmental_synthetic,edge_severe_queue,world_bottleneck-seed-4170565587130884155,item_0005,1,0.8376744482545002,0.7596982046053012,0.17675903311877927,0.11497362796404004,0.2013888888888889
developmental_synthetic,edge_severe_queue,world_bottleneck-seed-4170565587130884155,item_0006,0,0.8376744482545002,0.7596982046053012,0.17675903311877927,0.11497362796404004,0.2013888888888889
developmental_synthetic,edge_severe_queue,world_bottleneck-seed-4170565587130884155,item_0007,1,0.8376744482545002,0.7596982046053012,0.17675903311877927,0.11497362796404004,0.2013888888888889
developmental_synthetic,edge_severe_queue,world_bottleneck-seed-4170565587130884155,item_0008,0,0.8376744482545002,0.7596982046053012,0.17675903311877927,0.11497362796404004,0.2013888888888889
developmental_synthetic,edge_severe_queue,world_bottleneck-seed-4170565587130884155,item_0009,1,0.8376744482545002,0.7596982046053012,0.17675903311877927,0.11497362796404004,0.2013888888888889
developmental_synthetic,edge_severe_queue,world_bottleneck-seed-4170565587130884155,item_0010,0,0.8376744482545002,0.7596982046053012,0.17675903311877927,0.11497362796404004,0.2013888888888889
developmental_synthetic,edge_severe_queue,world_bottleneck-seed-4170565587130884155,item_0011,0,0.8376744482545002,0.7596982046053012,0.17675903311877927,0.11497362796404004,0.2013888888888889
developmental_synthetic,edge_severe_queue,world_bottleneck-seed-4170565587130884155,item_0012,0,0.8376744482545002,0.7596982046053012,0.17675903311877927,0.11497362796404004,0.2013888888888889
developmental_synthetic,edge_severe_queue,world_bottleneck-seed-4170565587130884155,item_0013,1,0.8376744482545002,0.7596982046053012,0.17675903311877927,0.11497362796404004,0.2013888888888889
developmental_synthetic,edge_severe_queue,world_bottleneck-seed-4170565587130884155,item_0014,0,0.8376744482545002,0.7596982046053012,0.17675903311877927,0.11497362796404004,0.2013888888888889
developmental_synthetic,edge_severe_queue,world_bottleneck-seed-4170565587130884155,item_0015,1,0.8376744482545002,0.7596982046053012,0.17675903311877927,0.11497362796404004,0.2013888888888889
developmental_synthetic,edge_severe_queue,world_bottleneck-seed-4170565587130884155,item_0016,0,0.8376744482545002,0.7596982046053012,0.17675903311877927,0.11497362796404004,0.2013888888888889
developmental_synthetic,edge_severe_queue,world_bottleneck-seed-4170565587130884155,item_0017,0,0.8376744482545002,0.7596982046053012,0.17675903311877927,0.11497362796404004,0.2013888888888889
developmental_synthetic,edge_severe_queue,world_bottleneck-seed-4170565587130884155,item_0018,0,0.8376744482545002,0.7596982046053012,0.17675903311877927,0.11497362796404004,0.2013888888888889
developmental_synthetic,edge_severe_queue,world_bottleneck-seed-4170565587130884155,item_0019,1,0.8376744482545002,0.7596982046053012,0.17675903311877927,0.11497362796404004,0.2013888888888889
developmental_synthetic,edge_severe_queue,world_bottleneck-seed-4170565587130884155,item_0020,0,0.8376744482545002,0.7596982046053012,0.17675903311877927,0.11497362796404004,0.2013888888888889
developmental_synthetic,edge_severe_queue,world_bottleneck-seed-4170565587130884155,item_0021,0,0.8376744482545002,0.7596982046053012,0.17675903311877927,0.11497362796404004,0.2013888888888889
developmental_synthetic,edge_severe_queue,world_bottleneck-seed-4170565587130884155,item_0022,0,0.8376744482545002,0.7596982046053012,0.17675903311877927,0.11497362796404004,0.2013888888888889
developmental_synthetic,edge_severe_queue,world_bottleneck-seed-4170565587130884155,item_0023,1,0.8376744482545002,0.7596982046053012,0.17675903311877927,0.11497362796404004,0.2013888888888889
developmental_synthetic,edge_severe_queue,world_bottleneck-seed-4170565587130884155,item_0024,0,0.8376744482545002,0.7596982046053012,0.17675903311877927,0.11497362796404004,0.2013888888888889
developmental_synthetic,edge_severe_queue,world_bottleneck-seed-4170565587130884155,item_0025,0,0.8376744482545002,0.7596982046053012,0.17675903311877927,0.11497362796404004,0.2013888888888889
developmental_synthetic,edge_severe_queue,world_bottleneck-seed-4170565587130884155,item_0026,0,0.8376744482545002,0.7596982046053012,0.17675903311877927,0.11497362796404004,0.2013888888888889
developmental_synthetic,edge_severe_queue,world_bottleneck-seed-4170565587130884155,item_0027,0,0.8376744482545002,0.7596982046053012,0.17675903311877927,0.11497362796404004,0.2013888888888889
developmental_synthetic,edge_severe_queue,world_bottleneck-seed-4170565587130884155,item_0028,0,0.8376744482545002,0.7596982046053012,0.17675903311877927,0.11497362796404004,0.2013888888888889
developmental_synthetic,edge_severe_queue,world_bottleneck-seed-4170565587130884155,item_0029,0,0.8376744482545002,0.7596982046053012,0.17675903311877927,0.11497362796404004,0.2013888888888889
developmental_synthetic,edge_severe_queue,world_bottleneck-seed-4170565587130884155,item_0030,0,0.8376744482545002,0.7596982046053012,0.17675903311877927,0.11497362796404004,0.2013888888888889
developmental_synthetic,edge_severe_queue,world_bottleneck-seed-4170565587130884155,item_0031,0,0.8376744482545002,0.7596982046053012,0.17675903311877927,0.11497362796404004,0.2013888888888889
developmental_synthetic,edge_severe_queue,world_bottleneck-seed-4170565587130884155,item_0032,0,0.8376744482545002,0.7596982046053012,0.17675903311877927,0.11497362796404004,0.2013888888888889
developmental_synthetic,edge_severe_queue,world_bottleneck-seed-4170565587130884155,item_0033,0,0.8376744482545002,0.7596982046053012,0.17675903311877927,0.11497362796404004,0.2013888888888889
developmental_synthetic,edge_severe_queue,world_bottleneck-seed-4170565587130884155,item_0034,0,0.8376744482545002,0.7596982046053012,0.17675903311877927,0.11497362796404004,0.2013888888888889
developmental_synthetic,edge_severe_queue,world_bottleneck-seed-4170565587130884155,item_0035,0,0.8376744482545002,0.7596982046053012,0.17675903311877927,0.11497362796404004,0.2013888888888889
developmental_synthetic,edge_severe_queue,world_bottleneck-seed-4170565587130884155,item_0036,0,0.8376744482545002,0.7596982046053012,0.17675903311877927,0.11497362796404004,0.2013888888888889
developmental_synthetic,edge_severe_queue,world_bottleneck-seed-4170565587130884155,item_0037,0,0.8376744482545002,0.7596982046053012,0.17675903311877927,0.11497362796404004,0.2013888888888889
developmental_synthetic,edge_severe_queue,world_bottleneck-seed-4170565587130884155,item_0038,0,0.8376744482545002,0.7596982046053012,0.17675903311877927,0.11497362796404004,0.2013888888888889
developmental_synthetic,edge_severe_queue,world_bottleneck-seed-4170565587130884155,item_0039,0,0.8376744482545002,0.7596982046053012,0.17675903311877927,0.11497362796404004,0.2013888888888889
developmental_synthetic,edge_severe_queue,world_bottleneck-seed-4170565587130884155,item_0040,0,0.8376744482545002,0.7596982046053012,0.17675903311877927,0.11497362796404004,0.2013888888888889
developmental_synthetic,edge_severe_queue,world_bottleneck-seed-4170565587130884155,item_0041,0,0.8376744482545002,0.7596982046053012,0.17675903311877927,0.11497362796404004,0.2013888888888889
developmental_synthetic,edge_severe_queue,world_bottleneck-seed-4170565587130884155,item_0042,0,0.8376744482545002,0.7596982046053012,0.17675903311877927,0.11497362796404004,0.2013888888888889
developmental_synthetic,edge_severe_queue,world_bottleneck-seed-4170565587130884155,item_0043,0,0.8376744482545002,0.7596982046053012,0.17675903311877927,0.11497362796404004,0.2013888888888889
developmental_synthetic,edge_severe_queue,world_bottleneck-seed-4170565587130884155,item_0044,0,0.8376744482545002,0.7596982046053012,0.17675903311877927,0.11497362796404004,0.2013888888888889
developmental_synthetic,edge_severe_queue,world_bottleneck-seed-4170565587130884155,item_0045,0,0.8376744482545002,0.7596982046053012,0.17675903311877927,0.11497362796404004,0.2013888888888889
developmental_synthetic,edge_severe_queue,world_bottleneck-seed-4170565587130884155,item_0046,0,0.8376744482545002,0.7596982046053012,0.17675903311877927,0.11497362796404004,0.2013888888888889
developmental_synthetic,edge_severe_queue,world_bottleneck-seed-4170565587130884155,item_0047,0,0.8376744482545002,0.7596982046053012,0.17675903311877927,0.11497362796404004,0.2013888888888889
developmental_synthetic,edge_severe_queue,world_bottleneck-seed-4170565587130884155,item_0048,0,0.8376744482545002,0.7596982046053012,0.17675903311877927,0.11497362796404004,0.2013888888888889
developmental_synthetic,edge_severe_queue,world_bottleneck-seed-2717423041065866496,item_0001,1,0.8376744482545002,0.7596982046053012,0.17675903311877927,0.11497362796404004,0.2013888888888889
developmental_synthetic,edge_severe_queue,world_bottleneck-seed-2717423041065866496,item_0002,0,0.8376744482545002,0.7596982046053012,0.17675903311877927,0.11497362796404004,0.2013888888888889
developmental_synthetic,edge_severe_queue,world_bottleneck-seed-2717423041065866496,item_0003,1,0.8376744482545002,0.7596982046053012,0.17675903311877927,0.11497362796404004,0.2013888888888889
developmental_synthetic,edge_severe_queue,world_bottleneck-seed-2717423041065866496,item_0004,0,0.8376744482545002,0.7596982046053012,0.17675903311877927,0.11497362796404004,0.2013888888888889
developmental_synthetic,edge_severe_queue,world_bottleneck-seed-2717423041065866496,item_0005,1,0.8376744482545002,0.7596982046053012,0.17675903311877927,0.11497362796404004,0.2013888888888889
developmental_synthetic,edge_severe_queue,world_bottleneck-seed-2717423041065866496,item_0006,0,0.8376744482545002,0.7596982046053012,0.17675903311877927,0.11497362796404004,0.2013888888888889
developmental_synthetic,edge_severe_queue,world_bottleneck-seed-2717423041065866496,item_0007,1,0.8376744482545002,0.7596982046053012,0.17675903311877927,0.11497362796404004,0.2013888888888889
developmental_synthetic,edge_severe_queue,world_bottleneck-seed-2717423041065866496,item_0008,0,0.8376744482545002,0.7596982046053012,0.17675903311877927,0.11497362796404004,0.2013888888888889
developmental_synthetic,edge_severe_queue,world_bottleneck-seed-2717423041065866496,item_0009,1,0.8376744482545002,0.7596982046053012,0.17675903311877927,0.11497362796404004,0.2013888888888889
developmental_synthetic,edge_severe_queue,world_bottleneck-seed-2717423041065866496,item_0010,0,0.8376744482545002,0.7596982046053012,0.17675903311877927,0.11497362796404004,0.2013888888888889
developmental_synthetic,edge_severe_queue,world_bottleneck-seed-2717423041065866496,item_0011,1,0.8376744482545002,0.7596982046053012,0.17675903311877927,0.11497362796404004,0.2013888888888889
developmental_synthetic,edge_severe_queue,world_bottleneck-seed-2717423041065866496,item_0012,0,0.8376744482545002,0.7596982046053012,0.17675903311877927,0.11497362796404004,0.2013888888888889
developmental_synthetic,edge_severe_queue,world_bottleneck-seed-2717423041065866496,item_0013,1,0.8376744482545002,0.7596982046053012,0.17675903311877927,0.11497362796404004,0.2013888888888889
developmental_synthetic,edge_severe_queue,world_bottleneck-seed-2717423041065866496,item_0014,0,0.8376744482545002,0.7596982046053012,0.17675903311877927,0.11497362796404004,0.2013888888888889
developmental_synthetic,edge_severe_queue,world_bottleneck-seed-2717423041065866496,item_0015,0,0.8376744482545002,0.7596982046053012,0.17675903311877927,0.11497362796404004,0.2013888888888889
developmental_synthetic,edge_severe_queue,world_bottleneck-seed-2717423041065866496,item_0016,0,0.8376744482545002,0.7596982046053012,0.17675903311877927,0.11497362796404004,0.2013888888888889
developmental_synthetic,edge_severe_queue,world_bottleneck-seed-2717423041065866496,item_0017,1,0.8376744482545002,0.7596982046053012,0.17675903311877927,0.11497362796404004,0.2013888888888889
developmental_synthetic,edge_severe_queue,world_bottleneck-seed-2717423041065866496,item_0018,0,0.8376744482545002,0.7596982046053012,0.17675903311877927,0.11497362796404004,0.2013888888888889
developmental_synthetic,edge_severe_queue,world_bottleneck-seed-2717423041065866496,item_0019,1,0.8376744482545002,0.7596982046053012,0.17675903311877927,0.11497362796404004,0.2013888888888889
developmental_synthetic,edge_severe_queue,world_bottleneck-seed-2717423041065866496,item_0020,0,0.8376744482545002,0.7596982046053012,0.17675903311877927,0.11497362796404004,0.2013888888888889
developmental_synthetic,edge_severe_queue,world_bottleneck-seed-2717423041065866496,item_0021,0,0.8376744482545002,0.7596982046053012,0.17675903311877927,0.11497362796404004,0.2013888888888889
developmental_synthetic,edge_severe_queue,world_bottleneck-seed-2717423041065866496,item_0022,0,0.8376744482545002,0.7596982046053012,0.17675903311877927,0.11497362796404004,0.2013888888888889
developmental_synthetic,edge_severe_queue,world_bottleneck-seed-2717423041065866496,item_0023,0,0.8376744482545002,0.7596982046053012,0.17675903311877927,0.11497362796404004,0.2013888888888889
developmental_synthetic,edge_severe_queue,world_bottleneck-seed-2717423041065866496,item_0024,0,0.8376744482545002,0.7596982046053012,0.17675903311877927,0.11497362796404004,0.2013888888888889
developmental_synthetic,edge_severe_queue,world_bottleneck-seed-2717423041065866496,item_0025,0,0.8376744482545002,0.7596982046053012,0.17675903311877927,0.11497362796404004,0.2013888888888889
developmental_synthetic,edge_severe_queue,world_bottleneck-seed-2717423041065866496,item_0026,0,0.8376744482545002,0.7596982046053012,0.17675903311877927,0.11497362796404004,0.2013888888888889
developmental_synthetic,edge_severe_queue,world_bottleneck-seed-2717423041065866496,item_0027,0,0.8376744482545002,0.7596982046053012,0.17675903311877927,0.11497362796404004,0.2013888888888889
developmental_synthetic,edge_severe_queue,world_bottleneck-seed-2717423041065866496,item_0028,0,0.8376744482545002,0.7596982046053012,0.17675903311877927,0.11497362796404004,0.2013888888888889
developmental_synthetic,edge_severe_queue,world_bottleneck-seed-2717423041065866496,item_0029,0,0.8376744482545002,0.7596982046053012,0.17675903311877927,0.11497362796404004,0.2013888888888889
developmental_synthetic,edge_severe_queue,world_bottleneck-seed-2717423041065866496,item_0030,0,0.8376744482545002,0.7596982046053012,0.17675903311877927,0.11497362796404004,0.2013888888888889
developmental_synthetic,edge_severe_queue,world_bottleneck-seed-2717423041065866496,item_0031,0,0.8376744482545002,0.7596982046053012,0.17675903311877927,0.11497362796404004,0.2013888888888889
developmental_synthetic,edge_severe_queue,world_bottleneck-seed-2717423041065866496,item_0032,0,0.8376744482545002,0.7596982046053012,0.17675903311877927,0.11497362796404004,0.2013888888888889
developmental_synthetic,edge_severe_queue,world_bottleneck-seed-2717423041065866496,item_0033,0,0.8376744482545002,0.7596982046053012,0.17675903311877927,0.11497362796404004,0.2013888888888889
developmental_synthetic,edge_severe_queue,world_bottleneck-seed-2717423041065866496,item_0034,0,0.8376744482545002,0.7596982046053012,0.17675903311877927,0.11497362796404004,0.2013888888888889
developmental_synthetic,edge_severe_queue,world_bottleneck-seed-2717423041065866496,item_0035,0,0.8376744482545002,0.7596982046053012,0.17675903311877927,0.11497362796404004,0.2013888888888889
developmental_synthetic,edge_severe_queue,world_bottleneck-seed-2717423041065866496,item_0036,0,0.8376744482545002,0.7596982046053012,0.17675903311877927,0.11497362796404004,0.2013888888888889
developmental_synthetic,edge_severe_queue,world_bottleneck-seed-2717423041065866496,item_0037,0,0.8376744482545002,0.7596982046053012,0.17675903311877927,0.11497362796404004,0.2013888888888889
developmental_synthetic,edge_severe_queue,world_bottleneck-seed-2717423041065866496,item_0038,0,0.8376744482545002,0.7596982046053012,0.17675903311877927,0.11497362796404004,0.2013888888888889
developmental_synthetic,edge_severe_queue,world_bottleneck-seed-2717423041065866496,item_0039,0,0.8376744482545002,0.7596982046053012,0.17675903311877927,0.11497362796404004,0.2013888888888889
developmental_synthetic,edge_severe_queue,world_bottleneck-seed-2717423041065866496,item_0040,0,0.8376744482545002,0.7596982046053012,0.17675903311877927,0.11497362796404004,0.2013888888888889
developmental_synthetic,edge_severe_queue,world_bottleneck-seed-2717423041065866496,item_0041,0,0.8376744482545002,0.7596982046053012,0.17675903311877927,0.11497362796404004,0.2013888888888889
developmental_synthetic,edge_severe_queue,world_bottleneck-seed-2717423041065866496,item_0042,0,0.8376744482545002,0.7596982046053012,0.17675903311877927,0.11497362796404004,0.2013888888888889
developmental_synthetic,edge_severe_queue,world_bottleneck-seed-2717423041065866496,item_0043,0,0.8376744482545002,0.7596982046053012,0.17675903311877927,0.11497362796404004,0.2013888888888889
developmental_synthetic,edge_severe_queue,world_bottleneck-seed-2717423041065866496,item_0044,0,0.8376744482545002,0.7596982046053012,0.17675903311877927,0.11497362796404004,0.2013888888888889
developmental_synthetic,edge_severe_queue,world_bottleneck-seed-2717423041065866496,item_0045,0,0.8376744482545002,0.7596982046053012,0.17675903311877927,0.11497362796404004,0.2013888888888889
developmental_synthetic,edge_severe_queue,world_bottleneck-seed-2717423041065866496,item_0046,0,0.8376744482545002,0.7596982046053012,0.17675903311877927,0.11497362796404004,0.2013888888888889
developmental_synthetic,edge_severe_queue,world_bottleneck-seed-2717423041065866496,item_0047,0,0.8376744482545002,0.7596982046053012,0.17675903311877927,0.11497362796404004,0.2013888888888889
developmental_synthetic,edge_severe_queue,world_bottleneck-seed-2717423041065866496,item_0048,0,0.8376744482545002,0.7596982046053012,0.17675903311877927,0.11497362796404004,0.2013888888888889
developmental_synthetic,edge_severe_queue,world_bottleneck-seed-3300210048293211683,item_0001,1,0.8376744482545002,0.7596982046053012,0.17675903311877927,0.11497362796404004,0.2013888888888889
developmental_synthetic,edge_severe_queue,world_bottleneck-seed-3300210048293211683,item_0002,0,0.8376744482545002,0.7596982046053012,0.17675903311877927,0.11497362796404004,0.2013888888888889
developmental_synthetic,edge_severe_queue,world_bottleneck-seed-3300210048293211683,item_0003,1,0.8376744482545002,0.7596982046053012,0.17675903311877927,0.11497362796404004,0.2013888888888889
developmental_synthetic,edge_severe_queue,world_bottleneck-seed-3300210048293211683,item_0004,0,0.8376744482545002,0.7596982046053012,0.17675903311877927,0.11497362796404004,0.2013888888888889
developmental_synthetic,edge_severe_queue,world_bottleneck-seed-3300210048293211683,item_0005,1,0.8376744482545002,0.7596982046053012,0.17675903311877927,0.11497362796404004,0.2013888888888889
developmental_synthetic,edge_severe_queue,world_bottleneck-seed-3300210048293211683,item_0006,0,0.8376744482545002,0.7596982046053012,0.17675903311877927,0.11497362796404004,0.2013888888888889
developmental_synthetic,edge_severe_queue,world_bottleneck-seed-3300210048293211683,item_0007,1,0.8376744482545002,0.7596982046053012,0.17675903311877927,0.11497362796404004,0.2013888888888889
developmental_synthetic,edge_severe_queue,world_bottleneck-seed-3300210048293211683,item_0008,0,0.8376744482545002,0.7596982046053012,0.17675903311877927,0.11497362796404004,0.2013888888888889
developmental_synthetic,edge_severe_queue,world_bottleneck-seed-3300210048293211683,item_0009,1,0.8376744482545002,0.7596982046053012,0.17675903311877927,0.11497362796404004,0.2013888888888889
developmental_synthetic,edge_severe_queue,world_bottleneck-seed-3300210048293211683,item_0010,0,0.8376744482545002,0.7596982046053012,0.17675903311877927,0.11497362796404004,0.2013888888888889
developmental_synthetic,edge_severe_queue,world_bottleneck-seed-3300210048293211683,item_0011,1,0.8376744482545002,0.7596982046053012,0.17675903311877927,0.11497362796404004,0.2013888888888889
developmental_synthetic,edge_severe_queue,world_bottleneck-seed-3300210048293211683,item_0012,0,0.8376744482545002,0.7596982046053012,0.17675903311877927,0.11497362796404004,0.2013888888888889
developmental_synthetic,edge_severe_queue,world_bottleneck-seed-3300210048293211683,item_0013,0,0.8376744482545002,0.7596982046053012,0.17675903311877927,0.11497362796404004,0.2013888888888889
developmental_synthetic,edge_severe_queue,world_bottleneck-seed-3300210048293211683,item_0014,0,0.8376744482545002,0.7596982046053012,0.17675903311877927,0.11497362796404004,0.2013888888888889
developmental_synthetic,edge_severe_queue,world_bottleneck-seed-3300210048293211683,item_0015,1,0.8376744482545002,0.7596982046053012,0.17675903311877927,0.11497362796404004,0.2013888888888889
developmental_synthetic,edge_severe_queue,world_bottleneck-seed-3300210048293211683,item_0016,0,0.8376744482545002,0.7596982046053012,0.17675903311877927,0.11497362796404004,0.2013888888888889
developmental_synthetic,edge_severe_queue,world_bottleneck-seed-3300210048293211683,item_0017,1,0.8376744482545002,0.7596982046053012,0.17675903311877927,0.11497362796404004,0.2013888888888889
developmental_synthetic,edge_severe_queue,world_bottleneck-seed-3300210048293211683,item_0018,0,0.8376744482545002,0.7596982046053012,0.17675903311877927,0.11497362796404004,0.2013888888888889
developmental_synthetic,edge_severe_queue,world_bottleneck-seed-3300210048293211683,item_0019,1,0.8376744482545002,0.7596982046053012,0.17675903311877927,0.11497362796404004,0.2013888888888889
developmental_synthetic,edge_severe_queue,world_bottleneck-seed-3300210048293211683,item_0020,0,0.8376744482545002,0.7596982046053012,0.17675903311877927,0.11497362796404004,0.2013888888888889
developmental_synthetic,edge_severe_queue,world_bottleneck-seed-3300210048293211683,item_0021,1,0.8376744482545002,0.7596982046053012,0.17675903311877927,0.11497362796404004,0.2013888888888889
developmental_synthetic,edge_severe_queue,world_bottleneck-seed-3300210048293211683,item_0022,0,0.8376744482545002,0.7596982046053012,0.17675903311877927,0.11497362796404004,0.2013888888888889
developmental_synthetic,edge_severe_queue,world_bottleneck-seed-3300210048293211683,item_0023,0,0.8376744482545002,0.7596982046053012,0.17675903311877927,0.11497362796404004,0.2013888888888889
developmental_synthetic,edge_severe_queue,world_bottleneck-seed-3300210048293211683,item_0024,0,0.8376744482545002,0.7596982046053012,0.17675903311877927,0.11497362796404004,0.2013888888888889
developmental_synthetic,edge_severe_queue,world_bottleneck-seed-3300210048293211683,item_0025,0,0.8376744482545002,0.7596982046053012,0.17675903311877927,0.11497362796404004,0.2013888888888889
developmental_synthetic,edge_severe_queue,world_bottleneck-seed-3300210048293211683,item_0026,0,0.8376744482545002,0.7596982046053012,0.17675903311877927,0.11497362796404004,0.2013888888888889
developmental_synthetic,edge_severe_queue,world_bottleneck-seed-3300210048293211683,item_0027,0,0.8376744482545002,0.7596982046053012,0.17675903311877927,0.11497362796404004,0.2013888888888889
developmental_synthetic,edge_severe_queue,world_bottleneck-seed-3300210048293211683,item_0028,0,0.8376744482545002,0.7596982046053012,0.17675903311877927,0.11497362796404004,0.2013888888888889
developmental_synthetic,edge_severe_queue,world_bottleneck-seed-3300210048293211683,item_0029,0,0.8376744482545002,0.7596982046053012,0.17675903311877927,0.11497362796404004,0.2013888888888889
developmental_synthetic,edge_severe_queue,world_bottleneck-seed-3300210048293211683,item_0030,0,0.8376744482545002,0.7596982046053012,0.17675903311877927,0.11497362796404004,0.2013888888888889
developmental_synthetic,edge_severe_queue,world_bottleneck-seed-3300210048293211683,item_0031,0,0.8376744482545002,0.7596982046053012,0.17675903311877927,0.11497362796404004,0.2013888888888889
developmental_synthetic,edge_severe_queue,world_bottleneck-seed-3300210048293211683,item_0032,0,0.8376744482545002,0.7596982046053012,0.17675903311877927,0.11497362796404004,0.2013888888888889
developmental_synthetic,edge_severe_queue,world_bottleneck-seed-3300210048293211683,item_0033,0,0.8376744482545002,0.7596982046053012,0.17675903311877927,0.11497362796404004,0.2013888888888889
developmental_synthetic,edge_severe_queue,world_bottleneck-seed-3300210048293211683,item_0034,0,0.8376744482545002,0.7596982046053012,0.17675903311877927,0.11497362796404004,0.2013888888888889
developmental_synthetic,edge_severe_queue,world_bottleneck-seed-3300210048293211683,item_0035,0,0.8376744482545002,0.7596982046053012,0.17675903311877927,0.11497362796404004,0.2013888888888889
developmental_synthetic,edge_severe_queue,world_bottleneck-seed-3300210048293211683,item_0036,0,0.8376744482545002,0.7596982046053012,0.17675903311877927,0.11497362796404004,0.2013888888888889
developmental_synthetic,edge_severe_queue,world_bottleneck-seed-3300210048293211683,item_0037,0,0.8376744482545002,0.7596982046053012,0.17675903311877927,0.11497362796404004,0.2013888888888889
developmental_synthetic,edge_severe_queue,world_bottleneck-seed-3300210048293211683,item_0038,0,0.8376744482545002,0.7596982046053012,0.17675903311877927,0.11497362796404004,0.2013888888888889
developmental_synthetic,edge_severe_queue,world_bottleneck-seed-3300210048293211683,item_0039,0,0.8376744482545002,0.7596982046053012,0.17675903311877927,0.11497362796404004,0.2013888888888889
developmental_synthetic,edge_severe_queue,world_bottleneck-seed-3300210048293211683,item_0040,0,0.8376744482545002,0.7596982046053012,0.17675903311877927,0.11497362796404004,0.2013888888888889
developmental_synthetic,edge_severe_queue,world_bottleneck-seed-3300210048293211683,item_0041,0,0.8376744482545002,0.7596982046053012,0.17675903311877927,0.11497362796404004,0.2013888888888889
developmental_synthetic,edge_severe_queue,world_bottleneck-seed-3300210048293211683,item_0042,0,0.8376744482545002,0.7596982046053012,0.17675903311877927,0.11497362796404004,0.2013888888888889
developmental_synthetic,edge_severe_queue,world_bottleneck-seed-3300210048293211683,item_0043,0,0.8376744482545002,0.7596982046053012,0.17675903311877927,0.11497362796404004,0.2013888888888889
developmental_synthetic,edge_severe_queue,world_bottleneck-seed-3300210048293211683,item_0044,0,0.8376744482545002,0.7596982046053012,0.17675903311877927,0.11497362796404004,0.2013888888888889
developmental_synthetic,edge_severe_queue,world_bottleneck-seed-3300210048293211683,item_0045,0,0.8376744482545002,0.7596982046053012,0.17675903311877927,0.11497362796404004,0.2013888888888889
developmental_synthetic,edge_severe_queue,world_bottleneck-seed-3300210048293211683,item_0046,0,0.8376744482545002,0.7596982046053012,0.17675903311877927,0.11497362796404004,0.2013888888888889
developmental_synthetic,edge_severe_queue,world_bottleneck-seed-3300210048293211683,item_0047,0,0.8376744482545002,0.7596982046053012,0.17675903311877927,0.11497362796404004,0.2013888888888889
developmental_synthetic,edge_severe_queue,world_bottleneck-seed-3300210048293211683,item_0048,0,0.8376744482545002,0.7596982046053012,0.17675903311877927,0.11497362796404004,0.2013888888888889
developmental_synthetic,edge_severe_queue,world_bottleneck-seed-8029632760491593691,item_0001,1,0.8376744482545002,0.7596982046053012,0.17675903311877927,0.11497362796404004,0.2013888888888889
developmental_synthetic,edge_severe_queue,world_bottleneck-seed-8029632760491593691,item_0002,0,0.8376744482545002,0.7596982046053012,0.17675903311877927,0.11497362796404004,0.2013888888888889
developmental_synthetic,edge_severe_queue,world_bottleneck-seed-8029632760491593691,item_0003,1,0.8376744482545002,0.7596982046053012,0.17675903311877927,0.11497362796404004,0.2013888888888889
developmental_synthetic,edge_severe_queue,world_bottleneck-seed-8029632760491593691,item_0004,0,0.8376744482545002,0.7596982046053012,0.17675903311877927,0.11497362796404004,0.2013888888888889
developmental_synthetic,edge_severe_queue,world_bottleneck-seed-8029632760491593691,item_0005,1,0.8376744482545002,0.7596982046053012,0.17675903311877927,0.11497362796404004,0.2013888888888889
developmental_synthetic,edge_severe_queue,world_bottleneck-seed-8029632760491593691,item_0006,0,0.8376744482545002,0.7596982046053012,0.17675903311877927,0.11497362796404004,0.2013888888888889
developmental_synthetic,edge_severe_queue,world_bottleneck-seed-8029632760491593691,item_0007,1,0.8376744482545002,0.7596982046053012,0.17675903311877927,0.11497362796404004,0.2013888888888889
developmental_synthetic,edge_severe_queue,world_bottleneck-seed-8029632760491593691,item_0008,0,0.8376744482545002,0.7596982046053012,0.17675903311877927,0.11497362796404004,0.2013888888888889
developmental_synthetic,edge_severe_queue,world_bottleneck-seed-8029632760491593691,item_0009,1,0.8376744482545002,0.7596982046053012,0.17675903311877927,0.11497362796404004,0.2013888888888889
developmental_synthetic,edge_severe_queue,world_bottleneck-seed-8029632760491593691,item_0010,0,0.8376744482545002,0.7596982046053012,0.17675903311877927,0.11497362796404004,0.2013888888888889
developmental_synthetic,edge_severe_queue,world_bottleneck-seed-8029632760491593691,item_0011,1,0.8376744482545002,0.7596982046053012,0.17675903311877927,0.11497362796404004,0.2013888888888889
developmental_synthetic,edge_severe_queue,world_bottleneck-seed-8029632760491593691,item_0012,0,0.8376744482545002,0.7596982046053012,0.17675903311877927,0.11497362796404004,0.2013888888888889
developmental_synthetic,edge_severe_queue,world_bottleneck-seed-8029632760491593691,item_0013,1,0.8376744482545002,0.7596982046053012,0.17675903311877927,0.11497362796404004,0.2013888888888889
developmental_synthetic,edge_severe_queue,world_bottleneck-seed-8029632760491593691,item_0014,0,0.8376744482545002,0.7596982046053012,0.17675903311877927,0.11497362796404004,0.2013888888888889
developmental_synthetic,edge_severe_queue,world_bottleneck-seed-8029632760491593691,item_0015,1,0.8376744482545002,0.7596982046053012,0.17675903311877927,0.11497362796404004,0.2013888888888889
developmental_synthetic,edge_severe_queue,world_bottleneck-seed-8029632760491593691,item_0016,0,0.8376744482545002,0.7596982046053012,0.17675903311877927,0.11497362796404004,0.2013888888888889
developmental_synthetic,edge_severe_queue,world_bottleneck-seed-8029632760491593691,item_0017,1,0.8376744482545002,0.7596982046053012,0.17675903311877927,0.11497362796404004,0.2013888888888889
developmental_synthetic,edge_severe_queue,world_bottleneck-seed-8029632760491593691,item_0018,0,0.8376744482545002,0.7596982046053012,0.17675903311877927,0.11497362796404004,0.2013888888888889
developmental_synthetic,edge_severe_queue,world_bottleneck-seed-8029632760491593691,item_0019,0,0.8376744482545002,0.7596982046053012,0.17675903311877927,0.11497362796404004,0.2013888888888889
developmental_synthetic,edge_severe_queue,world_bottleneck-seed-8029632760491593691,item_0020,0,0.8376744482545002,0.7596982046053012,0.17675903311877927,0.11497362796404004,0.2013888888888889
developmental_synthetic,edge_severe_queue,world_bottleneck-seed-8029632760491593691,item_0021,0,0.8376744482545002,0.7596982046053012,0.17675903311877927,0.11497362796404004,0.2013888888888889
developmental_synthetic,edge_severe_queue,world_bottleneck-seed-8029632760491593691,item_0022,0,0.8376744482545002,0.7596982046053012,0.17675903311877927,0.11497362796404004,0.2013888888888889
developmental_synthetic,edge_severe_queue,world_bottleneck-seed-8029632760491593691,item_0023,0,0.8376744482545002,0.7596982046053012,0.17675903311877927,0.11497362796404004,0.2013888888888889
developmental_synthetic,edge_severe_queue,world_bottleneck-seed-8029632760491593691,item_0024,0,0.8376744482545002,0.7596982046053012,0.17675903311877927,0.11497362796404004,0.2013888888888889
developmental_synthetic,edge_severe_queue,world_bottleneck-seed-8029632760491593691,item_0025,0,0.8376744482545002,0.7596982046053012,0.17675903311877927,0.11497362796404004,0.2013888888888889
developmental_synthetic,edge_severe_queue,world_bottleneck-seed-8029632760491593691,item_0026,0,0.8376744482545002,0.7596982046053012,0.17675903311877927,0.11497362796404004,0.2013888888888889
developmental_synthetic,edge_severe_queue,world_bottleneck-seed-8029632760491593691,item_0027,0,0.8376744482545002,0.7596982046053012,0.17675903311877927,0.11497362796404004,0.2013888888888889
developmental_synthetic,edge_severe_queue,world_bottleneck-seed-8029632760491593691,item_0028,0,0.8376744482545002,0.7596982046053012,0.17675903311877927,0.11497362796404004,0.2013888888888889
developmental_synthetic,edge_severe_queue,world_bottleneck-seed-8029632760491593691,item_0029,0,0.8376744482545002,0.7596982046053012,0.17675903311877927,0.11497362796404004,0.2013888888888889
developmental_synthetic,edge_severe_queue,world_bottleneck-seed-8029632760491593691,item_0030,0,0.8376744482545002,0.7596982046053012,0.17675903311877927,0.11497362796404004,0.2013888888888889
developmental_synthetic,edge_severe_queue,world_bottleneck-seed-8029632760491593691,item_0031,0,0.8376744482545002,0.7596982046053012,0.17675903311877927,0.11497362796404004,0.2013888888888889
developmental_synthetic,edge_severe_queue,world_bottleneck-seed-8029632760491593691,item_0032,0,0.8376744482545002,0.7596982046053012,0.17675903311877927,0.11497362796404004,0.2013888888888889
developmental_synthetic,edge_severe_queue,world_bottleneck-seed-8029632760491593691,item_0033,0,0.8376744482545002,0.7596982046053012,0.17675903311877927,0.11497362796404004,0.2013888888888889
developmental_synthetic,edge_severe_queue,world_bottleneck-seed-8029632760491593691,item_0034,0,0.8376744482545002,0.7596982046053012,0.17675903311877927,0.11497362796404004,0.2013888888888889
developmental_synthetic,edge_severe_queue,world_bottleneck-seed-8029632760491593691,item_0035,0,0.8376744482545002,0.7596982046053012,0.17675903311877927,0.11497362796404004,0.2013888888888889
developmental_synthetic,edge_severe_queue,world_bottleneck-seed-8029632760491593691,item_0036,0,0.8376744482545002,0.7596982046053012,0.17675903311877927,0.11497362796404004,0.2013888888888889
developmental_synthetic,edge_severe_queue,world_bottleneck-seed-8029632760491593691,item_0037,0,0.8376744482545002,0.7596982046053012,0.17675903311877927,0.11497362796404004,0.2013888888888889
developmental_synthetic,edge_severe_queue,world_bottleneck-seed-8029632760491593691,item_0038,0,0.8376744482545002,0.7596982046053012,0.17675903311877927,0.11497362796404004,0.2013888888888889
developmental_synthetic,edge_severe_queue,world_bottleneck-seed-8029632760491593691,item_0039,0,0.8376744482545002,0.7596982046053012,0.17675903311877927,0.11497362796404004,0.2013888888888889
developmental_synthetic,edge_severe_queue,world_bottleneck-seed-8029632760491593691,item_0040,0,0.8376744482545002,0.7596982046053012,0.17675903311877927,0.11497362796404004,0.2013888888888889
developmental_synthetic,edge_severe_queue,world_bottleneck-seed-8029632760491593691,item_0041,0,0.8376744482545002,0.7596982046053012,0.17675903311877927,0.11497362796404004,0.2013888888888889
developmental_synthetic,edge_severe_queue,world_bottleneck-seed-8029632760491593691,item_0042,0,0.8376744482545002,0.7596982046053012,0.17675903311877927,0.11497362796404004,0.2013888888888889
developmental_synthetic,edge_severe_queue,world_bottleneck-seed-8029632760491593691,item_0043,0,0.8376744482545002,0.7596982046053012,0.17675903311877927,0.11497362796404004,0.2013888888888889
developmental_synthetic,edge_severe_queue,world_bottleneck-seed-8029632760491593691,item_0044,0,0.8376744482545002,0.7596982046053012,0.17675903311877927,0.11497362796404004,0.2013888888888889
developmental_synthetic,edge_severe_queue,world_bottleneck-seed-8029632760491593691,item_0045,0,0.8376744482545002,0.7596982046053012,0.17675903311877927,0.11497362796404004,0.2013888888888889
developmental_synthetic,edge_severe_queue,world_bottleneck-seed-8029632760491593691,item_0046,0,0.8376744482545002,0.7596982046053012,0.17675903311877927,0.11497362796404004,0.2013888888888889
developmental_synthetic,edge_severe_queue,world_bottleneck-seed-8029632760491593691,item_0047,0,0.8376744482545002,0.7596982046053012,0.17675903311877927,0.11497362796404004,0.2013888888888889
developmental_synthetic,edge_severe_queue,world_bottleneck-seed-8029632760491593691,item_0048,0,0.8376744482545002,0.7596982046053012,0.17675903311877927,0.11497362796404004,0.2013888888888889
developmental_synthetic,edge_severe_queue,world_bottleneck-seed-1942033208343472871,item_0001,1,0.8376744482545002,0.7596982046053012,0.17675903311877927,0.11497362796404004,0.2013888888888889
developmental_synthetic,edge_severe_queue,world_bottleneck-seed-1942033208343472871,item_0002,0,0.8376744482545002,0.7596982046053012,0.17675903311877927,0.11497362796404004,0.2013888888888889
developmental_synthetic,edge_severe_queue,world_bottleneck-seed-1942033208343472871,item_0003,1,0.8376744482545002,0.7596982046053012,0.17675903311877927,0.11497362796404004,0.2013888888888889
developmental_synthetic,edge_severe_queue,world_bottleneck-seed-1942033208343472871,item_0004,0,0.8376744482545002,0.7596982046053012,0.17675903311877927,0.11497362796404004,0.2013888888888889
developmental_synthetic,edge_severe_queue,world_bottleneck-seed-1942033208343472871,item_0005,1,0.8376744482545002,0.7596982046053012,0.17675903311877927,0.11497362796404004,0.2013888888888889
developmental_synthetic,edge_severe_queue,world_bottleneck-seed-1942033208343472871,item_0006,0,0.8376744482545002,0.7596982046053012,0.17675903311877927,0.11497362796404004,0.2013888888888889
developmental_synthetic,edge_severe_queue,world_bottleneck-seed-1942033208343472871,item_0007,1,0.8376744482545002,0.7596982046053012,0.17675903311877927,0.11497362796404004,0.2013888888888889
developmental_synthetic,edge_severe_queue,world_bottleneck-seed-1942033208343472871,item_0008,0,0.8376744482545002,0.7596982046053012,0.17675903311877927,0.11497362796404004,0.2013888888888889
developmental_synthetic,edge_severe_queue,world_bottleneck-seed-1942033208343472871,item_0009,1,0.8376744482545002,0.7596982046053012,0.17675903311877927,0.11497362796404004,0.2013888888888889
developmental_synthetic,edge_severe_queue,world_bottleneck-seed-1942033208343472871,item_0010,0,0.8376744482545002,0.7596982046053012,0.17675903311877927,0.11497362796404004,0.2013888888888889
developmental_synthetic,edge_severe_queue,world_bottleneck-seed-1942033208343472871,item_0011,1,0.8376744482545002,0.7596982046053012,0.17675903311877927,0.11497362796404004,0.2013888888888889
developmental_synthetic,edge_severe_queue,world_bottleneck-seed-1942033208343472871,item_0012,0,0.8376744482545002,0.7596982046053012,0.17675903311877927,0.11497362796404004,0.2013888888888889
developmental_synthetic,edge_severe_queue,world_bottleneck-seed-1942033208343472871,item_0013,1,0.8376744482545002,0.7596982046053012,0.17675903311877927,0.11497362796404004,0.2013888888888889
developmental_synthetic,edge_severe_queue,world_bottleneck-seed-1942033208343472871,item_0014,0,0.8376744482545002,0.7596982046053012,0.17675903311877927,0.11497362796404004,0.2013888888888889
developmental_synthetic,edge_severe_queue,world_bottleneck-seed-1942033208343472871,item_0015,1,0.8376744482545002,0.7596982046053012,0.17675903311877927,0.11497362796404004,0.2013888888888889
developmental_synthetic,edge_severe_queue,world_bottleneck-seed-1942033208343472871,item_0016,0,0.8376744482545002,0.7596982046053012,0.17675903311877927,0.11497362796404004,0.2013888888888889
developmental_synthetic,edge_severe_queue,world_bottleneck-seed-1942033208343472871,item_0017,0,0.8376744482545002,0.7596982046053012,0.17675903311877927,0.11497362796404004,0.2013888888888889
developmental_synthetic,edge_severe_queue,world_bottleneck-seed-1942033208343472871,item_0018,0,0.8376744482545002,0.7596982046053012,0.17675903311877927,0.11497362796404004,0.2013888888888889
developmental_synthetic,edge_severe_queue,world_bottleneck-seed-1942033208343472871,item_0019,1,0.8376744482545002,0.7596982046053012,0.17675903311877927,0.11497362796404004,0.2013888888888889
developmental_synthetic,edge_severe_queue,world_bottleneck-seed-1942033208343472871,item_0020,0,0.8376744482545002,0.7596982046053012,0.17675903311877927,0.11497362796404004,0.2013888888888889
developmental_synthetic,edge_severe_queue,world_bottleneck-seed-1942033208343472871,item_0021,1,0.8376744482545002,0.7596982046053012,0.17675903311877927,0.11497362796404004,0.2013888888888889
developmental_synthetic,edge_severe_queue,world_bottleneck-seed-1942033208343472871,item_0022,0,0.8376744482545002,0.7596982046053012,0.17675903311877927,0.11497362796404004,0.2013888888888889
developmental_synthetic,edge_severe_queue,world_bottleneck-seed-1942033208343472871,item_0023,0,0.8376744482545002,0.7596982046053012,0.17675903311877927,0.11497362796404004,0.2013888888888889
developmental_synthetic,edge_severe_queue,world_bottleneck-seed-1942033208343472871,item_0024,0,0.8376744482545002,0.7596982046053012,0.17675903311877927,0.11497362796404004,0.2013888888888889
developmental_synthetic,edge_severe_queue,world_bottleneck-seed-1942033208343472871,item_0025,0,0.8376744482545002,0.7596982046053012,0.17675903311877927,0.11497362796404004,0.2013888888888889
developmental_synthetic,edge_severe_queue,world_bottleneck-seed-1942033208343472871,item_0026,0,0.8376744482545002,0.7596982046053012,0.17675903311877927,0.11497362796404004,0.2013888888888889
developmental_synthetic,edge_severe_queue,world_bottleneck-seed-1942033208343472871,item_0027,0,0.8376744482545002,0.7596982046053012,0.17675903311877927,0.11497362796404004,0.2013888888888889
developmental_synthetic,edge_severe_queue,world_bottleneck-seed-1942033208343472871,item_0028,0,0.8376744482545002,0.7596982046053012,0.17675903311877927,0.11497362796404004,0.2013888888888889
developmental_synthetic,edge_severe_queue,world_bottleneck-seed-1942033208343472871,item_0029,0,0.8376744482545002,0.7596982046053012,0.17675903311877927,0.11497362796404004,0.2013888888888889
developmental_synthetic,edge_severe_queue,world_bottleneck-seed-1942033208343472871,item_0030,0,0.8376744482545002,0.7596982046053012,0.17675903311877927,0.11497362796404004,0.2013888888888889
developmental_synthetic,edge_severe_queue,world_bottleneck-seed-1942033208343472871,item_0031,0,0.8376744482545002,0.7596982046053012,0.17675903311877927,0.11497362796404004,0.2013888888888889
developmental_synthetic,edge_severe_queue,world_bottleneck-seed-1942033208343472871,item_0032,0,0.8376744482545002,0.7596982046053012,0.17675903311877927,0.11497362796404004,0.2013888888888889
developmental_synthetic,edge_severe_queue,world_bottleneck-seed-1942033208343472871,item_0033,0,0.8376744482545002,0.7596982046053012,0.17675903311877927,0.11497362796404004,0.2013888888888889
developmental_synthetic,edge_severe_queue,world_bottleneck-seed-1942033208343472871,item_0034,0,0.8376744482545002,0.7596982046053012,0.17675903311877927,0.11497362796404004,0.2013888888888889
developmental_synthetic,edge_severe_queue,world_bottleneck-seed-1942033208343472871,item_0035,0,0.8376744482545002,0.7596982046053012,0.17675903311877927,0.11497362796404004,0.2013888888888889
developmental_synthetic,edge_severe_queue,world_bottleneck-seed-1942033208343472871,item_0036,0,0.8376744482545002,0.7596982046053012,0.17675903311877927,0.11497362796404004,0.2013888888888889
developmental_synthetic,edge_severe_queue,world_bottleneck-seed-1942033208343472871,item_0037,0,0.8376744482545002,0.7596982046053012,0.17675903311877927,0.11497362796404004,0.2013888888888889
developmental_synthetic,edge_severe_queue,world_bottleneck-seed-1942033208343472871,item_0038,0,0.8376744482545002,0.7596982046053012,0.17675903311877927,0.11497362796404004,0.2013888888888889
developmental_synthetic,edge_severe_queue,world_bottleneck-seed-1942033208343472871,item_0039,0,0.8376744482545002,0.7596982046053012,0.17675903311877927,0.11497362796404004,0.2013888888888889
developmental_synthetic,edge_severe_queue,world_bottleneck-seed-1942033208343472871,item_0040,0,0.8376744482545002,0.7596982046053012,0.17675903311877927,0.11497362796404004,0.2013888888888889
developmental_synthetic,edge_severe_queue,world_bottleneck-seed-1942033208343472871,item_0041,0,0.8376744482545002,0.7596982046053012,0.17675903311877927,0.11497362796404004,0.2013888888888889
developmental_synthetic,edge_severe_queue,world_bottleneck-seed-1942033208343472871,item_0042,0,0.8376744482545002,0.7596982046053012,0.17675903311877927,0.11497362796404004,0.2013888888888889
developmental_synthetic,edge_severe_queue,world_bottleneck-seed-1942033208343472871,item_0043,0,0.8376744482545002,0.7596982046053012,0.17675903311877927,0.11497362796404004,0.2013888888888889
developmental_synthetic,edge_severe_queue,world_bottleneck-seed-1942033208343472871,item_0044,0,0.8376744482545002,0.7596982046053012,0.17675903311877927,0.11497362796404004,0.2013888888888889
developmental_synthetic,edge_severe_queue,world_bottleneck-seed-1942033208343472871,item_0045,0,0.8376744482545002,0.7596982046053012,0.17675903311877927,0.11497362796404004,0.2013888888888889
developmental_synthetic,edge_severe_queue,world_bottleneck-seed-1942033208343472871,item_0046,0,0.8376744482545002,0.7596982046053012,0.17675903311877927,0.11497362796404004,0.2013888888888889
developmental_synthetic,edge_severe_queue,world_bottleneck-seed-1942033208343472871,item_0047,0,0.8376744482545002,0.7596982046053012,0.17675903311877927,0.11497362796404004,0.2013888888888889
developmental_synthetic,edge_severe_queue,world_bottleneck-seed-1942033208343472871,item_0048,0,0.8376744482545002,0.7596982046053012,0.17675903311877927,0.11497362796404004,0.2013888888888889
developmental_synthetic,edge_severe_queue,world_bottleneck-seed-4316497584180809060,item_0001,1,0.8376744482545002,0.7596982046053012,0.17675903311877927,0.11497362796404004,0.2013888888888889
developmental_synthetic,edge_severe_queue,world_bottleneck-seed-4316497584180809060,item_0002,0,0.8376744482545002,0.7596982046053012,0.17675903311877927,0.11497362796404004,0.2013888888888889
developmental_synthetic,edge_severe_queue,world_bottleneck-seed-4316497584180809060,item_0003,1,0.8376744482545002,0.7596982046053012,0.17675903311877927,0.11497362796404004,0.2013888888888889
developmental_synthetic,edge_severe_queue,world_bottleneck-seed-4316497584180809060,item_0004,0,0.8376744482545002,0.7596982046053012,0.17675903311877927,0.11497362796404004,0.2013888888888889
developmental_synthetic,edge_severe_queue,world_bottleneck-seed-4316497584180809060,item_0005,1,0.8376744482545002,0.7596982046053012,0.17675903311877927,0.11497362796404004,0.2013888888888889
developmental_synthetic,edge_severe_queue,world_bottleneck-seed-4316497584180809060,item_0006,0,0.8376744482545002,0.7596982046053012,0.17675903311877927,0.11497362796404004,0.2013888888888889
developmental_synthetic,edge_severe_queue,world_bottleneck-seed-4316497584180809060,item_0007,1,0.8376744482545002,0.7596982046053012,0.17675903311877927,0.11497362796404004,0.2013888888888889
developmental_synthetic,edge_severe_queue,world_bottleneck-seed-4316497584180809060,item_0008,0,0.8376744482545002,0.7596982046053012,0.17675903311877927,0.11497362796404004,0.2013888888888889
developmental_synthetic,edge_severe_queue,world_bottleneck-seed-4316497584180809060,item_0009,1,0.8376744482545002,0.7596982046053012,0.17675903311877927,0.11497362796404004,0.2013888888888889
developmental_synthetic,edge_severe_queue,world_bottleneck-seed-4316497584180809060,item_0010,0,0.8376744482545002,0.7596982046053012,0.17675903311877927,0.11497362796404004,0.2013888888888889
developmental_synthetic,edge_severe_queue,world_bottleneck-seed-4316497584180809060,item_0011,1,0.8376744482545002,0.7596982046053012,0.17675903311877927,0.11497362796404004,0.2013888888888889
developmental_synthetic,edge_severe_queue,world_bottleneck-seed-4316497584180809060,item_0012,0,0.8376744482545002,0.7596982046053012,0.17675903311877927,0.11497362796404004,0.2013888888888889
developmental_synthetic,edge_severe_queue,world_bottleneck-seed-4316497584180809060,item_0013,1,0.8376744482545002,0.7596982046053012,0.17675903311877927,0.11497362796404004,0.2013888888888889
developmental_synthetic,edge_severe_queue,world_bottleneck-seed-4316497584180809060,item_0014,0,0.8376744482545002,0.7596982046053012,0.17675903311877927,0.11497362796404004,0.2013888888888889
developmental_synthetic,edge_severe_queue,world_bottleneck-seed-4316497584180809060,item_0015,1,0.8376744482545002,0.7596982046053012,0.17675903311877927,0.11497362796404004,0.2013888888888889
developmental_synthetic,edge_severe_queue,world_bottleneck-seed-4316497584180809060,item_0016,0,0.8376744482545002,0.7596982046053012,0.17675903311877927,0.11497362796404004,0.2013888888888889
developmental_synthetic,edge_severe_queue,world_bottleneck-seed-4316497584180809060,item_0017,1,0.8376744482545002,0.7596982046053012,0.17675903311877927,0.11497362796404004,0.2013888888888889
developmental_synthetic,edge_severe_queue,world_bottleneck-seed-4316497584180809060,item_0018,0,0.8376744482545002,0.7596982046053012,0.17675903311877927,0.11497362796404004,0.2013888888888889
developmental_synthetic,edge_severe_queue,world_bottleneck-seed-4316497584180809060,item_0019,1,0.8376744482545002,0.7596982046053012,0.17675903311877927,0.11497362796404004,0.2013888888888889
developmental_synthetic,edge_severe_queue,world_bottleneck-seed-4316497584180809060,item_0020,0,0.8376744482545002,0.7596982046053012,0.17675903311877927,0.11497362796404004,0.2013888888888889
developmental_synthetic,edge_severe_queue,world_bottleneck-seed-4316497584180809060,item_0021,0,0.8376744482545002,0.7596982046053012,0.17675903311877927,0.11497362796404004,0.2013888888888889
developmental_synthetic,edge_severe_queue,world_bottleneck-seed-4316497584180809060,item_0022,0,0.8376744482545002,0.7596982046053012,0.17675903311877927,0.11497362796404004,0.2013888888888889
developmental_synthetic,edge_severe_queue,world_bottleneck-seed-4316497584180809060,item_0023,0,0.8376744482545002,0.7596982046053012,0.17675903311877927,0.11497362796404004,0.2013888888888889
developmental_synthetic,edge_severe_queue,world_bottleneck-seed-4316497584180809060,item_0024,0,0.8376744482545002,0.7596982046053012,0.17675903311877927,0.11497362796404004,0.2013888888888889
developmental_synthetic,edge_severe_queue,world_bottleneck-seed-4316497584180809060,item_0025,0,0.8376744482545002,0.7596982046053012,0.17675903311877927,0.11497362796404004,0.2013888888888889
developmental_synthetic,edge_severe_queue,world_bottleneck-seed-4316497584180809060,item_0026,0,0.8376744482545002,0.7596982046053012,0.17675903311877927,0.11497362796404004,0.2013888888888889
developmental_synthetic,edge_severe_queue,world_bottleneck-seed-4316497584180809060,item_0027,0,0.8376744482545002,0.7596982046053012,0.17675903311877927,0.11497362796404004,0.2013888888888889
developmental_synthetic,edge_severe_queue,world_bottleneck-seed-4316497584180809060,item_0028,0,0.8376744482545002,0.7596982046053012,0.17675903311877927,0.11497362796404004,0.2013888888888889
developmental_synthetic,edge_severe_queue,world_bottleneck-seed-4316497584180809060,item_0029,0,0.8376744482545002,0.7596982046053012,0.17675903311877927,0.11497362796404004,0.2013888888888889
developmental_synthetic,edge_severe_queue,world_bottleneck-seed-4316497584180809060,item_0030,0,0.8376744482545002,0.7596982046053012,0.17675903311877927,0.11497362796404004,0.2013888888888889
developmental_synthetic,edge_severe_queue,world_bottleneck-seed-4316497584180809060,item_0031,0,0.8376744482545002,0.7596982046053012,0.17675903311877927,0.11497362796404004,0.2013888888888889
developmental_synthetic,edge_severe_queue,world_bottleneck-seed-4316497584180809060,item_0032,0,0.8376744482545002,0.7596982046053012,0.17675903311877927,0.11497362796404004,0.2013888888888889
developmental_synthetic,edge_severe_queue,world_bottleneck-seed-4316497584180809060,item_0033,0,0.8376744482545002,0.7596982046053012,0.17675903311877927,0.11497362796404004,0.2013888888888889
developmental_synthetic,edge_severe_queue,world_bottleneck-seed-4316497584180809060,item_0034,0,0.8376744482545002,0.7596982046053012,0.17675903311877927,0.11497362796404004,0.2013888888888889
developmental_synthetic,edge_severe_queue,world_bottleneck-seed-4316497584180809060,item_0035,0,0.8376744482545002,0.7596982046053012,0.17675903311877927,0.11497362796404004,0.2013888888888889
developmental_synthetic,edge_severe_queue,world_bottleneck-seed-4316497584180809060,item_0036,0,0.8376744482545002,0.7596982046053012,0.17675903311877927,0.11497362796404004,0.2013888888888889
developmental_synthetic,edge_severe_queue,world_bottleneck-seed-4316497584180809060,item_0037,0,0.8376744482545002,0.7596982046053012,0.17675903311877927,0.11497362796404004,0.2013888888888889
developmental_synthetic,edge_severe_queue,world_bottleneck-seed-4316497584180809060,item_0038,0,0.8376744482545002,0.7596982046053012,0.17675903311877927,0.11497362796404004,0.2013888888888889
developmental_synthetic,edge_severe_queue,world_bottleneck-seed-4316497584180809060,item_0039,0,0.8376744482545002,0.7596982046053012,0.17675903311877927,0.11497362796404004,0.2013888888888889
developmental_synthetic,edge_severe_queue,world_bottleneck-seed-4316497584180809060,item_0040,0,0.8376744482545002,0.7596982046053012,0.17675903311877927,0.11497362796404004,0.2013888888888889
developmental_synthetic,edge_severe_queue,world_bottleneck-seed-4316497584180809060,item_0041,0,0.8376744482545002,0.7596982046053012,0.17675903311877927,0.11497362796404004,0.2013888888888889
developmental_synthetic,edge_severe_queue,world_bottleneck-seed-4316497584180809060,item_0042,0,0.8376744482545002,0.7596982046053012,0.17675903311877927,0.11497362796404004,0.2013888888888889
developmental_synthetic,edge_severe_queue,world_bottleneck-seed-4316497584180809060,item_0043,0,0.8376744482545002,0.7596982046053012,0.17675903311877927,0.11497362796404004,0.2013888888888889
developmental_synthetic,edge_severe_queue,world_bottleneck-seed-4316497584180809060,item_0044,0,0.8376744482545002,0.7596982046053012,0.17675903311877927,0.11497362796404004,0.2013888888888889
developmental_synthetic,edge_severe_queue,world_bottleneck-seed-4316497584180809060,item_0045,0,0.8376744482545002,0.7596982046053012,0.17675903311877927,0.11497362796404004,0.2013888888888889
developmental_synthetic,edge_severe_queue,world_bottleneck-seed-4316497584180809060,item_0046,0,0.8376744482545002,0.7596982046053012,0.17675903311877927,0.11497362796404004,0.2013888888888889
developmental_synthetic,edge_severe_queue,world_bottleneck-seed-4316497584180809060,item_0047,0,0.8376744482545002,0.7596982046053012,0.17675903311877927,0.11497362796404004,0.2013888888888889
developmental_synthetic,edge_severe_queue,world_bottleneck-seed-4316497584180809060,item_0048,0,0.8376744482545002,0.7596982046053012,0.17675903311877927,0.11497362796404004,0.2013888888888889
developmental_synthetic,edge_severe_queue,world_bottleneck-seed-267805246917825788,item_0001,1,0.8376744482545002,0.7596982046053012,0.17675903311877927,0.11497362796404004,0.2013888888888889
developmental_synthetic,edge_severe_queue,world_bottleneck-seed-267805246917825788,item_0002,0,0.8376744482545002,0.7596982046053012,0.17675903311877927,0.11497362796404004,0.2013888888888889
developmental_synthetic,edge_severe_queue,world_bottleneck-seed-267805246917825788,item_0003,1,0.8376744482545002,0.7596982046053012,0.17675903311877927,0.11497362796404004,0.2013888888888889
developmental_synthetic,edge_severe_queue,world_bottleneck-seed-267805246917825788,item_0004,0,0.8376744482545002,0.7596982046053012,0.17675903311877927,0.11497362796404004,0.2013888888888889
developmental_synthetic,edge_severe_queue,world_bottleneck-seed-267805246917825788,item_0005,1,0.8376744482545002,0.7596982046053012,0.17675903311877927,0.11497362796404004,0.2013888888888889
developmental_synthetic,edge_severe_queue,world_bottleneck-seed-267805246917825788,item_0006,0,0.8376744482545002,0.7596982046053012,0.17675903311877927,0.11497362796404004,0.2013888888888889
developmental_synthetic,edge_severe_queue,world_bottleneck-seed-267805246917825788,item_0007,1,0.8376744482545002,0.7596982046053012,0.17675903311877927,0.11497362796404004,0.2013888888888889
developmental_synthetic,edge_severe_queue,world_bottleneck-seed-267805246917825788,item_0008,0,0.8376744482545002,0.7596982046053012,0.17675903311877927,0.11497362796404004,0.2013888888888889
developmental_synthetic,edge_severe_queue,world_bottleneck-seed-267805246917825788,item_0009,1,0.8376744482545002,0.7596982046053012,0.17675903311877927,0.11497362796404004,0.2013888888888889
developmental_synthetic,edge_severe_queue,world_bottleneck-seed-267805246917825788,item_0010,0,0.8376744482545002,0.7596982046053012,0.17675903311877927,0.11497362796404004,0.2013888888888889
developmental_synthetic,edge_severe_queue,world_bottleneck-seed-267805246917825788,item_0011,1,0.8376744482545002,0.7596982046053012,0.17675903311877927,0.11497362796404004,0.2013888888888889
developmental_synthetic,edge_severe_queue,world_bottleneck-seed-267805246917825788,item_0012,0,0.8376744482545002,0.7596982046053012,0.17675903311877927,0.11497362796404004,0.2013888888888889
developmental_synthetic,edge_severe_queue,world_bottleneck-seed-267805246917825788,item_0013,1,0.8376744482545002,0.7596982046053012,0.17675903311877927,0.11497362796404004,0.2013888888888889
developmental_synthetic,edge_severe_queue,world_bottleneck-seed-267805246917825788,item_0014,0,0.8376744482545002,0.7596982046053012,0.17675903311877927,0.11497362796404004,0.2013888888888889
developmental_synthetic,edge_severe_queue,world_bottleneck-seed-267805246917825788,item_0015,1,0.8376744482545002,0.7596982046053012,0.17675903311877927,0.11497362796404004,0.2013888888888889
developmental_synthetic,edge_severe_queue,world_bottleneck-seed-267805246917825788,item_0016,0,0.8376744482545002,0.7596982046053012,0.17675903311877927,0.11497362796404004,0.2013888888888889
developmental_synthetic,edge_severe_queue,world_bottleneck-seed-267805246917825788,item_0017,1,0.8376744482545002,0.7596982046053012,0.17675903311877927,0.11497362796404004,0.2013888888888889
developmental_synthetic,edge_severe_queue,world_bottleneck-seed-267805246917825788,item_0018,0,0.8376744482545002,0.7596982046053012,0.17675903311877927,0.11497362796404004,0.2013888888888889
developmental_synthetic,edge_severe_queue,world_bottleneck-seed-267805246917825788,item_0019,1,0.8376744482545002,0.7596982046053012,0.17675903311877927,0.11497362796404004,0.2013888888888889
developmental_synthetic,edge_severe_queue,world_bottleneck-seed-267805246917825788,item_0020,0,0.8376744482545002,0.7596982046053012,0.17675903311877927,0.11497362796404004,0.2013888888888889
developmental_synthetic,edge_severe_queue,world_bottleneck-seed-267805246917825788,item_0021,1,0.8376744482545002,0.7596982046053012,0.17675903311877927,0.11497362796404004,0.2013888888888889
developmental_synthetic,edge_severe_queue,world_bottleneck-seed-267805246917825788,item_0022,0,0.8376744482545002,0.7596982046053012,0.17675903311877927,0.11497362796404004,0.2013888888888889
developmental_synthetic,edge_severe_queue,world_bottleneck-seed-267805246917825788,item_0023,0,0.8376744482545002,0.7596982046053012,0.17675903311877927,0.11497362796404004,0.2013888888888889
developmental_synthetic,edge_severe_queue,world_bottleneck-seed-267805246917825788,item_0024,0,0.8376744482545002,0.7596982046053012,0.17675903311877927,0.11497362796404004,0.2013888888888889
developmental_synthetic,edge_severe_queue,world_bottleneck-seed-267805246917825788,item_0025,0,0.8376744482545002,0.7596982046053012,0.17675903311877927,0.11497362796404004,0.2013888888888889
developmental_synthetic,edge_severe_queue,world_bottleneck-seed-267805246917825788,item_0026,0,0.8376744482545002,0.7596982046053012,0.17675903311877927,0.11497362796404004,0.2013888888888889
developmental_synthetic,edge_severe_queue,world_bottleneck-seed-267805246917825788,item_0027,0,0.8376744482545002,0.7596982046053012,0.17675903311877927,0.11497362796404004,0.2013888888888889
developmental_synthetic,edge_severe_queue,world_bottleneck-seed-267805246917825788,item_0028,0,0.8376744482545002,0.7596982046053012,0.17675903311877927,0.11497362796404004,0.2013888888888889
developmental_synthetic,edge_severe_queue,world_bottleneck-seed-267805246917825788,item_0029,0,0.8376744482545002,0.7596982046053012,0.17675903311877927,0.11497362796404004,0.2013888888888889
developmental_synthetic,edge_severe_queue,world_bottleneck-seed-267805246917825788,item_0030,0,0.8376744482545002,0.7596982046053012,0.17675903311877927,0.11497362796404004,0.2013888888888889
developmental_synthetic,edge_severe_queue,world_bottleneck-seed-267805246917825788,item_0031,0,0.8376744482545002,0.7596982046053012,0.17675903311877927,0.11497362796404004,0.2013888888888889
developmental_synthetic,edge_severe_queue,world_bottleneck-seed-267805246917825788,item_0032,0,0.8376744482545002,0.7596982046053012,0.17675903311877927,0.11497362796404004,0.2013888888888889
developmental_synthetic,edge_severe_queue,world_bottleneck-seed-267805246917825788,item_0033,0,0.8376744482545002,0.7596982046053012,0.17675903311877927,0.11497362796404004,0.2013888888888889
developmental_synthetic,edge_severe_queue,world_bottleneck-seed-267805246917825788,item_0034,0,0.8376744482545002,0.7596982046053012,0.17675903311877927,0.11497362796404004,0.2013888888888889
developmental_synthetic,edge_severe_queue,world_bottleneck-seed-267805246917825788,item_0035,0,0.8376744482545002,0.7596982046053012,0.17675903311877927,0.11497362796404004,0.2013888888888889
developmental_synthetic,edge_severe_queue,world_bottleneck-seed-267805246917825788,item_0036,0,0.8376744482545002,0.7596982046053012,0.17675903311877927,0.11497362796404004,0.2013888888888889
developmental_synthetic,edge_severe_queue,world_bottleneck-seed-267805246917825788,item_0037,0,0.8376744482545002,0.7596982046053012,0.17675903311877927,0.11497362796404004,0.2013888888888889
developmental_synthetic,edge_severe_queue,world_bottleneck-seed-267805246917825788,item_0038,0,0.8376744482545002,0.7596982046053012,0.17675903311877927,0.11497362796404004,0.2013888888888889
developmental_synthetic,edge_severe_queue,world_bottleneck-seed-267805246917825788,item_0039,0,0.8376744482545002,0.7596982046053012,0.17675903311877927,0.11497362796404004,0.2013888888888889
developmental_synthetic,edge_severe_queue,world_bottleneck-seed-267805246917825788,item_0040,0,0.8376744482545002,0.7596982046053012,0.17675903311877927,0.11497362796404004,0.2013888888888889
developmental_synthetic,edge_severe_queue,world_bottleneck-seed-267805246917825788,item_0041,0,0.8376744482545002,0.7596982046053012,0.17675903311877927,0.11497362796404004,0.2013888888888889
developmental_synthetic,edge_severe_queue,world_bottleneck-seed-267805246917825788,item_0042,0,0.8376744482545002,0.7596982046053012,0.17675903311877927,0.11497362796404004,0.2013888888888889
developmental_synthetic,edge_severe_queue,world_bottleneck-seed-267805246917825788,item_0043,0,0.8376744482545002,0.7596982046053012,0.17675903311877927,0.11497362796404004,0.2013888888888889
developmental_synthetic,edge_severe_queue,world_bottleneck-seed-267805246917825788,item_0044,0,0.8376744482545002,0.7596982046053012,0.17675903311877927,0.11497362796404004,0.2013888888888889
developmental_synthetic,edge_severe_queue,world_bottleneck-seed-267805246917825788,item_0045,0,0.8376744482545002,0.7596982046053012,0.17675903311877927,0.11497362796404004,0.2013888888888889
developmental_synthetic,edge_severe_queue,world_bottleneck-seed-267805246917825788,item_0046,0,0.8376744482545002,0.7596982046053012,0.17675903311877927,0.11497362796404004,0.2013888888888889
developmental_synthetic,edge_severe_queue,world_bottleneck-seed-267805246917825788,item_0047,0,0.8376744482545002,0.7596982046053012,0.17675903311877927,0.11497362796404004,0.2013888888888889
developmental_synthetic,edge_severe_queue,world_bottleneck-seed-267805246917825788,item_0048,0,0.8376744482545002,0.7596982046053012,0.17675903311877927,0.11497362796404004,0.2013888888888889
developmental_synthetic,edge_severe_queue,world_bottleneck-seed-5323512391870954056,item_0001,1,0.8376744482545002,0.7596982046053012,0.17675903311877927,0.11497362796404004,0.2013888888888889
developmental_synthetic,edge_severe_queue,world_bottleneck-seed-5323512391870954056,item_0002,0,0.8376744482545002,0.7596982046053012,0.17675903311877927,0.11497362796404004,0.2013888888888889
developmental_synthetic,edge_severe_queue,world_bottleneck-seed-5323512391870954056,item_0003,1,0.8376744482545002,0.7596982046053012,0.17675903311877927,0.11497362796404004,0.2013888888888889
developmental_synthetic,edge_severe_queue,world_bottleneck-seed-5323512391870954056,item_0004,0,0.8376744482545002,0.7596982046053012,0.17675903311877927,0.11497362796404004,0.2013888888888889
developmental_synthetic,edge_severe_queue,world_bottleneck-seed-5323512391870954056,item_0005,1,0.8376744482545002,0.7596982046053012,0.17675903311877927,0.11497362796404004,0.2013888888888889
developmental_synthetic,edge_severe_queue,world_bottleneck-seed-5323512391870954056,item_0006,0,0.8376744482545002,0.7596982046053012,0.17675903311877927,0.11497362796404004,0.2013888888888889
developmental_synthetic,edge_severe_queue,world_bottleneck-seed-5323512391870954056,item_0007,1,0.8376744482545002,0.7596982046053012,0.17675903311877927,0.11497362796404004,0.2013888888888889
developmental_synthetic,edge_severe_queue,world_bottleneck-seed-5323512391870954056,item_0008,0,0.8376744482545002,0.7596982046053012,0.17675903311877927,0.11497362796404004,0.2013888888888889
developmental_synthetic,edge_severe_queue,world_bottleneck-seed-5323512391870954056,item_0009,0,0.8376744482545002,0.7596982046053012,0.17675903311877927,0.11497362796404004,0.2013888888888889
developmental_synthetic,edge_severe_queue,world_bottleneck-seed-5323512391870954056,item_0010,0,0.8376744482545002,0.7596982046053012,0.17675903311877927,0.11497362796404004,0.2013888888888889
developmental_synthetic,edge_severe_queue,world_bottleneck-seed-5323512391870954056,item_0011,0,0.8376744482545002,0.7596982046053012,0.17675903311877927,0.11497362796404004,0.2013888888888889
developmental_synthetic,edge_severe_queue,world_bottleneck-seed-5323512391870954056,item_0012,0,0.8376744482545002,0.7596982046053012,0.17675903311877927,0.11497362796404004,0.2013888888888889
developmental_synthetic,edge_severe_queue,world_bottleneck-seed-5323512391870954056,item_0013,1,0.8376744482545002,0.7596982046053012,0.17675903311877927,0.11497362796404004,0.2013888888888889
developmental_synthetic,edge_severe_queue,world_bottleneck-seed-5323512391870954056,item_0014,0,0.8376744482545002,0.7596982046053012,0.17675903311877927,0.11497362796404004,0.2013888888888889
developmental_synthetic,edge_severe_queue,world_bottleneck-seed-5323512391870954056,item_0015,1,0.8376744482545002,0.7596982046053012,0.17675903311877927,0.11497362796404004,0.2013888888888889
developmental_synthetic,edge_severe_queue,world_bottleneck-seed-5323512391870954056,item_0016,0,0.8376744482545002,0.7596982046053012,0.17675903311877927,0.11497362796404004,0.2013888888888889
developmental_synthetic,edge_severe_queue,world_bottleneck-seed-5323512391870954056,item_0017,1,0.8376744482545002,0.7596982046053012,0.17675903311877927,0.11497362796404004,0.2013888888888889
developmental_synthetic,edge_severe_queue,world_bottleneck-seed-5323512391870954056,item_0018,0,0.8376744482545002,0.7596982046053012,0.17675903311877927,0.11497362796404004,0.2013888888888889
developmental_synthetic,edge_severe_queue,world_bottleneck-seed-5323512391870954056,item_0019,1,0.8376744482545002,0.7596982046053012,0.17675903311877927,0.11497362796404004,0.2013888888888889
developmental_synthetic,edge_severe_queue,world_bottleneck-seed-5323512391870954056,item_0020,0,0.8376744482545002,0.7596982046053012,0.17675903311877927,0.11497362796404004,0.2013888888888889
developmental_synthetic,edge_severe_queue,world_bottleneck-seed-5323512391870954056,item_0021,1,0.8376744482545002,0.7596982046053012,0.17675903311877927,0.11497362796404004,0.2013888888888889
developmental_synthetic,edge_severe_queue,world_bottleneck-seed-5323512391870954056,item_0022,0,0.8376744482545002,0.7596982046053012,0.17675903311877927,0.11497362796404004,0.2013888888888889
developmental_synthetic,edge_severe_queue,world_bottleneck-seed-5323512391870954056,item_0023,1,0.8376744482545002,0.7596982046053012,0.17675903311877927,0.11497362796404004,0.2013888888888889
developmental_synthetic,edge_severe_queue,world_bottleneck-seed-5323512391870954056,item_0024,0,0.8376744482545002,0.7596982046053012,0.17675903311877927,0.11497362796404004,0.2013888888888889
developmental_synthetic,edge_severe_queue,world_bottleneck-seed-5323512391870954056,item_0025,0,0.8376744482545002,0.7596982046053012,0.17675903311877927,0.11497362796404004,0.2013888888888889
developmental_synthetic,edge_severe_queue,world_bottleneck-seed-5323512391870954056,item_0026,0,0.8376744482545002,0.7596982046053012,0.17675903311877927,0.11497362796404004,0.2013888888888889
developmental_synthetic,edge_severe_queue,world_bottleneck-seed-5323512391870954056,item_0027,0,0.8376744482545002,0.7596982046053012,0.17675903311877927,0.11497362796404004,0.2013888888888889
developmental_synthetic,edge_severe_queue,world_bottleneck-seed-5323512391870954056,item_0028,0,0.8376744482545002,0.7596982046053012,0.17675903311877927,0.11497362796404004,0.2013888888888889
developmental_synthetic,edge_severe_queue,world_bottleneck-seed-5323512391870954056,item_0029,0,0.8376744482545002,0.7596982046053012,0.17675903311877927,0.11497362796404004,0.2013888888888889
developmental_synthetic,edge_severe_queue,world_bottleneck-seed-5323512391870954056,item_0030,0,0.8376744482545002,0.7596982046053012,0.17675903311877927,0.11497362796404004,0.2013888888888889
developmental_synthetic,edge_severe_queue,world_bottleneck-seed-5323512391870954056,item_0031,0,0.8376744482545002,0.7596982046053012,0.17675903311877927,0.11497362796404004,0.2013888888888889
developmental_synthetic,edge_severe_queue,world_bottleneck-seed-5323512391870954056,item_0032,0,0.8376744482545002,0.7596982046053012,0.17675903311877927,0.11497362796404004,0.2013888888888889
developmental_synthetic,edge_severe_queue,world_bottleneck-seed-5323512391870954056,item_0033,0,0.8376744482545002,0.7596982046053012,0.17675903311877927,0.11497362796404004,0.2013888888888889
developmental_synthetic,edge_severe_queue,world_bottleneck-seed-5323512391870954056,item_0034,0,0.8376744482545002,0.7596982046053012,0.17675903311877927,0.11497362796404004,0.2013888888888889
developmental_synthetic,edge_severe_queue,world_bottleneck-seed-5323512391870954056,item_0035,0,0.8376744482545002,0.7596982046053012,0.17675903311877927,0.11497362796404004,0.2013888888888889
developmental_synthetic,edge_severe_queue,world_bottleneck-seed-5323512391870954056,item_0036,0,0.8376744482545002,0.7596982046053012,0.17675903311877927,0.11497362796404004,0.2013888888888889
developmental_synthetic,edge_severe_queue,world_bottleneck-seed-5323512391870954056,item_0037,0,0.8376744482545002,0.7596982046053012,0.17675903311877927,0.11497362796404004,0.2013888888888889
developmental_synthetic,edge_severe_queue,world_bottleneck-seed-5323512391870954056,item_0038,0,0.8376744482545002,0.7596982046053012,0.17675903311877927,0.11497362796404004,0.2013888888888889
developmental_synthetic,edge_severe_queue,world_bottleneck-seed-5323512391870954056,item_0039,0,0.8376744482545002,0.7596982046053012,0.17675903311877927,0.11497362796404004,0.2013888888888889
developmental_synthetic,edge_severe_queue,world_bottleneck-seed-5323512391870954056,item_0040,0,0.8376744482545002,0.7596982046053012,0.17675903311877927,0.11497362796404004,0.2013888888888889
developmental_synthetic,edge_severe_queue,world_bottleneck-seed-5323512391870954056,item_0041,0,0.8376744482545002,0.7596982046053012,0.17675903311877927,0.11497362796404004,0.2013888888888889
developmental_synthetic,edge_severe_queue,world_bottleneck-seed-5323512391870954056,item_0042,0,0.8376744482545002,0.7596982046053012,0.17675903311877927,0.11497362796404004,0.2013888888888889
developmental_synthetic,edge_severe_queue,world_bottleneck-seed-5323512391870954056,item_0043,0,0.8376744482545002,0.7596982046053012,0.17675903311877927,0.11497362796404004,0.2013888888888889
developmental_synthetic,edge_severe_queue,world_bottleneck-seed-5323512391870954056,item_0044,0,0.8376744482545002,0.7596982046053012,0.17675903311877927,0.11497362796404004,0.2013888888888889
developmental_synthetic,edge_severe_queue,world_bottleneck-seed-5323512391870954056,item_0045,0,0.8376744482545002,0.7596982046053012,0.17675903311877927,0.11497362796404004,0.2013888888888889
developmental_synthetic,edge_severe_queue,world_bottleneck-seed-5323512391870954056,item_0046,0,0.8376744482545002,0.7596982046053012,0.17675903311877927,0.11497362796404004,0.2013888888888889
developmental_synthetic,edge_severe_queue,world_bottleneck-seed-5323512391870954056,item_0047,0,0.8376744482545002,0.7596982046053012,0.17675903311877927,0.11497362796404004,0.2013888888888889
developmental_synthetic,edge_severe_queue,world_bottleneck-seed-5323512391870954056,item_0048,0,0.8376744482545002,0.7596982046053012,0.17675903311877927,0.11497362796404004,0.2013888888888889
developmental_synthetic,edge_severe_queue,world_bottleneck-seed-1172434494149480746,item_0001,0,0.8376744482545002,0.7596982046053012,0.17675903311877927,0.11497362796404004,0.2013888888888889
developmental_synthetic,edge_severe_queue,world_bottleneck-seed-1172434494149480746,item_0002,0,0.8376744482545002,0.7596982046053012,0.17675903311877927,0.11497362796404004,0.2013888888888889
developmental_synthetic,edge_severe_queue,world_bottleneck-seed-1172434494149480746,item_0003,1,0.8376744482545002,0.7596982046053012,0.17675903311877927,0.11497362796404004,0.2013888888888889
developmental_synthetic,edge_severe_queue,world_bottleneck-seed-1172434494149480746,item_0004,0,0.8376744482545002,0.7596982046053012,0.17675903311877927,0.11497362796404004,0.2013888888888889
developmental_synthetic,edge_severe_queue,world_bottleneck-seed-1172434494149480746,item_0005,1,0.8376744482545002,0.7596982046053012,0.17675903311877927,0.11497362796404004,0.2013888888888889
developmental_synthetic,edge_severe_queue,world_bottleneck-seed-1172434494149480746,item_0006,0,0.8376744482545002,0.7596982046053012,0.17675903311877927,0.11497362796404004,0.2013888888888889
developmental_synthetic,edge_severe_queue,world_bottleneck-seed-1172434494149480746,item_0007,0,0.8376744482545002,0.7596982046053012,0.17675903311877927,0.11497362796404004,0.2013888888888889
developmental_synthetic,edge_severe_queue,world_bottleneck-seed-1172434494149480746,item_0008,0,0.8376744482545002,0.7596982046053012,0.17675903311877927,0.11497362796404004,0.2013888888888889
developmental_synthetic,edge_severe_queue,world_bottleneck-seed-1172434494149480746,item_0009,1,0.8376744482545002,0.7596982046053012,0.17675903311877927,0.11497362796404004,0.2013888888888889
developmental_synthetic,edge_severe_queue,world_bottleneck-seed-1172434494149480746,item_0010,0,0.8376744482545002,0.7596982046053012,0.17675903311877927,0.11497362796404004,0.2013888888888889
developmental_synthetic,edge_severe_queue,world_bottleneck-seed-1172434494149480746,item_0011,0,0.8376744482545002,0.7596982046053012,0.17675903311877927,0.11497362796404004,0.2013888888888889
developmental_synthetic,edge_severe_queue,world_bottleneck-seed-1172434494149480746,item_0012,0,0.8376744482545002,0.7596982046053012,0.17675903311877927,0.11497362796404004,0.2013888888888889
developmental_synthetic,edge_severe_queue,world_bottleneck-seed-1172434494149480746,item_0013,1,0.8376744482545002,0.7596982046053012,0.17675903311877927,0.11497362796404004,0.2013888888888889
developmental_synthetic,edge_severe_queue,world_bottleneck-seed-1172434494149480746,item_0014,0,0.8376744482545002,0.7596982046053012,0.17675903311877927,0.11497362796404004,0.2013888888888889
developmental_synthetic,edge_severe_queue,world_bottleneck-seed-1172434494149480746,item_0015,1,0.8376744482545002,0.7596982046053012,0.17675903311877927,0.11497362796404004,0.2013888888888889
developmental_synthetic,edge_severe_queue,world_bottleneck-seed-1172434494149480746,item_0016,0,0.8376744482545002,0.7596982046053012,0.17675903311877927,0.11497362796404004,0.2013888888888889
developmental_synthetic,edge_severe_queue,world_bottleneck-seed-1172434494149480746,item_0017,1,0.8376744482545002,0.7596982046053012,0.17675903311877927,0.11497362796404004,0.2013888888888889
developmental_synthetic,edge_severe_queue,world_bottleneck-seed-1172434494149480746,item_0018,0,0.8376744482545002,0.7596982046053012,0.17675903311877927,0.11497362796404004,0.2013888888888889
developmental_synthetic,edge_severe_queue,world_bottleneck-seed-1172434494149480746,item_0019,1,0.8376744482545002,0.7596982046053012,0.17675903311877927,0.11497362796404004,0.2013888888888889
developmental_synthetic,edge_severe_queue,world_bottleneck-seed-1172434494149480746,item_0020,0,0.8376744482545002,0.7596982046053012,0.17675903311877927,0.11497362796404004,0.2013888888888889
developmental_synthetic,edge_severe_queue,world_bottleneck-seed-1172434494149480746,item_0021,0,0.8376744482545002,0.7596982046053012,0.17675903311877927,0.11497362796404004,0.2013888888888889
developmental_synthetic,edge_severe_queue,world_bottleneck-seed-1172434494149480746,item_0022,0,0.8376744482545002,0.7596982046053012,0.17675903311877927,0.11497362796404004,0.2013888888888889
developmental_synthetic,edge_severe_queue,world_bottleneck-seed-1172434494149480746,item_0023,0,0.8376744482545002,0.7596982046053012,0.17675903311877927,0.11497362796404004,0.2013888888888889
developmental_synthetic,edge_severe_queue,world_bottleneck-seed-1172434494149480746,item_0024,0,0.8376744482545002,0.7596982046053012,0.17675903311877927,0.11497362796404004,0.2013888888888889
developmental_synthetic,edge_severe_queue,world_bottleneck-seed-1172434494149480746,item_0025,0,0.8376744482545002,0.7596982046053012,0.17675903311877927,0.11497362796404004,0.2013888888888889
developmental_synthetic,edge_severe_queue,world_bottleneck-seed-1172434494149480746,item_0026,0,0.8376744482545002,0.7596982046053012,0.17675903311877927,0.11497362796404004,0.2013888888888889
developmental_synthetic,edge_severe_queue,world_bottleneck-seed-1172434494149480746,item_0027,0,0.8376744482545002,0.7596982046053012,0.17675903311877927,0.11497362796404004,0.2013888888888889
developmental_synthetic,edge_severe_queue,world_bottleneck-seed-1172434494149480746,item_0028,0,0.8376744482545002,0.7596982046053012,0.17675903311877927,0.11497362796404004,0.2013888888888889
developmental_synthetic,edge_severe_queue,world_bottleneck-seed-1172434494149480746,item_0029,0,0.8376744482545002,0.7596982046053012,0.17675903311877927,0.11497362796404004,0.2013888888888889
developmental_synthetic,edge_severe_queue,world_bottleneck-seed-1172434494149480746,item_0030,0,0.8376744482545002,0.7596982046053012,0.17675903311877927,0.11497362796404004,0.2013888888888889
developmental_synthetic,edge_severe_queue,world_bottleneck-seed-1172434494149480746,item_0031,0,0.8376744482545002,0.7596982046053012,0.17675903311877927,0.11497362796404004,0.2013888888888889
developmental_synthetic,edge_severe_queue,world_bottleneck-seed-1172434494149480746,item_0032,0,0.8376744482545002,0.7596982046053012,0.17675903311877927,0.11497362796404004,0.2013888888888889
developmental_synthetic,edge_severe_queue,world_bottleneck-seed-1172434494149480746,item_0033,0,0.8376744482545002,0.7596982046053012,0.17675903311877927,0.11497362796404004,0.2013888888888889
developmental_synthetic,edge_severe_queue,world_bottleneck-seed-1172434494149480746,item_0034,0,0.8376744482545002,0.7596982046053012,0.17675903311877927,0.11497362796404004,0.2013888888888889
developmental_synthetic,edge_severe_queue,world_bottleneck-seed-1172434494149480746,item_0035,0,0.8376744482545002,0.7596982046053012,0.17675903311877927,0.11497362796404004,0.2013888888888889
developmental_synthetic,edge_severe_queue,world_bottleneck-seed-1172434494149480746,item_0036,0,0.8376744482545002,0.7596982046053012,0.17675903311877927,0.11497362796404004,0.2013888888888889
developmental_synthetic,edge_severe_queue,world_bottleneck-seed-1172434494149480746,item_0037,0,0.8376744482545002,0.7596982046053012,0.17675903311877927,0.11497362796404004,0.2013888888888889
developmental_synthetic,edge_severe_queue,world_bottleneck-seed-1172434494149480746,item_0038,0,0.8376744482545002,0.7596982046053012,0.17675903311877927,0.11497362796404004,0.2013888888888889
developmental_synthetic,edge_severe_queue,world_bottleneck-seed-1172434494149480746,item_0039,0,0.8376744482545002,0.7596982046053012,0.17675903311877927,0.11497362796404004,0.2013888888888889
developmental_synthetic,edge_severe_queue,world_bottleneck-seed-1172434494149480746,item_0040,0,0.8376744482545002,0.7596982046053012,0.17675903311877927,0.11497362796404004,0.2013888888888889
developmental_synthetic,edge_severe_queue,world_bottleneck-seed-1172434494149480746,item_0041,0,0.8376744482545002,0.7596982046053012,0.17675903311877927,0.11497362796404004,0.2013888888888889
developmental_synthetic,edge_severe_queue,world_bottleneck-seed-1172434494149480746,item_0042,0,0.8376744482545002,0.7596982046053012,0.17675903311877927,0.11497362796404004,0.2013888888888889
developmental_synthetic,edge_severe_queue,world_bottleneck-seed-1172434494149480746,item_0043,0,0.8376744482545002,0.7596982046053012,0.17675903311877927,0.11497362796404004,0.2013888888888889
developmental_synthetic,edge_severe_queue,world_bottleneck-seed-1172434494149480746,item_0044,0,0.8376744482545002,0.7596982046053012,0.17675903311877927,0.11497362796404004,0.2013888888888889
developmental_synthetic,edge_severe_queue,world_bottleneck-seed-1172434494149480746,item_0045,0,0.8376744482545002,0.7596982046053012,0.17675903311877927,0.11497362796404004,0.2013888888888889
developmental_synthetic,edge_severe_queue,world_bottleneck-seed-1172434494149480746,item_0046,0,0.8376744482545002,0.7596982046053012,0.17675903311877927,0.11497362796404004,0.2013888888888889
developmental_synthetic,edge_severe_queue,world_bottleneck-seed-1172434494149480746,item_0047,0,0.8376744482545002,0.7596982046053012,0.17675903311877927,0.11497362796404004,0.2013888888888889
developmental_synthetic,edge_severe_queue,world_bottleneck-seed-1172434494149480746,item_0048,0,0.8376744482545002,0.7596982046053012,0.17675903311877927,0.11497362796404004,0.2013888888888889
developmental_synthetic,edge_severe_queue,world_bottleneck-seed-5726125126166933359,item_0001,1,0.8376744482545002,0.7596982046053012,0.17675903311877927,0.11497362796404004,0.2013888888888889
developmental_synthetic,edge_severe_queue,world_bottleneck-seed-5726125126166933359,item_0002,0,0.8376744482545002,0.7596982046053012,0.17675903311877927,0.11497362796404004,0.2013888888888889
developmental_synthetic,edge_severe_queue,world_bottleneck-seed-5726125126166933359,item_0003,1,0.8376744482545002,0.7596982046053012,0.17675903311877927,0.11497362796404004,0.2013888888888889
developmental_synthetic,edge_severe_queue,world_bottleneck-seed-5726125126166933359,item_0004,0,0.8376744482545002,0.7596982046053012,0.17675903311877927,0.11497362796404004,0.2013888888888889
developmental_synthetic,edge_severe_queue,world_bottleneck-seed-5726125126166933359,item_0005,0,0.8376744482545002,0.7596982046053012,0.17675903311877927,0.11497362796404004,0.2013888888888889
developmental_synthetic,edge_severe_queue,world_bottleneck-seed-5726125126166933359,item_0006,0,0.8376744482545002,0.7596982046053012,0.17675903311877927,0.11497362796404004,0.2013888888888889
developmental_synthetic,edge_severe_queue,world_bottleneck-seed-5726125126166933359,item_0007,1,0.8376744482545002,0.7596982046053012,0.17675903311877927,0.11497362796404004,0.2013888888888889
developmental_synthetic,edge_severe_queue,world_bottleneck-seed-5726125126166933359,item_0008,0,0.8376744482545002,0.7596982046053012,0.17675903311877927,0.11497362796404004,0.2013888888888889
developmental_synthetic,edge_severe_queue,world_bottleneck-seed-5726125126166933359,item_0009,1,0.8376744482545002,0.7596982046053012,0.17675903311877927,0.11497362796404004,0.2013888888888889
developmental_synthetic,edge_severe_queue,world_bottleneck-seed-5726125126166933359,item_0010,0,0.8376744482545002,0.7596982046053012,0.17675903311877927,0.11497362796404004,0.2013888888888889
developmental_synthetic,edge_severe_queue,world_bottleneck-seed-5726125126166933359,item_0011,1,0.8376744482545002,0.7596982046053012,0.17675903311877927,0.11497362796404004,0.2013888888888889
developmental_synthetic,edge_severe_queue,world_bottleneck-seed-5726125126166933359,item_0012,0,0.8376744482545002,0.7596982046053012,0.17675903311877927,0.11497362796404004,0.2013888888888889
developmental_synthetic,edge_severe_queue,world_bottleneck-seed-5726125126166933359,item_0013,0,0.8376744482545002,0.7596982046053012,0.17675903311877927,0.11497362796404004,0.2013888888888889
developmental_synthetic,edge_severe_queue,world_bottleneck-seed-5726125126166933359,item_0014,0,0.8376744482545002,0.7596982046053012,0.17675903311877927,0.11497362796404004,0.2013888888888889
developmental_synthetic,edge_severe_queue,world_bottleneck-seed-5726125126166933359,item_0015,1,0.8376744482545002,0.7596982046053012,0.17675903311877927,0.11497362796404004,0.2013888888888889
developmental_synthetic,edge_severe_queue,world_bottleneck-seed-5726125126166933359,item_0016,0,0.8376744482545002,0.7596982046053012,0.17675903311877927,0.11497362796404004,0.2013888888888889
developmental_synthetic,edge_severe_queue,world_bottleneck-seed-5726125126166933359,item_0017,1,0.8376744482545002,0.7596982046053012,0.17675903311877927,0.11497362796404004,0.2013888888888889
developmental_synthetic,edge_severe_queue,world_bottleneck-seed-5726125126166933359,item_0018,0,0.8376744482545002,0.7596982046053012,0.17675903311877927,0.11497362796404004,0.2013888888888889
developmental_synthetic,edge_severe_queue,world_bottleneck-seed-5726125126166933359,item_0019,1,0.8376744482545002,0.7596982046053012,0.17675903311877927,0.11497362796404004,0.2013888888888889
developmental_synthetic,edge_severe_queue,world_bottleneck-seed-5726125126166933359,item_0020,0,0.8376744482545002,0.7596982046053012,0.17675903311877927,0.11497362796404004,0.2013888888888889
developmental_synthetic,edge_severe_queue,world_bottleneck-seed-5726125126166933359,item_0021,0,0.8376744482545002,0.7596982046053012,0.17675903311877927,0.11497362796404004,0.2013888888888889
developmental_synthetic,edge_severe_queue,world_bottleneck-seed-5726125126166933359,item_0022,0,0.8376744482545002,0.7596982046053012,0.17675903311877927,0.11497362796404004,0.2013888888888889
developmental_synthetic,edge_severe_queue,world_bottleneck-seed-5726125126166933359,item_0023,0,0.8376744482545002,0.7596982046053012,0.17675903311877927,0.11497362796404004,0.2013888888888889
developmental_synthetic,edge_severe_queue,world_bottleneck-seed-5726125126166933359,item_0024,0,0.8376744482545002,0.7596982046053012,0.17675903311877927,0.11497362796404004,0.2013888888888889
developmental_synthetic,edge_severe_queue,world_bottleneck-seed-5726125126166933359,item_0025,0,0.8376744482545002,0.7596982046053012,0.17675903311877927,0.11497362796404004,0.2013888888888889
developmental_synthetic,edge_severe_queue,world_bottleneck-seed-5726125126166933359,item_0026,0,0.8376744482545002,0.7596982046053012,0.17675903311877927,0.11497362796404004,0.2013888888888889
developmental_synthetic,edge_severe_queue,world_bottleneck-seed-5726125126166933359,item_0027,0,0.8376744482545002,0.7596982046053012,0.17675903311877927,0.11497362796404004,0.2013888888888889
developmental_synthetic,edge_severe_queue,world_bottleneck-seed-5726125126166933359,item_0028,0,0.8376744482545002,0.7596982046053012,0.17675903311877927,0.11497362796404004,0.2013888888888889
developmental_synthetic,edge_severe_queue,world_bottleneck-seed-5726125126166933359,item_0029,0,0.8376744482545002,0.7596982046053012,0.17675903311877927,0.11497362796404004,0.2013888888888889
developmental_synthetic,edge_severe_queue,world_bottleneck-seed-5726125126166933359,item_0030,0,0.8376744482545002,0.7596982046053012,0.17675903311877927,0.11497362796404004,0.2013888888888889
developmental_synthetic,edge_severe_queue,world_bottleneck-seed-5726125126166933359,item_0031,0,0.8376744482545002,0.7596982046053012,0.17675903311877927,0.11497362796404004,0.2013888888888889
developmental_synthetic,edge_severe_queue,world_bottleneck-seed-5726125126166933359,item_0032,0,0.8376744482545002,0.7596982046053012,0.17675903311877927,0.11497362796404004,0.2013888888888889
developmental_synthetic,edge_severe_queue,world_bottleneck-seed-5726125126166933359,item_0033,0,0.8376744482545002,0.7596982046053012,0.17675903311877927,0.11497362796404004,0.2013888888888889
developmental_synthetic,edge_severe_queue,world_bottleneck-seed-5726125126166933359,item_0034,0,0.8376744482545002,0.7596982046053012,0.17675903311877927,0.11497362796404004,0.2013888888888889
developmental_synthetic,edge_severe_queue,world_bottleneck-seed-5726125126166933359,item_0035,0,0.8376744482545002,0.7596982046053012,0.17675903311877927,0.11497362796404004,0.2013888888888889
developmental_synthetic,edge_severe_queue,world_bottleneck-seed-5726125126166933359,item_0036,0,0.8376744482545002,0.7596982046053012,0.17675903311877927,0.11497362796404004,0.2013888888888889
developmental_synthetic,edge_severe_queue,world_bottleneck-seed-5726125126166933359,item_0037,0,0.8376744482545002,0.7596982046053012,0.17675903311877927,0.11497362796404004,0.2013888888888889
developmental_synthetic,edge_severe_queue,world_bottleneck-seed-5726125126166933359,item_0038,0,0.8376744482545002,0.7596982046053012,0.17675903311877927,0.11497362796404004,0.2013888888888889
developmental_synthetic,edge_severe_queue,world_bottleneck-seed-5726125126166933359,item_0039,0,0.8376744482545002,0.7596982046053012,0.17675903311877927,0.11497362796404004,0.2013888888888889
developmental_synthetic,edge_severe_queue,world_bottleneck-seed-5726125126166933359,item_0040,0,0.8376744482545002,0.7596982046053012,0.17675903311877927,0.11497362796404004,0.2013888888888889
developmental_synthetic,edge_severe_queue,world_bottleneck-seed-5726125126166933359,item_0041,0,0.8376744482545002,0.7596982046053012,0.17675903311877927,0.11497362796404004,0.2013888888888889
developmental_synthetic,edge_severe_queue,world_bottleneck-seed-5726125126166933359,item_0042,0,0.8376744482545002,0.7596982046053012,0.17675903311877927,0.11497362796404004,0.2013888888888889
developmental_synthetic,edge_severe_queue,world_bottleneck-seed-5726125126166933359,item_0043,0,0.8376744482545002,0.7596982046053012,0.17675903311877927,0.11497362796404004,0.2013888888888889
developmental_synthetic,edge_severe_queue,world_bottleneck-seed-5726125126166933359,item_0044,0,0.8376744482545002,0.7596982046053012,0.17675903311877927,0.11497362796404004,0.2013888888888889
developmental_synthetic,edge_severe_queue,world_bottleneck-seed-5726125126166933359,item_0045,0,0.8376744482545002,0.7596982046053012,0.17675903311877927,0.11497362796404004,0.2013888888888889
developmental_synthetic,edge_severe_queue,world_bottleneck-seed-5726125126166933359,item_0046,0,0.8376744482545002,0.7596982046053012,0.17675903311877927,0.11497362796404004,0.2013888888888889
developmental_synthetic,edge_severe_queue,world_bottleneck-seed-5726125126166933359,item_0047,0,0.8376744482545002,0.7596982046053012,0.17675903311877927,0.11497362796404004,0.2013888888888889
developmental_synthetic,edge_severe_queue,world_bottleneck-seed-5726125126166933359,item_0048,0,0.8376744482545002,0.7596982046053012,0.17675903311877927,0.11497362796404004,0.2013888888888889
developmental_synthetic,edge_severe_queue,world_bottleneck-seed-319014136358887567,item_0001,1,0.8376744482545002,0.7596982046053012,0.17675903311877927,0.11497362796404004,0.2013888888888889
developmental_synthetic,edge_severe_queue,world_bottleneck-seed-319014136358887567,item_0002,0,0.8376744482545002,0.7596982046053012,0.17675903311877927,0.11497362796404004,0.2013888888888889
developmental_synthetic,edge_severe_queue,world_bottleneck-seed-319014136358887567,item_0003,1,0.8376744482545002,0.7596982046053012,0.17675903311877927,0.11497362796404004,0.2013888888888889
developmental_synthetic,edge_severe_queue,world_bottleneck-seed-319014136358887567,item_0004,0,0.8376744482545002,0.7596982046053012,0.17675903311877927,0.11497362796404004,0.2013888888888889
developmental_synthetic,edge_severe_queue,world_bottleneck-seed-319014136358887567,item_0005,1,0.8376744482545002,0.7596982046053012,0.17675903311877927,0.11497362796404004,0.2013888888888889
developmental_synthetic,edge_severe_queue,world_bottleneck-seed-319014136358887567,item_0006,0,0.8376744482545002,0.7596982046053012,0.17675903311877927,0.11497362796404004,0.2013888888888889
developmental_synthetic,edge_severe_queue,world_bottleneck-seed-319014136358887567,item_0007,1,0.8376744482545002,0.7596982046053012,0.17675903311877927,0.11497362796404004,0.2013888888888889
developmental_synthetic,edge_severe_queue,world_bottleneck-seed-319014136358887567,item_0008,0,0.8376744482545002,0.7596982046053012,0.17675903311877927,0.11497362796404004,0.2013888888888889
developmental_synthetic,edge_severe_queue,world_bottleneck-seed-319014136358887567,item_0009,1,0.8376744482545002,0.7596982046053012,0.17675903311877927,0.11497362796404004,0.2013888888888889
developmental_synthetic,edge_severe_queue,world_bottleneck-seed-319014136358887567,item_0010,0,0.8376744482545002,0.7596982046053012,0.17675903311877927,0.11497362796404004,0.2013888888888889
developmental_synthetic,edge_severe_queue,world_bottleneck-seed-319014136358887567,item_0011,1,0.8376744482545002,0.7596982046053012,0.17675903311877927,0.11497362796404004,0.2013888888888889
developmental_synthetic,edge_severe_queue,world_bottleneck-seed-319014136358887567,item_0012,0,0.8376744482545002,0.7596982046053012,0.17675903311877927,0.11497362796404004,0.2013888888888889
developmental_synthetic,edge_severe_queue,world_bottleneck-seed-319014136358887567,item_0013,1,0.8376744482545002,0.7596982046053012,0.17675903311877927,0.11497362796404004,0.2013888888888889
developmental_synthetic,edge_severe_queue,world_bottleneck-seed-319014136358887567,item_0014,0,0.8376744482545002,0.7596982046053012,0.17675903311877927,0.11497362796404004,0.2013888888888889
developmental_synthetic,edge_severe_queue,world_bottleneck-seed-319014136358887567,item_0015,1,0.8376744482545002,0.7596982046053012,0.17675903311877927,0.11497362796404004,0.2013888888888889
developmental_synthetic,edge_severe_queue,world_bottleneck-seed-319014136358887567,item_0016,0,0.8376744482545002,0.7596982046053012,0.17675903311877927,0.11497362796404004,0.2013888888888889
developmental_synthetic,edge_severe_queue,world_bottleneck-seed-319014136358887567,item_0017,1,0.8376744482545002,0.7596982046053012,0.17675903311877927,0.11497362796404004,0.2013888888888889
developmental_synthetic,edge_severe_queue,world_bottleneck-seed-319014136358887567,item_0018,0,0.8376744482545002,0.7596982046053012,0.17675903311877927,0.11497362796404004,0.2013888888888889
developmental_synthetic,edge_severe_queue,world_bottleneck-seed-319014136358887567,item_0019,1,0.8376744482545002,0.7596982046053012,0.17675903311877927,0.11497362796404004,0.2013888888888889
developmental_synthetic,edge_severe_queue,world_bottleneck-seed-319014136358887567,item_0020,0,0.8376744482545002,0.7596982046053012,0.17675903311877927,0.11497362796404004,0.2013888888888889
developmental_synthetic,edge_severe_queue,world_bottleneck-seed-319014136358887567,item_0021,1,0.8376744482545002,0.7596982046053012,0.17675903311877927,0.11497362796404004,0.2013888888888889
developmental_synthetic,edge_severe_queue,world_bottleneck-seed-319014136358887567,item_0022,0,0.8376744482545002,0.7596982046053012,0.17675903311877927,0.11497362796404004,0.2013888888888889
developmental_synthetic,edge_severe_queue,world_bottleneck-seed-319014136358887567,item_0023,1,0.8376744482545002,0.7596982046053012,0.17675903311877927,0.11497362796404004,0.2013888888888889
developmental_synthetic,edge_severe_queue,world_bottleneck-seed-319014136358887567,item_0024,0,0.8376744482545002,0.7596982046053012,0.17675903311877927,0.11497362796404004,0.2013888888888889
developmental_synthetic,edge_severe_queue,world_bottleneck-seed-319014136358887567,item_0025,0,0.8376744482545002,0.7596982046053012,0.17675903311877927,0.11497362796404004,0.2013888888888889
developmental_synthetic,edge_severe_queue,world_bottleneck-seed-319014136358887567,item_0026,0,0.8376744482545002,0.7596982046053012,0.17675903311877927,0.11497362796404004,0.2013888888888889
developmental_synthetic,edge_severe_queue,world_bottleneck-seed-319014136358887567,item_0027,0,0.8376744482545002,0.7596982046053012,0.17675903311877927,0.11497362796404004,0.2013888888888889
developmental_synthetic,edge_severe_queue,world_bottleneck-seed-319014136358887567,item_0028,0,0.8376744482545002,0.7596982046053012,0.17675903311877927,0.11497362796404004,0.2013888888888889
developmental_synthetic,edge_severe_queue,world_bottleneck-seed-319014136358887567,item_0029,0,0.8376744482545002,0.7596982046053012,0.17675903311877927,0.11497362796404004,0.2013888888888889
developmental_synthetic,edge_severe_queue,world_bottleneck-seed-319014136358887567,item_0030,0,0.8376744482545002,0.7596982046053012,0.17675903311877927,0.11497362796404004,0.2013888888888889
developmental_synthetic,edge_severe_queue,world_bottleneck-seed-319014136358887567,item_0031,0,0.8376744482545002,0.7596982046053012,0.17675903311877927,0.11497362796404004,0.2013888888888889
developmental_synthetic,edge_severe_queue,world_bottleneck-seed-319014136358887567,item_0032,0,0.8376744482545002,0.7596982046053012,0.17675903311877927,0.11497362796404004,0.2013888888888889
developmental_synthetic,edge_severe_queue,world_bottleneck-seed-319014136358887567,item_0033,0,0.8376744482545002,0.7596982046053012,0.17675903311877927,0.11497362796404004,0.2013888888888889
developmental_synthetic,edge_severe_queue,world_bottleneck-seed-319014136358887567,item_0034,0,0.8376744482545002,0.7596982046053012,0.17675903311877927,0.11497362796404004,0.2013888888888889
developmental_synthetic,edge_severe_queue,world_bottleneck-seed-319014136358887567,item_0035,0,0.8376744482545002,0.7596982046053012,0.17675903311877927,0.11497362796404004,0.2013888888888889
developmental_synthetic,edge_severe_queue,world_bottleneck-seed-319014136358887567,item_0036,0,0.8376744482545002,0.7596982046053012,0.17675903311877927,0.11497362796404004,0.2013888888888889
developmental_synthetic,edge_severe_queue,world_bottleneck-seed-319014136358887567,item_0037,0,0.8376744482545002,0.7596982046053012,0.17675903311877927,0.11497362796404004,0.2013888888888889
developmental_synthetic,edge_severe_queue,world_bottleneck-seed-319014136358887567,item_0038,0,0.8376744482545002,0.7596982046053012,0.17675903311877927,0.11497362796404004,0.2013888888888889
developmental_synthetic,edge_severe_queue,world_bottleneck-seed-319014136358887567,item_0039,0,0.8376744482545002,0.7596982046053012,0.17675903311877927,0.11497362796404004,0.2013888888888889
developmental_synthetic,edge_severe_queue,world_bottleneck-seed-319014136358887567,item_0040,0,0.8376744482545002,0.7596982046053012,0.17675903311877927,0.11497362796404004,0.2013888888888889
developmental_synthetic,edge_severe_queue,world_bottleneck-seed-319014136358887567,item_0041,0,0.8376744482545002,0.7596982046053012,0.17675903311877927,0.11497362796404004,0.2013888888888889
developmental_synthetic,edge_severe_queue,world_bottleneck-seed-319014136358887567,item_0042,0,0.8376744482545002,0.7596982046053012,0.17675903311877927,0.11497362796404004,0.2013888888888889
developmental_synthetic,edge_severe_queue,world_bottleneck-seed-319014136358887567,item_0043,0,0.8376744482545002,0.7596982046053012,0.17675903311877927,0.11497362796404004,0.2013888888888889
developmental_synthetic,edge_severe_queue,world_bottleneck-seed-319014136358887567,item_0044,0,0.8376744482545002,0.7596982046053012,0.17675903311877927,0.11497362796404004,0.2013888888888889
developmental_synthetic,edge_severe_queue,world_bottleneck-seed-319014136358887567,item_0045,0,0.8376744482545002,0.7596982046053012,0.17675903311877927,0.11497362796404004,0.2013888888888889
developmental_synthetic,edge_severe_queue,world_bottleneck-seed-319014136358887567,item_0046,0,0.8376744482545002,0.7596982046053012,0.17675903311877927,0.11497362796404004,0.2013888888888889
developmental_synthetic,edge_severe_queue,world_bottleneck-seed-319014136358887567,item_0047,0,0.8376744482545002,0.7596982046053012,0.17675903311877927,0.11497362796404004,0.2013888888888889
developmental_synthetic,edge_severe_queue,world_bottleneck-seed-319014136358887567,item_0048,0,0.8376744482545002,0.7596982046053012,0.17675903311877927,0.11497362796404004,0.2013888888888889
developmental_synthetic,edge_severe_queue,world_bottleneck-seed-3209872604180264923,item_0001,1,0.8376744482545002,0.7596982046053012,0.17675903311877927,0.11497362796404004,0.2013888888888889
developmental_synthetic,edge_severe_queue,world_bottleneck-seed-3209872604180264923,item_0002,0,0.8376744482545002,0.7596982046053012,0.17675903311877927,0.11497362796404004,0.2013888888888889
developmental_synthetic,edge_severe_queue,world_bottleneck-seed-3209872604180264923,item_0003,1,0.8376744482545002,0.7596982046053012,0.17675903311877927,0.11497362796404004,0.2013888888888889
developmental_synthetic,edge_severe_queue,world_bottleneck-seed-3209872604180264923,item_0004,0,0.8376744482545002,0.7596982046053012,0.17675903311877927,0.11497362796404004,0.2013888888888889
developmental_synthetic,edge_severe_queue,world_bottleneck-seed-3209872604180264923,item_0005,1,0.8376744482545002,0.7596982046053012,0.17675903311877927,0.11497362796404004,0.2013888888888889
developmental_synthetic,edge_severe_queue,world_bottleneck-seed-3209872604180264923,item_0006,0,0.8376744482545002,0.7596982046053012,0.17675903311877927,0.11497362796404004,0.2013888888888889
developmental_synthetic,edge_severe_queue,world_bottleneck-seed-3209872604180264923,item_0007,1,0.8376744482545002,0.7596982046053012,0.17675903311877927,0.11497362796404004,0.2013888888888889
developmental_synthetic,edge_severe_queue,world_bottleneck-seed-3209872604180264923,item_0008,0,0.8376744482545002,0.7596982046053012,0.17675903311877927,0.11497362796404004,0.2013888888888889
developmental_synthetic,edge_severe_queue,world_bottleneck-seed-3209872604180264923,item_0009,1,0.8376744482545002,0.7596982046053012,0.17675903311877927,0.11497362796404004,0.2013888888888889
developmental_synthetic,edge_severe_queue,world_bottleneck-seed-3209872604180264923,item_0010,0,0.8376744482545002,0.7596982046053012,0.17675903311877927,0.11497362796404004,0.2013888888888889
developmental_synthetic,edge_severe_queue,world_bottleneck-seed-3209872604180264923,item_0011,1,0.8376744482545002,0.7596982046053012,0.17675903311877927,0.11497362796404004,0.2013888888888889
developmental_synthetic,edge_severe_queue,world_bottleneck-seed-3209872604180264923,item_0012,0,0.8376744482545002,0.7596982046053012,0.17675903311877927,0.11497362796404004,0.2013888888888889
developmental_synthetic,edge_severe_queue,world_bottleneck-seed-3209872604180264923,item_0013,1,0.8376744482545002,0.7596982046053012,0.17675903311877927,0.11497362796404004,0.2013888888888889
developmental_synthetic,edge_severe_queue,world_bottleneck-seed-3209872604180264923,item_0014,0,0.8376744482545002,0.7596982046053012,0.17675903311877927,0.11497362796404004,0.2013888888888889
developmental_synthetic,edge_severe_queue,world_bottleneck-seed-3209872604180264923,item_0015,1,0.8376744482545002,0.7596982046053012,0.17675903311877927,0.11497362796404004,0.2013888888888889
developmental_synthetic,edge_severe_queue,world_bottleneck-seed-3209872604180264923,item_0016,0,0.8376744482545002,0.7596982046053012,0.17675903311877927,0.11497362796404004,0.2013888888888889
developmental_synthetic,edge_severe_queue,world_bottleneck-seed-3209872604180264923,item_0017,1,0.8376744482545002,0.7596982046053012,0.17675903311877927,0.11497362796404004,0.2013888888888889
developmental_synthetic,edge_severe_queue,world_bottleneck-seed-3209872604180264923,item_0018,0,0.8376744482545002,0.7596982046053012,0.17675903311877927,0.11497362796404004,0.2013888888888889
developmental_synthetic,edge_severe_queue,world_bottleneck-seed-3209872604180264923,item_0019,1,0.8376744482545002,0.7596982046053012,0.17675903311877927,0.11497362796404004,0.2013888888888889
developmental_synthetic,edge_severe_queue,world_bottleneck-seed-3209872604180264923,item_0020,0,0.8376744482545002,0.7596982046053012,0.17675903311877927,0.11497362796404004,0.2013888888888889
developmental_synthetic,edge_severe_queue,world_bottleneck-seed-3209872604180264923,item_0021,1,0.8376744482545002,0.7596982046053012,0.17675903311877927,0.11497362796404004,0.2013888888888889
developmental_synthetic,edge_severe_queue,world_bottleneck-seed-3209872604180264923,item_0022,0,0.8376744482545002,0.7596982046053012,0.17675903311877927,0.11497362796404004,0.2013888888888889
developmental_synthetic,edge_severe_queue,world_bottleneck-seed-3209872604180264923,item_0023,0,0.8376744482545002,0.7596982046053012,0.17675903311877927,0.11497362796404004,0.2013888888888889
developmental_synthetic,edge_severe_queue,world_bottleneck-seed-3209872604180264923,item_0024,0,0.8376744482545002,0.7596982046053012,0.17675903311877927,0.11497362796404004,0.2013888888888889
developmental_synthetic,edge_severe_queue,world_bottleneck-seed-3209872604180264923,item_0025,0,0.8376744482545002,0.7596982046053012,0.17675903311877927,0.11497362796404004,0.2013888888888889
developmental_synthetic,edge_severe_queue,world_bottleneck-seed-3209872604180264923,item_0026,0,0.8376744482545002,0.7596982046053012,0.17675903311877927,0.11497362796404004,0.2013888888888889
developmental_synthetic,edge_severe_queue,world_bottleneck-seed-3209872604180264923,item_0027,0,0.8376744482545002,0.7596982046053012,0.17675903311877927,0.11497362796404004,0.2013888888888889
developmental_synthetic,edge_severe_queue,world_bottleneck-seed-3209872604180264923,item_0028,0,0.8376744482545002,0.7596982046053012,0.17675903311877927,0.11497362796404004,0.2013888888888889
developmental_synthetic,edge_severe_queue,world_bottleneck-seed-3209872604180264923,item_0029,0,0.8376744482545002,0.7596982046053012,0.17675903311877927,0.11497362796404004,0.2013888888888889
developmental_synthetic,edge_severe_queue,world_bottleneck-seed-3209872604180264923,item_0030,0,0.8376744482545002,0.7596982046053012,0.17675903311877927,0.11497362796404004,0.2013888888888889
developmental_synthetic,edge_severe_queue,world_bottleneck-seed-3209872604180264923,item_0031,0,0.8376744482545002,0.7596982046053012,0.17675903311877927,0.11497362796404004,0.2013888888888889
developmental_synthetic,edge_severe_queue,world_bottleneck-seed-3209872604180264923,item_0032,0,0.8376744482545002,0.7596982046053012,0.17675903311877927,0.11497362796404004,0.2013888888888889
developmental_synthetic,edge_severe_queue,world_bottleneck-seed-3209872604180264923,item_0033,0,0.8376744482545002,0.7596982046053012,0.17675903311877927,0.11497362796404004,0.2013888888888889
developmental_synthetic,edge_severe_queue,world_bottleneck-seed-3209872604180264923,item_0034,0,0.8376744482545002,0.7596982046053012,0.17675903311877927,0.11497362796404004,0.2013888888888889
developmental_synthetic,edge_severe_queue,world_bottleneck-seed-3209872604180264923,item_0035,0,0.8376744482545002,0.7596982046053012,0.17675903311877927,0.11497362796404004,0.2013888888888889
developmental_synthetic,edge_severe_queue,world_bottleneck-seed-3209872604180264923,item_0036,0,0.8376744482545002,0.7596982046053012,0.17675903311877927,0.11497362796404004,0.2013888888888889
developmental_synthetic,edge_severe_queue,world_bottleneck-seed-3209872604180264923,item_0037,0,0.8376744482545002,0.7596982046053012,0.17675903311877927,0.11497362796404004,0.2013888888888889
developmental_synthetic,edge_severe_queue,world_bottleneck-seed-3209872604180264923,item_0038,0,0.8376744482545002,0.7596982046053012,0.17675903311877927,0.11497362796404004,0.2013888888888889
developmental_synthetic,edge_severe_queue,world_bottleneck-seed-3209872604180264923,item_0039,0,0.8376744482545002,0.7596982046053012,0.17675903311877927,0.11497362796404004,0.2013888888888889
developmental_synthetic,edge_severe_queue,world_bottleneck-seed-3209872604180264923,item_0040,0,0.8376744482545002,0.7596982046053012,0.17675903311877927,0.11497362796404004,0.2013888888888889
developmental_synthetic,edge_severe_queue,world_bottleneck-seed-3209872604180264923,item_0041,0,0.8376744482545002,0.7596982046053012,0.17675903311877927,0.11497362796404004,0.2013888888888889
developmental_synthetic,edge_severe_queue,world_bottleneck-seed-3209872604180264923,item_0042,0,0.8376744482545002,0.7596982046053012,0.17675903311877927,0.11497362796404004,0.2013888888888889
developmental_synthetic,edge_severe_queue,world_bottleneck-seed-3209872604180264923,item_0043,0,0.8376744482545002,0.7596982046053012,0.17675903311877927,0.11497362796404004,0.2013888888888889
developmental_synthetic,edge_severe_queue,world_bottleneck-seed-3209872604180264923,item_0044,0,0.8376744482545002,0.7596982046053012,0.17675903311877927,0.11497362796404004,0.2013888888888889
developmental_synthetic,edge_severe_queue,world_bottleneck-seed-3209872604180264923,item_0045,0,0.8376744482545002,0.7596982046053012,0.17675903311877927,0.11497362796404004,0.2013888888888889
developmental_synthetic,edge_severe_queue,world_bottleneck-seed-3209872604180264923,item_0046,0,0.8376744482545002,0.7596982046053012,0.17675903311877927,0.11497362796404004,0.2013888888888889
developmental_synthetic,edge_severe_queue,world_bottleneck-seed-3209872604180264923,item_0047,0,0.8376744482545002,0.7596982046053012,0.17675903311877927,0.11497362796404004,0.2013888888888889
developmental_synthetic,edge_severe_queue,world_bottleneck-seed-3209872604180264923,item_0048,0,0.8376744482545002,0.7596982046053012,0.17675903311877927,0.11497362796404004,0.2013888888888889
developmental_synthetic,edge_severe_queue,world_bottleneck-seed-6784579373204956173,item_0001,1,0.8376744482545002,0.7596982046053012,0.17675903311877927,0.11497362796404004,0.2013888888888889
developmental_synthetic,edge_severe_queue,world_bottleneck-seed-6784579373204956173,item_0002,0,0.8376744482545002,0.7596982046053012,0.17675903311877927,0.11497362796404004,0.2013888888888889
developmental_synthetic,edge_severe_queue,world_bottleneck-seed-6784579373204956173,item_0003,0,0.8376744482545002,0.7596982046053012,0.17675903311877927,0.11497362796404004,0.2013888888888889
developmental_synthetic,edge_severe_queue,world_bottleneck-seed-6784579373204956173,item_0004,0,0.8376744482545002,0.7596982046053012,0.17675903311877927,0.11497362796404004,0.2013888888888889
developmental_synthetic,edge_severe_queue,world_bottleneck-seed-6784579373204956173,item_0005,1,0.8376744482545002,0.7596982046053012,0.17675903311877927,0.11497362796404004,0.2013888888888889
developmental_synthetic,edge_severe_queue,world_bottleneck-seed-6784579373204956173,item_0006,0,0.8376744482545002,0.7596982046053012,0.17675903311877927,0.11497362796404004,0.2013888888888889
developmental_synthetic,edge_severe_queue,world_bottleneck-seed-6784579373204956173,item_0007,1,0.8376744482545002,0.7596982046053012,0.17675903311877927,0.11497362796404004,0.2013888888888889
developmental_synthetic,edge_severe_queue,world_bottleneck-seed-6784579373204956173,item_0008,0,0.8376744482545002,0.7596982046053012,0.17675903311877927,0.11497362796404004,0.2013888888888889
developmental_synthetic,edge_severe_queue,world_bottleneck-seed-6784579373204956173,item_0009,1,0.8376744482545002,0.7596982046053012,0.17675903311877927,0.11497362796404004,0.2013888888888889
developmental_synthetic,edge_severe_queue,world_bottleneck-seed-6784579373204956173,item_0010,0,0.8376744482545002,0.7596982046053012,0.17675903311877927,0.11497362796404004,0.2013888888888889
developmental_synthetic,edge_severe_queue,world_bottleneck-seed-6784579373204956173,item_0011,1,0.8376744482545002,0.7596982046053012,0.17675903311877927,0.11497362796404004,0.2013888888888889
developmental_synthetic,edge_severe_queue,world_bottleneck-seed-6784579373204956173,item_0012,0,0.8376744482545002,0.7596982046053012,0.17675903311877927,0.11497362796404004,0.2013888888888889
developmental_synthetic,edge_severe_queue,world_bottleneck-seed-6784579373204956173,item_0013,1,0.8376744482545002,0.7596982046053012,0.17675903311877927,0.11497362796404004,0.2013888888888889
developmental_synthetic,edge_severe_queue,world_bottleneck-seed-6784579373204956173,item_0014,0,0.8376744482545002,0.7596982046053012,0.17675903311877927,0.11497362796404004,0.2013888888888889
developmental_synthetic,edge_severe_queue,world_bottleneck-seed-6784579373204956173,item_0015,1,0.8376744482545002,0.7596982046053012,0.17675903311877927,0.11497362796404004,0.2013888888888889
developmental_synthetic,edge_severe_queue,world_bottleneck-seed-6784579373204956173,item_0016,0,0.8376744482545002,0.7596982046053012,0.17675903311877927,0.11497362796404004,0.2013888888888889
developmental_synthetic,edge_severe_queue,world_bottleneck-seed-6784579373204956173,item_0017,1,0.8376744482545002,0.7596982046053012,0.17675903311877927,0.11497362796404004,0.2013888888888889
developmental_synthetic,edge_severe_queue,world_bottleneck-seed-6784579373204956173,item_0018,0,0.8376744482545002,0.7596982046053012,0.17675903311877927,0.11497362796404004,0.2013888888888889
developmental_synthetic,edge_severe_queue,world_bottleneck-seed-6784579373204956173,item_0019,1,0.8376744482545002,0.7596982046053012,0.17675903311877927,0.11497362796404004,0.2013888888888889
developmental_synthetic,edge_severe_queue,world_bottleneck-seed-6784579373204956173,item_0020,0,0.8376744482545002,0.7596982046053012,0.17675903311877927,0.11497362796404004,0.2013888888888889
developmental_synthetic,edge_severe_queue,world_bottleneck-seed-6784579373204956173,item_0021,0,0.8376744482545002,0.7596982046053012,0.17675903311877927,0.11497362796404004,0.2013888888888889
developmental_synthetic,edge_severe_queue,world_bottleneck-seed-6784579373204956173,item_0022,0,0.8376744482545002,0.7596982046053012,0.17675903311877927,0.11497362796404004,0.2013888888888889
developmental_synthetic,edge_severe_queue,world_bottleneck-seed-6784579373204956173,item_0023,0,0.8376744482545002,0.7596982046053012,0.17675903311877927,0.11497362796404004,0.2013888888888889
developmental_synthetic,edge_severe_queue,world_bottleneck-seed-6784579373204956173,item_0024,0,0.8376744482545002,0.7596982046053012,0.17675903311877927,0.11497362796404004,0.2013888888888889
developmental_synthetic,edge_severe_queue,world_bottleneck-seed-6784579373204956173,item_0025,0,0.8376744482545002,0.7596982046053012,0.17675903311877927,0.11497362796404004,0.2013888888888889
developmental_synthetic,edge_severe_queue,world_bottleneck-seed-6784579373204956173,item_0026,0,0.8376744482545002,0.7596982046053012,0.17675903311877927,0.11497362796404004,0.2013888888888889
developmental_synthetic,edge_severe_queue,world_bottleneck-seed-6784579373204956173,item_0027,0,0.8376744482545002,0.7596982046053012,0.17675903311877927,0.11497362796404004,0.2013888888888889
developmental_synthetic,edge_severe_queue,world_bottleneck-seed-6784579373204956173,item_0028,0,0.8376744482545002,0.7596982046053012,0.17675903311877927,0.11497362796404004,0.2013888888888889
developmental_synthetic,edge_severe_queue,world_bottleneck-seed-6784579373204956173,item_0029,0,0.8376744482545002,0.7596982046053012,0.17675903311877927,0.11497362796404004,0.2013888888888889
developmental_synthetic,edge_severe_queue,world_bottleneck-seed-6784579373204956173,item_0030,0,0.8376744482545002,0.7596982046053012,0.17675903311877927,0.11497362796404004,0.2013888888888889
developmental_synthetic,edge_severe_queue,world_bottleneck-seed-6784579373204956173,item_0031,0,0.8376744482545002,0.7596982046053012,0.17675903311877927,0.11497362796404004,0.2013888888888889
developmental_synthetic,edge_severe_queue,world_bottleneck-seed-6784579373204956173,item_0032,0,0.8376744482545002,0.7596982046053012,0.17675903311877927,0.11497362796404004,0.2013888888888889
developmental_synthetic,edge_severe_queue,world_bottleneck-seed-6784579373204956173,item_0033,0,0.8376744482545002,0.7596982046053012,0.17675903311877927,0.11497362796404004,0.2013888888888889
developmental_synthetic,edge_severe_queue,world_bottleneck-seed-6784579373204956173,item_0034,0,0.8376744482545002,0.7596982046053012,0.17675903311877927,0.11497362796404004,0.2013888888888889
developmental_synthetic,edge_severe_queue,world_bottleneck-seed-6784579373204956173,item_0035,0,0.8376744482545002,0.7596982046053012,0.17675903311877927,0.11497362796404004,0.2013888888888889
developmental_synthetic,edge_severe_queue,world_bottleneck-seed-6784579373204956173,item_0036,0,0.8376744482545002,0.7596982046053012,0.17675903311877927,0.11497362796404004,0.2013888888888889
developmental_synthetic,edge_severe_queue,world_bottleneck-seed-6784579373204956173,item_0037,0,0.8376744482545002,0.7596982046053012,0.17675903311877927,0.11497362796404004,0.2013888888888889
developmental_synthetic,edge_severe_queue,world_bottleneck-seed-6784579373204956173,item_0038,0,0.8376744482545002,0.7596982046053012,0.17675903311877927,0.11497362796404004,0.2013888888888889
developmental_synthetic,edge_severe_queue,world_bottleneck-seed-6784579373204956173,item_0039,0,0.8376744482545002,0.7596982046053012,0.17675903311877927,0.11497362796404004,0.2013888888888889
developmental_synthetic,edge_severe_queue,world_bottleneck-seed-6784579373204956173,item_0040,0,0.8376744482545002,0.7596982046053012,0.17675903311877927,0.11497362796404004,0.2013888888888889
developmental_synthetic,edge_severe_queue,world_bottleneck-seed-6784579373204956173,item_0041,0,0.8376744482545002,0.7596982046053012,0.17675903311877927,0.11497362796404004,0.2013888888888889
developmental_synthetic,edge_severe_queue,world_bottleneck-seed-6784579373204956173,item_0042,0,0.8376744482545002,0.7596982046053012,0.17675903311877927,0.11497362796404004,0.2013888888888889
developmental_synthetic,edge_severe_queue,world_bottleneck-seed-6784579373204956173,item_0043,0,0.8376744482545002,0.7596982046053012,0.17675903311877927,0.11497362796404004,0.2013888888888889
developmental_synthetic,edge_severe_queue,world_bottleneck-seed-6784579373204956173,item_0044,0,0.8376744482545002,0.7596982046053012,0.17675903311877927,0.11497362796404004,0.2013888888888889
developmental_synthetic,edge_severe_queue,world_bottleneck-seed-6784579373204956173,item_0045,0,0.8376744482545002,0.7596982046053012,0.17675903311877927,0.11497362796404004,0.2013888888888889
developmental_synthetic,edge_severe_queue,world_bottleneck-seed-6784579373204956173,item_0046,0,0.8376744482545002,0.7596982046053012,0.17675903311877927,0.11497362796404004,0.2013888888888889
developmental_synthetic,edge_severe_queue,world_bottleneck-seed-6784579373204956173,item_0047,0,0.8376744482545002,0.7596982046053012,0.17675903311877927,0.11497362796404004,0.2013888888888889
developmental_synthetic,edge_severe_queue,world_bottleneck-seed-6784579373204956173,item_0048,0,0.8376744482545002,0.7596982046053012,0.17675903311877927,0.11497362796404004,0.2013888888888889
developmental_synthetic,edge_severe_queue,world_bottleneck-seed-4191090533071896547,item_0001,1,0.8376744482545002,0.7596982046053012,0.17675903311877927,0.11497362796404004,0.2013888888888889
developmental_synthetic,edge_severe_queue,world_bottleneck-seed-4191090533071896547,item_0002,0,0.8376744482545002,0.7596982046053012,0.17675903311877927,0.11497362796404004,0.2013888888888889
developmental_synthetic,edge_severe_queue,world_bottleneck-seed-4191090533071896547,item_0003,1,0.8376744482545002,0.7596982046053012,0.17675903311877927,0.11497362796404004,0.2013888888888889
developmental_synthetic,edge_severe_queue,world_bottleneck-seed-4191090533071896547,item_0004,0,0.8376744482545002,0.7596982046053012,0.17675903311877927,0.11497362796404004,0.2013888888888889
developmental_synthetic,edge_severe_queue,world_bottleneck-seed-4191090533071896547,item_0005,1,0.8376744482545002,0.7596982046053012,0.17675903311877927,0.11497362796404004,0.2013888888888889
developmental_synthetic,edge_severe_queue,world_bottleneck-seed-4191090533071896547,item_0006,0,0.8376744482545002,0.7596982046053012,0.17675903311877927,0.11497362796404004,0.2013888888888889
developmental_synthetic,edge_severe_queue,world_bottleneck-seed-4191090533071896547,item_0007,1,0.8376744482545002,0.7596982046053012,0.17675903311877927,0.11497362796404004,0.2013888888888889
developmental_synthetic,edge_severe_queue,world_bottleneck-seed-4191090533071896547,item_0008,0,0.8376744482545002,0.7596982046053012,0.17675903311877927,0.11497362796404004,0.2013888888888889
developmental_synthetic,edge_severe_queue,world_bottleneck-seed-4191090533071896547,item_0009,1,0.8376744482545002,0.7596982046053012,0.17675903311877927,0.11497362796404004,0.2013888888888889
developmental_synthetic,edge_severe_queue,world_bottleneck-seed-4191090533071896547,item_0010,0,0.8376744482545002,0.7596982046053012,0.17675903311877927,0.11497362796404004,0.2013888888888889
developmental_synthetic,edge_severe_queue,world_bottleneck-seed-4191090533071896547,item_0011,1,0.8376744482545002,0.7596982046053012,0.17675903311877927,0.11497362796404004,0.2013888888888889
developmental_synthetic,edge_severe_queue,world_bottleneck-seed-4191090533071896547,item_0012,0,0.8376744482545002,0.7596982046053012,0.17675903311877927,0.11497362796404004,0.2013888888888889
developmental_synthetic,edge_severe_queue,world_bottleneck-seed-4191090533071896547,item_0013,1,0.8376744482545002,0.7596982046053012,0.17675903311877927,0.11497362796404004,0.2013888888888889
developmental_synthetic,edge_severe_queue,world_bottleneck-seed-4191090533071896547,item_0014,0,0.8376744482545002,0.7596982046053012,0.17675903311877927,0.11497362796404004,0.2013888888888889
developmental_synthetic,edge_severe_queue,world_bottleneck-seed-4191090533071896547,item_0015,1,0.8376744482545002,0.7596982046053012,0.17675903311877927,0.11497362796404004,0.2013888888888889
developmental_synthetic,edge_severe_queue,world_bottleneck-seed-4191090533071896547,item_0016,0,0.8376744482545002,0.7596982046053012,0.17675903311877927,0.11497362796404004,0.2013888888888889
developmental_synthetic,edge_severe_queue,world_bottleneck-seed-4191090533071896547,item_0017,1,0.8376744482545002,0.7596982046053012,0.17675903311877927,0.11497362796404004,0.2013888888888889
developmental_synthetic,edge_severe_queue,world_bottleneck-seed-4191090533071896547,item_0018,0,0.8376744482545002,0.7596982046053012,0.17675903311877927,0.11497362796404004,0.2013888888888889
developmental_synthetic,edge_severe_queue,world_bottleneck-seed-4191090533071896547,item_0019,0,0.8376744482545002,0.7596982046053012,0.17675903311877927,0.11497362796404004,0.2013888888888889
developmental_synthetic,edge_severe_queue,world_bottleneck-seed-4191090533071896547,item_0020,0,0.8376744482545002,0.7596982046053012,0.17675903311877927,0.11497362796404004,0.2013888888888889
developmental_synthetic,edge_severe_queue,world_bottleneck-seed-4191090533071896547,item_0021,1,0.8376744482545002,0.7596982046053012,0.17675903311877927,0.11497362796404004,0.2013888888888889
developmental_synthetic,edge_severe_queue,world_bottleneck-seed-4191090533071896547,item_0022,0,0.8376744482545002,0.7596982046053012,0.17675903311877927,0.11497362796404004,0.2013888888888889
developmental_synthetic,edge_severe_queue,world_bottleneck-seed-4191090533071896547,item_0023,0,0.8376744482545002,0.7596982046053012,0.17675903311877927,0.11497362796404004,0.2013888888888889
developmental_synthetic,edge_severe_queue,world_bottleneck-seed-4191090533071896547,item_0024,0,0.8376744482545002,0.7596982046053012,0.17675903311877927,0.11497362796404004,0.2013888888888889
developmental_synthetic,edge_severe_queue,world_bottleneck-seed-4191090533071896547,item_0025,0,0.8376744482545002,0.7596982046053012,0.17675903311877927,0.11497362796404004,0.2013888888888889
developmental_synthetic,edge_severe_queue,world_bottleneck-seed-4191090533071896547,item_0026,0,0.8376744482545002,0.7596982046053012,0.17675903311877927,0.11497362796404004,0.2013888888888889
developmental_synthetic,edge_severe_queue,world_bottleneck-seed-4191090533071896547,item_0027,0,0.8376744482545002,0.7596982046053012,0.17675903311877927,0.11497362796404004,0.2013888888888889
developmental_synthetic,edge_severe_queue,world_bottleneck-seed-4191090533071896547,item_0028,0,0.8376744482545002,0.7596982046053012,0.17675903311877927,0.11497362796404004,0.2013888888888889
developmental_synthetic,edge_severe_queue,world_bottleneck-seed-4191090533071896547,item_0029,0,0.8376744482545002,0.7596982046053012,0.17675903311877927,0.11497362796404004,0.2013888888888889
developmental_synthetic,edge_severe_queue,world_bottleneck-seed-4191090533071896547,item_0030,0,0.8376744482545002,0.7596982046053012,0.17675903311877927,0.11497362796404004,0.2013888888888889
developmental_synthetic,edge_severe_queue,world_bottleneck-seed-4191090533071896547,item_0031,0,0.8376744482545002,0.7596982046053012,0.17675903311877927,0.11497362796404004,0.2013888888888889
developmental_synthetic,edge_severe_queue,world_bottleneck-seed-4191090533071896547,item_0032,0,0.8376744482545002,0.7596982046053012,0.17675903311877927,0.11497362796404004,0.2013888888888889
developmental_synthetic,edge_severe_queue,world_bottleneck-seed-4191090533071896547,item_0033,0,0.8376744482545002,0.7596982046053012,0.17675903311877927,0.11497362796404004,0.2013888888888889
developmental_synthetic,edge_severe_queue,world_bottleneck-seed-4191090533071896547,item_0034,0,0.8376744482545002,0.7596982046053012,0.17675903311877927,0.11497362796404004,0.2013888888888889
developmental_synthetic,edge_severe_queue,world_bottleneck-seed-4191090533071896547,item_0035,0,0.8376744482545002,0.7596982046053012,0.17675903311877927,0.11497362796404004,0.2013888888888889
developmental_synthetic,edge_severe_queue,world_bottleneck-seed-4191090533071896547,item_0036,0,0.8376744482545002,0.7596982046053012,0.17675903311877927,0.11497362796404004,0.2013888888888889
developmental_synthetic,edge_severe_queue,world_bottleneck-seed-4191090533071896547,item_0037,0,0.8376744482545002,0.7596982046053012,0.17675903311877927,0.11497362796404004,0.2013888888888889
developmental_synthetic,edge_severe_queue,world_bottleneck-seed-4191090533071896547,item_0038,0,0.8376744482545002,0.7596982046053012,0.17675903311877927,0.11497362796404004,0.2013888888888889
developmental_synthetic,edge_severe_queue,world_bottleneck-seed-4191090533071896547,item_0039,0,0.8376744482545002,0.7596982046053012,0.17675903311877927,0.11497362796404004,0.2013888888888889
developmental_synthetic,edge_severe_queue,world_bottleneck-seed-4191090533071896547,item_0040,0,0.8376744482545002,0.7596982046053012,0.17675903311877927,0.11497362796404004,0.2013888888888889
developmental_synthetic,edge_severe_queue,world_bottleneck-seed-4191090533071896547,item_0041,0,0.8376744482545002,0.7596982046053012,0.17675903311877927,0.11497362796404004,0.2013888888888889
developmental_synthetic,edge_severe_queue,world_bottleneck-seed-4191090533071896547,item_0042,0,0.8376744482545002,0.7596982046053012,0.17675903311877927,0.11497362796404004,0.2013888888888889
developmental_synthetic,edge_severe_queue,world_bottleneck-seed-4191090533071896547,item_0043,0,0.8376744482545002,0.7596982046053012,0.17675903311877927,0.11497362796404004,0.2013888888888889
developmental_synthetic,edge_severe_queue,world_bottleneck-seed-4191090533071896547,item_0044,0,0.8376744482545002,0.7596982046053012,0.17675903311877927,0.11497362796404004,0.2013888888888889
developmental_synthetic,edge_severe_queue,world_bottleneck-seed-4191090533071896547,item_0045,0,0.8376744482545002,0.7596982046053012,0.17675903311877927,0.11497362796404004,0.2013888888888889
developmental_synthetic,edge_severe_queue,world_bottleneck-seed-4191090533071896547,item_0046,0,0.8376744482545002,0.7596982046053012,0.17675903311877927,0.11497362796404004,0.2013888888888889
developmental_synthetic,edge_severe_queue,world_bottleneck-seed-4191090533071896547,item_0047,0,0.8376744482545002,0.7596982046053012,0.17675903311877927,0.11497362796404004,0.2013888888888889
developmental_synthetic,edge_severe_queue,world_bottleneck-seed-4191090533071896547,item_0048,0,0.8376744482545002,0.7596982046053012,0.17675903311877927,0.11497362796404004,0.2013888888888889
developmental_synthetic,edge_severe_queue,world_bottleneck-seed-9117653556647870869,item_0001,1,0.8376744482545002,0.7596982046053012,0.17675903311877927,0.11497362796404004,0.2013888888888889
developmental_synthetic,edge_severe_queue,world_bottleneck-seed-9117653556647870869,item_0002,0,0.8376744482545002,0.7596982046053012,0.17675903311877927,0.11497362796404004,0.2013888888888889
developmental_synthetic,edge_severe_queue,world_bottleneck-seed-9117653556647870869,item_0003,1,0.8376744482545002,0.7596982046053012,0.17675903311877927,0.11497362796404004,0.2013888888888889
developmental_synthetic,edge_severe_queue,world_bottleneck-seed-9117653556647870869,item_0004,0,0.8376744482545002,0.7596982046053012,0.17675903311877927,0.11497362796404004,0.2013888888888889
developmental_synthetic,edge_severe_queue,world_bottleneck-seed-9117653556647870869,item_0005,1,0.8376744482545002,0.7596982046053012,0.17675903311877927,0.11497362796404004,0.2013888888888889
developmental_synthetic,edge_severe_queue,world_bottleneck-seed-9117653556647870869,item_0006,0,0.8376744482545002,0.7596982046053012,0.17675903311877927,0.11497362796404004,0.2013888888888889
developmental_synthetic,edge_severe_queue,world_bottleneck-seed-9117653556647870869,item_0007,1,0.8376744482545002,0.7596982046053012,0.17675903311877927,0.11497362796404004,0.2013888888888889
developmental_synthetic,edge_severe_queue,world_bottleneck-seed-9117653556647870869,item_0008,0,0.8376744482545002,0.7596982046053012,0.17675903311877927,0.11497362796404004,0.2013888888888889
developmental_synthetic,edge_severe_queue,world_bottleneck-seed-9117653556647870869,item_0009,1,0.8376744482545002,0.7596982046053012,0.17675903311877927,0.11497362796404004,0.2013888888888889
developmental_synthetic,edge_severe_queue,world_bottleneck-seed-9117653556647870869,item_0010,0,0.8376744482545002,0.7596982046053012,0.17675903311877927,0.11497362796404004,0.2013888888888889
developmental_synthetic,edge_severe_queue,world_bottleneck-seed-9117653556647870869,item_0011,1,0.8376744482545002,0.7596982046053012,0.17675903311877927,0.11497362796404004,0.2013888888888889
developmental_synthetic,edge_severe_queue,world_bottleneck-seed-9117653556647870869,item_0012,0,0.8376744482545002,0.7596982046053012,0.17675903311877927,0.11497362796404004,0.2013888888888889
developmental_synthetic,edge_severe_queue,world_bottleneck-seed-9117653556647870869,item_0013,1,0.8376744482545002,0.7596982046053012,0.17675903311877927,0.11497362796404004,0.2013888888888889
developmental_synthetic,edge_severe_queue,world_bottleneck-seed-9117653556647870869,item_0014,0,0.8376744482545002,0.7596982046053012,0.17675903311877927,0.11497362796404004,0.2013888888888889
developmental_synthetic,edge_severe_queue,world_bottleneck-seed-9117653556647870869,item_0015,1,0.8376744482545002,0.7596982046053012,0.17675903311877927,0.11497362796404004,0.2013888888888889
developmental_synthetic,edge_severe_queue,world_bottleneck-seed-9117653556647870869,item_0016,0,0.8376744482545002,0.7596982046053012,0.17675903311877927,0.11497362796404004,0.2013888888888889
developmental_synthetic,edge_severe_queue,world_bottleneck-seed-9117653556647870869,item_0017,0,0.8376744482545002,0.7596982046053012,0.17675903311877927,0.11497362796404004,0.2013888888888889
developmental_synthetic,edge_severe_queue,world_bottleneck-seed-9117653556647870869,item_0018,0,0.8376744482545002,0.7596982046053012,0.17675903311877927,0.11497362796404004,0.2013888888888889
developmental_synthetic,edge_severe_queue,world_bottleneck-seed-9117653556647870869,item_0019,1,0.8376744482545002,0.7596982046053012,0.17675903311877927,0.11497362796404004,0.2013888888888889
developmental_synthetic,edge_severe_queue,world_bottleneck-seed-9117653556647870869,item_0020,0,0.8376744482545002,0.7596982046053012,0.17675903311877927,0.11497362796404004,0.2013888888888889
developmental_synthetic,edge_severe_queue,world_bottleneck-seed-9117653556647870869,item_0021,0,0.8376744482545002,0.7596982046053012,0.17675903311877927,0.11497362796404004,0.2013888888888889
developmental_synthetic,edge_severe_queue,world_bottleneck-seed-9117653556647870869,item_0022,0,0.8376744482545002,0.7596982046053012,0.17675903311877927,0.11497362796404004,0.2013888888888889
developmental_synthetic,edge_severe_queue,world_bottleneck-seed-9117653556647870869,item_0023,0,0.8376744482545002,0.7596982046053012,0.17675903311877927,0.11497362796404004,0.2013888888888889
developmental_synthetic,edge_severe_queue,world_bottleneck-seed-9117653556647870869,item_0024,0,0.8376744482545002,0.7596982046053012,0.17675903311877927,0.11497362796404004,0.2013888888888889
developmental_synthetic,edge_severe_queue,world_bottleneck-seed-9117653556647870869,item_0025,0,0.8376744482545002,0.7596982046053012,0.17675903311877927,0.11497362796404004,0.2013888888888889
developmental_synthetic,edge_severe_queue,world_bottleneck-seed-9117653556647870869,item_0026,0,0.8376744482545002,0.7596982046053012,0.17675903311877927,0.11497362796404004,0.2013888888888889
developmental_synthetic,edge_severe_queue,world_bottleneck-seed-9117653556647870869,item_0027,0,0.8376744482545002,0.7596982046053012,0.17675903311877927,0.11497362796404004,0.2013888888888889
developmental_synthetic,edge_severe_queue,world_bottleneck-seed-9117653556647870869,item_0028,0,0.8376744482545002,0.7596982046053012,0.17675903311877927,0.11497362796404004,0.2013888888888889
developmental_synthetic,edge_severe_queue,world_bottleneck-seed-9117653556647870869,item_0029,0,0.8376744482545002,0.7596982046053012,0.17675903311877927,0.11497362796404004,0.2013888888888889
developmental_synthetic,edge_severe_queue,world_bottleneck-seed-9117653556647870869,item_0030,0,0.8376744482545002,0.7596982046053012,0.17675903311877927,0.11497362796404004,0.2013888888888889
developmental_synthetic,edge_severe_queue,world_bottleneck-seed-9117653556647870869,item_0031,0,0.8376744482545002,0.7596982046053012,0.17675903311877927,0.11497362796404004,0.2013888888888889
developmental_synthetic,edge_severe_queue,world_bottleneck-seed-9117653556647870869,item_0032,0,0.8376744482545002,0.7596982046053012,0.17675903311877927,0.11497362796404004,0.2013888888888889
developmental_synthetic,edge_severe_queue,world_bottleneck-seed-9117653556647870869,item_0033,0,0.8376744482545002,0.7596982046053012,0.17675903311877927,0.11497362796404004,0.2013888888888889
developmental_synthetic,edge_severe_queue,world_bottleneck-seed-9117653556647870869,item_0034,0,0.8376744482545002,0.7596982046053012,0.17675903311877927,0.11497362796404004,0.2013888888888889
developmental_synthetic,edge_severe_queue,world_bottleneck-seed-9117653556647870869,item_0035,0,0.8376744482545002,0.7596982046053012,0.17675903311877927,0.11497362796404004,0.2013888888888889
developmental_synthetic,edge_severe_queue,world_bottleneck-seed-9117653556647870869,item_0036,0,0.8376744482545002,0.7596982046053012,0.17675903311877927,0.11497362796404004,0.2013888888888889
developmental_synthetic,edge_severe_queue,world_bottleneck-seed-9117653556647870869,item_0037,0,0.8376744482545002,0.7596982046053012,0.17675903311877927,0.11497362796404004,0.2013888888888889
developmental_synthetic,edge_severe_queue,world_bottleneck-seed-9117653556647870869,item_0038,0,0.8376744482545002,0.7596982046053012,0.17675903311877927,0.11497362796404004,0.2013888888888889
developmental_synthetic,edge_severe_queue,world_bottleneck-seed-9117653556647870869,item_0039,0,0.8376744482545002,0.7596982046053012,0.17675903311877927,0.11497362796404004,0.2013888888888889
developmental_synthetic,edge_severe_queue,world_bottleneck-seed-9117653556647870869,item_0040,0,0.8376744482545002,0.7596982046053012,0.17675903311877927,0.11497362796404004,0.2013888888888889
developmental_synthetic,edge_severe_queue,world_bottleneck-seed-9117653556647870869,item_0041,0,0.8376744482545002,0.7596982046053012,0.17675903311877927,0.11497362796404004,0.2013888888888889
developmental_synthetic,edge_severe_queue,world_bottleneck-seed-9117653556647870869,item_0042,0,0.8376744482545002,0.7596982046053012,0.17675903311877927,0.11497362796404004,0.2013888888888889
developmental_synthetic,edge_severe_queue,world_bottleneck-seed-9117653556647870869,item_0043,0,0.8376744482545002,0.7596982046053012,0.17675903311877927,0.11497362796404004,0.2013888888888889
developmental_synthetic,edge_severe_queue,world_bottleneck-seed-9117653556647870869,item_0044,0,0.8376744482545002,0.7596982046053012,0.17675903311877927,0.11497362796404004,0.2013888888888889
developmental_synthetic,edge_severe_queue,world_bottleneck-seed-9117653556647870869,item_0045,0,0.8376744482545002,0.7596982046053012,0.17675903311877927,0.11497362796404004,0.2013888888888889
developmental_synthetic,edge_severe_queue,world_bottleneck-seed-9117653556647870869,item_0046,0,0.8376744482545002,0.7596982046053012,0.17675903311877927,0.11497362796404004,0.2013888888888889
developmental_synthetic,edge_severe_queue,world_bottleneck-seed-9117653556647870869,item_0047,0,0.8376744482545002,0.7596982046053012,0.17675903311877927,0.11497362796404004,0.2013888888888889
developmental_synthetic,edge_severe_queue,world_bottleneck-seed-9117653556647870869,item_0048,0,0.8376744482545002,0.7596982046053012,0.17675903311877927,0.11497362796404004,0.2013888888888889
developmental_synthetic,edge_severe_queue,world_bottleneck-seed-8669772086981772072,item_0001,1,0.8376744482545002,0.7596982046053012,0.17675903311877927,0.11497362796404004,0.2013888888888889
developmental_synthetic,edge_severe_queue,world_bottleneck-seed-8669772086981772072,item_0002,0,0.8376744482545002,0.7596982046053012,0.17675903311877927,0.11497362796404004,0.2013888888888889
developmental_synthetic,edge_severe_queue,world_bottleneck-seed-8669772086981772072,item_0003,1,0.8376744482545002,0.7596982046053012,0.17675903311877927,0.11497362796404004,0.2013888888888889
developmental_synthetic,edge_severe_queue,world_bottleneck-seed-8669772086981772072,item_0004,0,0.8376744482545002,0.7596982046053012,0.17675903311877927,0.11497362796404004,0.2013888888888889
developmental_synthetic,edge_severe_queue,world_bottleneck-seed-8669772086981772072,item_0005,1,0.8376744482545002,0.7596982046053012,0.17675903311877927,0.11497362796404004,0.2013888888888889
developmental_synthetic,edge_severe_queue,world_bottleneck-seed-8669772086981772072,item_0006,0,0.8376744482545002,0.7596982046053012,0.17675903311877927,0.11497362796404004,0.2013888888888889
developmental_synthetic,edge_severe_queue,world_bottleneck-seed-8669772086981772072,item_0007,1,0.8376744482545002,0.7596982046053012,0.17675903311877927,0.11497362796404004,0.2013888888888889
developmental_synthetic,edge_severe_queue,world_bottleneck-seed-8669772086981772072,item_0008,0,0.8376744482545002,0.7596982046053012,0.17675903311877927,0.11497362796404004,0.2013888888888889
developmental_synthetic,edge_severe_queue,world_bottleneck-seed-8669772086981772072,item_0009,1,0.8376744482545002,0.7596982046053012,0.17675903311877927,0.11497362796404004,0.2013888888888889
developmental_synthetic,edge_severe_queue,world_bottleneck-seed-8669772086981772072,item_0010,0,0.8376744482545002,0.7596982046053012,0.17675903311877927,0.11497362796404004,0.2013888888888889
developmental_synthetic,edge_severe_queue,world_bottleneck-seed-8669772086981772072,item_0011,1,0.8376744482545002,0.7596982046053012,0.17675903311877927,0.11497362796404004,0.2013888888888889
developmental_synthetic,edge_severe_queue,world_bottleneck-seed-8669772086981772072,item_0012,0,0.8376744482545002,0.7596982046053012,0.17675903311877927,0.11497362796404004,0.2013888888888889
developmental_synthetic,edge_severe_queue,world_bottleneck-seed-8669772086981772072,item_0013,1,0.8376744482545002,0.7596982046053012,0.17675903311877927,0.11497362796404004,0.2013888888888889
developmental_synthetic,edge_severe_queue,world_bottleneck-seed-8669772086981772072,item_0014,0,0.8376744482545002,0.7596982046053012,0.17675903311877927,0.11497362796404004,0.2013888888888889
developmental_synthetic,edge_severe_queue,world_bottleneck-seed-8669772086981772072,item_0015,1,0.8376744482545002,0.7596982046053012,0.17675903311877927,0.11497362796404004,0.2013888888888889
developmental_synthetic,edge_severe_queue,world_bottleneck-seed-8669772086981772072,item_0016,0,0.8376744482545002,0.7596982046053012,0.17675903311877927,0.11497362796404004,0.2013888888888889
developmental_synthetic,edge_severe_queue,world_bottleneck-seed-8669772086981772072,item_0017,1,0.8376744482545002,0.7596982046053012,0.17675903311877927,0.11497362796404004,0.2013888888888889
developmental_synthetic,edge_severe_queue,world_bottleneck-seed-8669772086981772072,item_0018,0,0.8376744482545002,0.7596982046053012,0.17675903311877927,0.11497362796404004,0.2013888888888889
developmental_synthetic,edge_severe_queue,world_bottleneck-seed-8669772086981772072,item_0019,1,0.8376744482545002,0.7596982046053012,0.17675903311877927,0.11497362796404004,0.2013888888888889
developmental_synthetic,edge_severe_queue,world_bottleneck-seed-8669772086981772072,item_0020,0,0.8376744482545002,0.7596982046053012,0.17675903311877927,0.11497362796404004,0.2013888888888889
developmental_synthetic,edge_severe_queue,world_bottleneck-seed-8669772086981772072,item_0021,0,0.8376744482545002,0.7596982046053012,0.17675903311877927,0.11497362796404004,0.2013888888888889
developmental_synthetic,edge_severe_queue,world_bottleneck-seed-8669772086981772072,item_0022,0,0.8376744482545002,0.7596982046053012,0.17675903311877927,0.11497362796404004,0.2013888888888889
developmental_synthetic,edge_severe_queue,world_bottleneck-seed-8669772086981772072,item_0023,0,0.8376744482545002,0.7596982046053012,0.17675903311877927,0.11497362796404004,0.2013888888888889
developmental_synthetic,edge_severe_queue,world_bottleneck-seed-8669772086981772072,item_0024,0,0.8376744482545002,0.7596982046053012,0.17675903311877927,0.11497362796404004,0.2013888888888889
developmental_synthetic,edge_severe_queue,world_bottleneck-seed-8669772086981772072,item_0025,0,0.8376744482545002,0.7596982046053012,0.17675903311877927,0.11497362796404004,0.2013888888888889
developmental_synthetic,edge_severe_queue,world_bottleneck-seed-8669772086981772072,item_0026,0,0.8376744482545002,0.7596982046053012,0.17675903311877927,0.11497362796404004,0.2013888888888889
developmental_synthetic,edge_severe_queue,world_bottleneck-seed-8669772086981772072,item_0027,0,0.8376744482545002,0.7596982046053012,0.17675903311877927,0.11497362796404004,0.2013888888888889
developmental_synthetic,edge_severe_queue,world_bottleneck-seed-8669772086981772072,item_0028,0,0.8376744482545002,0.7596982046053012,0.17675903311877927,0.11497362796404004,0.2013888888888889
developmental_synthetic,edge_severe_queue,world_bottleneck-seed-8669772086981772072,item_0029,0,0.8376744482545002,0.7596982046053012,0.17675903311877927,0.11497362796404004,0.2013888888888889
developmental_synthetic,edge_severe_queue,world_bottleneck-seed-8669772086981772072,item_0030,0,0.8376744482545002,0.7596982046053012,0.17675903311877927,0.11497362796404004,0.2013888888888889
developmental_synthetic,edge_severe_queue,world_bottleneck-seed-8669772086981772072,item_0031,0,0.8376744482545002,0.7596982046053012,0.17675903311877927,0.11497362796404004,0.2013888888888889
developmental_synthetic,edge_severe_queue,world_bottleneck-seed-8669772086981772072,item_0032,0,0.8376744482545002,0.7596982046053012,0.17675903311877927,0.11497362796404004,0.2013888888888889
developmental_synthetic,edge_severe_queue,world_bottleneck-seed-8669772086981772072,item_0033,0,0.8376744482545002,0.7596982046053012,0.17675903311877927,0.11497362796404004,0.2013888888888889
developmental_synthetic,edge_severe_queue,world_bottleneck-seed-8669772086981772072,item_0034,0,0.8376744482545002,0.7596982046053012,0.17675903311877927,0.11497362796404004,0.2013888888888889
developmental_synthetic,edge_severe_queue,world_bottleneck-seed-8669772086981772072,item_0035,0,0.8376744482545002,0.7596982046053012,0.17675903311877927,0.11497362796404004,0.2013888888888889
developmental_synthetic,edge_severe_queue,world_bottleneck-seed-8669772086981772072,item_0036,0,0.8376744482545002,0.7596982046053012,0.17675903311877927,0.11497362796404004,0.2013888888888889
developmental_synthetic,edge_severe_queue,world_bottleneck-seed-8669772086981772072,item_0037,0,0.8376744482545002,0.7596982046053012,0.17675903311877927,0.11497362796404004,0.2013888888888889
developmental_synthetic,edge_severe_queue,world_bottleneck-seed-8669772086981772072,item_0038,0,0.8376744482545002,0.7596982046053012,0.17675903311877927,0.11497362796404004,0.2013888888888889
developmental_synthetic,edge_severe_queue,world_bottleneck-seed-8669772086981772072,item_0039,0,0.8376744482545002,0.7596982046053012,0.17675903311877927,0.11497362796404004,0.2013888888888889
developmental_synthetic,edge_severe_queue,world_bottleneck-seed-8669772086981772072,item_0040,0,0.8376744482545002,0.7596982046053012,0.17675903311877927,0.11497362796404004,0.2013888888888889
developmental_synthetic,edge_severe_queue,world_bottleneck-seed-8669772086981772072,item_0041,0,0.8376744482545002,0.7596982046053012,0.17675903311877927,0.11497362796404004,0.2013888888888889
developmental_synthetic,edge_severe_queue,world_bottleneck-seed-8669772086981772072,item_0042,0,0.8376744482545002,0.7596982046053012,0.17675903311877927,0.11497362796404004,0.2013888888888889
developmental_synthetic,edge_severe_queue,world_bottleneck-seed-8669772086981772072,item_0043,0,0.8376744482545002,0.7596982046053012,0.17675903311877927,0.11497362796404004,0.2013888888888889
developmental_synthetic,edge_severe_queue,world_bottleneck-seed-8669772086981772072,item_0044,0,0.8376744482545002,0.7596982046053012,0.17675903311877927,0.11497362796404004,0.2013888888888889
developmental_synthetic,edge_severe_queue,world_bottleneck-seed-8669772086981772072,item_0045,0,0.8376744482545002,0.7596982046053012,0.17675903311877927,0.11497362796404004,0.2013888888888889
developmental_synthetic,edge_severe_queue,world_bottleneck-seed-8669772086981772072,item_0046,0,0.8376744482545002,0.7596982046053012,0.17675903311877927,0.11497362796404004,0.2013888888888889
developmental_synthetic,edge_severe_queue,world_bottleneck-seed-8669772086981772072,item_0047,0,0.8376744482545002,0.7596982046053012,0.17675903311877927,0.11497362796404004,0.2013888888888889
developmental_synthetic,edge_severe_queue,world_bottleneck-seed-8669772086981772072,item_0048,0,0.8376744482545002,0.7596982046053012,0.17675903311877927,0.11497362796404004,0.2013888888888889
developmental_synthetic,edge_severe_queue,world_bottleneck-seed-3353631954069894546,item_0001,1,0.8376744482545002,0.7596982046053012,0.17675903311877927,0.11497362796404004,0.2013888888888889
developmental_synthetic,edge_severe_queue,world_bottleneck-seed-3353631954069894546,item_0002,0,0.8376744482545002,0.7596982046053012,0.17675903311877927,0.11497362796404004,0.2013888888888889
developmental_synthetic,edge_severe_queue,world_bottleneck-seed-3353631954069894546,item_0003,1,0.8376744482545002,0.7596982046053012,0.17675903311877927,0.11497362796404004,0.2013888888888889
developmental_synthetic,edge_severe_queue,world_bottleneck-seed-3353631954069894546,item_0004,0,0.8376744482545002,0.7596982046053012,0.17675903311877927,0.11497362796404004,0.2013888888888889
developmental_synthetic,edge_severe_queue,world_bottleneck-seed-3353631954069894546,item_0005,1,0.8376744482545002,0.7596982046053012,0.17675903311877927,0.11497362796404004,0.2013888888888889
developmental_synthetic,edge_severe_queue,world_bottleneck-seed-3353631954069894546,item_0006,0,0.8376744482545002,0.7596982046053012,0.17675903311877927,0.11497362796404004,0.2013888888888889
developmental_synthetic,edge_severe_queue,world_bottleneck-seed-3353631954069894546,item_0007,1,0.8376744482545002,0.7596982046053012,0.17675903311877927,0.11497362796404004,0.2013888888888889
developmental_synthetic,edge_severe_queue,world_bottleneck-seed-3353631954069894546,item_0008,0,0.8376744482545002,0.7596982046053012,0.17675903311877927,0.11497362796404004,0.2013888888888889
developmental_synthetic,edge_severe_queue,world_bottleneck-seed-3353631954069894546,item_0009,1,0.8376744482545002,0.7596982046053012,0.17675903311877927,0.11497362796404004,0.2013888888888889
developmental_synthetic,edge_severe_queue,world_bottleneck-seed-3353631954069894546,item_0010,0,0.8376744482545002,0.7596982046053012,0.17675903311877927,0.11497362796404004,0.2013888888888889
developmental_synthetic,edge_severe_queue,world_bottleneck-seed-3353631954069894546,item_0011,0,0.8376744482545002,0.7596982046053012,0.17675903311877927,0.11497362796404004,0.2013888888888889
developmental_synthetic,edge_severe_queue,world_bottleneck-seed-3353631954069894546,item_0012,0,0.8376744482545002,0.7596982046053012,0.17675903311877927,0.11497362796404004,0.2013888888888889
developmental_synthetic,edge_severe_queue,world_bottleneck-seed-3353631954069894546,item_0013,1,0.8376744482545002,0.7596982046053012,0.17675903311877927,0.11497362796404004,0.2013888888888889
developmental_synthetic,edge_severe_queue,world_bottleneck-seed-3353631954069894546,item_0014,0,0.8376744482545002,0.7596982046053012,0.17675903311877927,0.11497362796404004,0.2013888888888889
developmental_synthetic,edge_severe_queue,world_bottleneck-seed-3353631954069894546,item_0015,1,0.8376744482545002,0.7596982046053012,0.17675903311877927,0.11497362796404004,0.2013888888888889
developmental_synthetic,edge_severe_queue,world_bottleneck-seed-3353631954069894546,item_0016,0,0.8376744482545002,0.7596982046053012,0.17675903311877927,0.11497362796404004,0.2013888888888889
developmental_synthetic,edge_severe_queue,world_bottleneck-seed-3353631954069894546,item_0017,1,0.8376744482545002,0.7596982046053012,0.17675903311877927,0.11497362796404004,0.2013888888888889
developmental_synthetic,edge_severe_queue,world_bottleneck-seed-3353631954069894546,item_0018,0,0.8376744482545002,0.7596982046053012,0.17675903311877927,0.11497362796404004,0.2013888888888889
developmental_synthetic,edge_severe_queue,world_bottleneck-seed-3353631954069894546,item_0019,1,0.8376744482545002,0.7596982046053012,0.17675903311877927,0.11497362796404004,0.2013888888888889
developmental_synthetic,edge_severe_queue,world_bottleneck-seed-3353631954069894546,item_0020,0,0.8376744482545002,0.7596982046053012,0.17675903311877927,0.11497362796404004,0.2013888888888889
developmental_synthetic,edge_severe_queue,world_bottleneck-seed-3353631954069894546,item_0021,1,0.8376744482545002,0.7596982046053012,0.17675903311877927,0.11497362796404004,0.2013888888888889
developmental_synthetic,edge_severe_queue,world_bottleneck-seed-3353631954069894546,item_0022,0,0.8376744482545002,0.7596982046053012,0.17675903311877927,0.11497362796404004,0.2013888888888889
developmental_synthetic,edge_severe_queue,world_bottleneck-seed-3353631954069894546,item_0023,1,0.8376744482545002,0.7596982046053012,0.17675903311877927,0.11497362796404004,0.2013888888888889
developmental_synthetic,edge_severe_queue,world_bottleneck-seed-3353631954069894546,item_0024,0,0.8376744482545002,0.7596982046053012,0.17675903311877927,0.11497362796404004,0.2013888888888889
developmental_synthetic,edge_severe_queue,world_bottleneck-seed-3353631954069894546,item_0025,1,0.8376744482545002,0.7596982046053012,0.17675903311877927,0.11497362796404004,0.2013888888888889
developmental_synthetic,edge_severe_queue,world_bottleneck-seed-3353631954069894546,item_0026,0,0.8376744482545002,0.7596982046053012,0.17675903311877927,0.11497362796404004,0.2013888888888889
developmental_synthetic,edge_severe_queue,world_bottleneck-seed-3353631954069894546,item_0027,0,0.8376744482545002,0.7596982046053012,0.17675903311877927,0.11497362796404004,0.2013888888888889
developmental_synthetic,edge_severe_queue,world_bottleneck-seed-3353631954069894546,item_0028,0,0.8376744482545002,0.7596982046053012,0.17675903311877927,0.11497362796404004,0.2013888888888889
developmental_synthetic,edge_severe_queue,world_bottleneck-seed-3353631954069894546,item_0029,0,0.8376744482545002,0.7596982046053012,0.17675903311877927,0.11497362796404004,0.2013888888888889
developmental_synthetic,edge_severe_queue,world_bottleneck-seed-3353631954069894546,item_0030,0,0.8376744482545002,0.7596982046053012,0.17675903311877927,0.11497362796404004,0.2013888888888889
developmental_synthetic,edge_severe_queue,world_bottleneck-seed-3353631954069894546,item_0031,0,0.8376744482545002,0.7596982046053012,0.17675903311877927,0.11497362796404004,0.2013888888888889
developmental_synthetic,edge_severe_queue,world_bottleneck-seed-3353631954069894546,item_0032,0,0.8376744482545002,0.7596982046053012,0.17675903311877927,0.11497362796404004,0.2013888888888889
developmental_synthetic,edge_severe_queue,world_bottleneck-seed-3353631954069894546,item_0033,0,0.8376744482545002,0.7596982046053012,0.17675903311877927,0.11497362796404004,0.2013888888888889
developmental_synthetic,edge_severe_queue,world_bottleneck-seed-3353631954069894546,item_0034,0,0.8376744482545002,0.7596982046053012,0.17675903311877927,0.11497362796404004,0.2013888888888889
developmental_synthetic,edge_severe_queue,world_bottleneck-seed-3353631954069894546,item_0035,0,0.8376744482545002,0.7596982046053012,0.17675903311877927,0.11497362796404004,0.2013888888888889
developmental_synthetic,edge_severe_queue,world_bottleneck-seed-3353631954069894546,item_0036,0,0.8376744482545002,0.7596982046053012,0.17675903311877927,0.11497362796404004,0.2013888888888889
developmental_synthetic,edge_severe_queue,world_bottleneck-seed-3353631954069894546,item_0037,0,0.8376744482545002,0.7596982046053012,0.17675903311877927,0.11497362796404004,0.2013888888888889
developmental_synthetic,edge_severe_queue,world_bottleneck-seed-3353631954069894546,item_0038,0,0.8376744482545002,0.7596982046053012,0.17675903311877927,0.11497362796404004,0.2013888888888889
developmental_synthetic,edge_severe_queue,world_bottleneck-seed-3353631954069894546,item_0039,0,0.8376744482545002,0.7596982046053012,0.17675903311877927,0.11497362796404004,0.2013888888888889
developmental_synthetic,edge_severe_queue,world_bottleneck-seed-3353631954069894546,item_0040,0,0.8376744482545002,0.7596982046053012,0.17675903311877927,0.11497362796404004,0.2013888888888889
developmental_synthetic,edge_severe_queue,world_bottleneck-seed-3353631954069894546,item_0041,0,0.8376744482545002,0.7596982046053012,0.17675903311877927,0.11497362796404004,0.2013888888888889
developmental_synthetic,edge_severe_queue,world_bottleneck-seed-3353631954069894546,item_0042,0,0.8376744482545002,0.7596982046053012,0.17675903311877927,0.11497362796404004,0.2013888888888889
developmental_synthetic,edge_severe_queue,world_bottleneck-seed-3353631954069894546,item_0043,0,0.8376744482545002,0.7596982046053012,0.17675903311877927,0.11497362796404004,0.2013888888888889
developmental_synthetic,edge_severe_queue,world_bottleneck-seed-3353631954069894546,item_0044,0,0.8376744482545002,0.7596982046053012,0.17675903311877927,0.11497362796404004,0.2013888888888889
developmental_synthetic,edge_severe_queue,world_bottleneck-seed-3353631954069894546,item_0045,0,0.8376744482545002,0.7596982046053012,0.17675903311877927,0.11497362796404004,0.2013888888888889
developmental_synthetic,edge_severe_queue,world_bottleneck-seed-3353631954069894546,item_0046,0,0.8376744482545002,0.7596982046053012,0.17675903311877927,0.11497362796404004,0.2013888888888889
developmental_synthetic,edge_severe_queue,world_bottleneck-seed-3353631954069894546,item_0047,0,0.8376744482545002,0.7596982046053012,0.17675903311877927,0.11497362796404004,0.2013888888888889
developmental_synthetic,edge_severe_queue,world_bottleneck-seed-3353631954069894546,item_0048,0,0.8376744482545002,0.7596982046053012,0.17675903311877927,0.11497362796404004,0.2013888888888889
developmental_synthetic,edge_severe_queue,world_bottleneck-seed-9078621501550203399,item_0001,1,0.8376744482545002,0.7596982046053012,0.17675903311877927,0.11497362796404004,0.2013888888888889
developmental_synthetic,edge_severe_queue,world_bottleneck-seed-9078621501550203399,item_0002,0,0.8376744482545002,0.7596982046053012,0.17675903311877927,0.11497362796404004,0.2013888888888889
developmental_synthetic,edge_severe_queue,world_bottleneck-seed-9078621501550203399,item_0003,1,0.8376744482545002,0.7596982046053012,0.17675903311877927,0.11497362796404004,0.2013888888888889
developmental_synthetic,edge_severe_queue,world_bottleneck-seed-9078621501550203399,item_0004,0,0.8376744482545002,0.7596982046053012,0.17675903311877927,0.11497362796404004,0.2013888888888889
developmental_synthetic,edge_severe_queue,world_bottleneck-seed-9078621501550203399,item_0005,1,0.8376744482545002,0.7596982046053012,0.17675903311877927,0.11497362796404004,0.2013888888888889
developmental_synthetic,edge_severe_queue,world_bottleneck-seed-9078621501550203399,item_0006,0,0.8376744482545002,0.7596982046053012,0.17675903311877927,0.11497362796404004,0.2013888888888889
developmental_synthetic,edge_severe_queue,world_bottleneck-seed-9078621501550203399,item_0007,1,0.8376744482545002,0.7596982046053012,0.17675903311877927,0.11497362796404004,0.2013888888888889
developmental_synthetic,edge_severe_queue,world_bottleneck-seed-9078621501550203399,item_0008,0,0.8376744482545002,0.7596982046053012,0.17675903311877927,0.11497362796404004,0.2013888888888889
developmental_synthetic,edge_severe_queue,world_bottleneck-seed-9078621501550203399,item_0009,1,0.8376744482545002,0.7596982046053012,0.17675903311877927,0.11497362796404004,0.2013888888888889
developmental_synthetic,edge_severe_queue,world_bottleneck-seed-9078621501550203399,item_0010,0,0.8376744482545002,0.7596982046053012,0.17675903311877927,0.11497362796404004,0.2013888888888889
developmental_synthetic,edge_severe_queue,world_bottleneck-seed-9078621501550203399,item_0011,1,0.8376744482545002,0.7596982046053012,0.17675903311877927,0.11497362796404004,0.2013888888888889
developmental_synthetic,edge_severe_queue,world_bottleneck-seed-9078621501550203399,item_0012,0,0.8376744482545002,0.7596982046053012,0.17675903311877927,0.11497362796404004,0.2013888888888889
developmental_synthetic,edge_severe_queue,world_bottleneck-seed-9078621501550203399,item_0013,0,0.8376744482545002,0.7596982046053012,0.17675903311877927,0.11497362796404004,0.2013888888888889
developmental_synthetic,edge_severe_queue,world_bottleneck-seed-9078621501550203399,item_0014,0,0.8376744482545002,0.7596982046053012,0.17675903311877927,0.11497362796404004,0.2013888888888889
developmental_synthetic,edge_severe_queue,world_bottleneck-seed-9078621501550203399,item_0015,1,0.8376744482545002,0.7596982046053012,0.17675903311877927,0.11497362796404004,0.2013888888888889
developmental_synthetic,edge_severe_queue,world_bottleneck-seed-9078621501550203399,item_0016,0,0.8376744482545002,0.7596982046053012,0.17675903311877927,0.11497362796404004,0.2013888888888889
developmental_synthetic,edge_severe_queue,world_bottleneck-seed-9078621501550203399,item_0017,1,0.8376744482545002,0.7596982046053012,0.17675903311877927,0.11497362796404004,0.2013888888888889
developmental_synthetic,edge_severe_queue,world_bottleneck-seed-9078621501550203399,item_0018,0,0.8376744482545002,0.7596982046053012,0.17675903311877927,0.11497362796404004,0.2013888888888889
developmental_synthetic,edge_severe_queue,world_bottleneck-seed-9078621501550203399,item_0019,1,0.8376744482545002,0.7596982046053012,0.17675903311877927,0.11497362796404004,0.2013888888888889
developmental_synthetic,edge_severe_queue,world_bottleneck-seed-9078621501550203399,item_0020,0,0.8376744482545002,0.7596982046053012,0.17675903311877927,0.11497362796404004,0.2013888888888889
developmental_synthetic,edge_severe_queue,world_bottleneck-seed-9078621501550203399,item_0021,0,0.8376744482545002,0.7596982046053012,0.17675903311877927,0.11497362796404004,0.2013888888888889
developmental_synthetic,edge_severe_queue,world_bottleneck-seed-9078621501550203399,item_0022,0,0.8376744482545002,0.7596982046053012,0.17675903311877927,0.11497362796404004,0.2013888888888889
developmental_synthetic,edge_severe_queue,world_bottleneck-seed-9078621501550203399,item_0023,1,0.8376744482545002,0.7596982046053012,0.17675903311877927,0.11497362796404004,0.2013888888888889
developmental_synthetic,edge_severe_queue,world_bottleneck-seed-9078621501550203399,item_0024,0,0.8376744482545002,0.7596982046053012,0.17675903311877927,0.11497362796404004,0.2013888888888889
developmental_synthetic,edge_severe_queue,world_bottleneck-seed-9078621501550203399,item_0025,0,0.8376744482545002,0.7596982046053012,0.17675903311877927,0.11497362796404004,0.2013888888888889
developmental_synthetic,edge_severe_queue,world_bottleneck-seed-9078621501550203399,item_0026,0,0.8376744482545002,0.7596982046053012,0.17675903311877927,0.11497362796404004,0.2013888888888889
developmental_synthetic,edge_severe_queue,world_bottleneck-seed-9078621501550203399,item_0027,0,0.8376744482545002,0.7596982046053012,0.17675903311877927,0.11497362796404004,0.2013888888888889
developmental_synthetic,edge_severe_queue,world_bottleneck-seed-9078621501550203399,item_0028,0,0.8376744482545002,0.7596982046053012,0.17675903311877927,0.11497362796404004,0.2013888888888889
developmental_synthetic,edge_severe_queue,world_bottleneck-seed-9078621501550203399,item_0029,0,0.8376744482545002,0.7596982046053012,0.17675903311877927,0.11497362796404004,0.2013888888888889
developmental_synthetic,edge_severe_queue,world_bottleneck-seed-9078621501550203399,item_0030,0,0.8376744482545002,0.7596982046053012,0.17675903311877927,0.11497362796404004,0.2013888888888889
developmental_synthetic,edge_severe_queue,world_bottleneck-seed-9078621501550203399,item_0031,0,0.8376744482545002,0.7596982046053012,0.17675903311877927,0.11497362796404004,0.2013888888888889
developmental_synthetic,edge_severe_queue,world_bottleneck-seed-9078621501550203399,item_0032,0,0.8376744482545002,0.7596982046053012,0.17675903311877927,0.11497362796404004,0.2013888888888889
developmental_synthetic,edge_severe_queue,world_bottleneck-seed-9078621501550203399,item_0033,0,0.8376744482545002,0.7596982046053012,0.17675903311877927,0.11497362796404004,0.2013888888888889
developmental_synthetic,edge_severe_queue,world_bottleneck-seed-9078621501550203399,item_0034,0,0.8376744482545002,0.7596982046053012,0.17675903311877927,0.11497362796404004,0.2013888888888889
developmental_synthetic,edge_severe_queue,world_bottleneck-seed-9078621501550203399,item_0035,0,0.8376744482545002,0.7596982046053012,0.17675903311877927,0.11497362796404004,0.2013888888888889
developmental_synthetic,edge_severe_queue,world_bottleneck-seed-9078621501550203399,item_0036,0,0.8376744482545002,0.7596982046053012,0.17675903311877927,0.11497362796404004,0.2013888888888889
developmental_synthetic,edge_severe_queue,world_bottleneck-seed-9078621501550203399,item_0037,0,0.8376744482545002,0.7596982046053012,0.17675903311877927,0.11497362796404004,0.2013888888888889
developmental_synthetic,edge_severe_queue,world_bottleneck-seed-9078621501550203399,item_0038,0,0.8376744482545002,0.7596982046053012,0.17675903311877927,0.11497362796404004,0.2013888888888889
developmental_synthetic,edge_severe_queue,world_bottleneck-seed-9078621501550203399,item_0039,0,0.8376744482545002,0.7596982046053012,0.17675903311877927,0.11497362796404004,0.2013888888888889
developmental_synthetic,edge_severe_queue,world_bottleneck-seed-9078621501550203399,item_0040,0,0.8376744482545002,0.7596982046053012,0.17675903311877927,0.11497362796404004,0.2013888888888889
developmental_synthetic,edge_severe_queue,world_bottleneck-seed-9078621501550203399,item_0041,0,0.8376744482545002,0.7596982046053012,0.17675903311877927,0.11497362796404004,0.2013888888888889
developmental_synthetic,edge_severe_queue,world_bottleneck-seed-9078621501550203399,item_0042,0,0.8376744482545002,0.7596982046053012,0.17675903311877927,0.11497362796404004,0.2013888888888889
developmental_synthetic,edge_severe_queue,world_bottleneck-seed-9078621501550203399,item_0043,0,0.8376744482545002,0.7596982046053012,0.17675903311877927,0.11497362796404004,0.2013888888888889
developmental_synthetic,edge_severe_queue,world_bottleneck-seed-9078621501550203399,item_0044,0,0.8376744482545002,0.7596982046053012,0.17675903311877927,0.11497362796404004,0.2013888888888889
developmental_synthetic,edge_severe_queue,world_bottleneck-seed-9078621501550203399,item_0045,0,0.8376744482545002,0.7596982046053012,0.17675903311877927,0.11497362796404004,0.2013888888888889
developmental_synthetic,edge_severe_queue,world_bottleneck-seed-9078621501550203399,item_0046,0,0.8376744482545002,0.7596982046053012,0.17675903311877927,0.11497362796404004,0.2013888888888889
developmental_synthetic,edge_severe_queue,world_bottleneck-seed-9078621501550203399,item_0047,0,0.8376744482545002,0.7596982046053012,0.17675903311877927,0.11497362796404004,0.2013888888888889
developmental_synthetic,edge_severe_queue,world_bottleneck-seed-9078621501550203399,item_0048,0,0.8376744482545002,0.7596982046053012,0.17675903311877927,0.11497362796404004,0.2013888888888889
developmental_synthetic,edge_severe_queue,world_bottleneck-seed-2232509440464157497,item_0001,1,0.8376744482545002,0.7596982046053012,0.17675903311877927,0.11497362796404004,0.2013888888888889
developmental_synthetic,edge_severe_queue,world_bottleneck-seed-2232509440464157497,item_0002,0,0.8376744482545002,0.7596982046053012,0.17675903311877927,0.11497362796404004,0.2013888888888889
developmental_synthetic,edge_severe_queue,world_bottleneck-seed-2232509440464157497,item_0003,1,0.8376744482545002,0.7596982046053012,0.17675903311877927,0.11497362796404004,0.2013888888888889
developmental_synthetic,edge_severe_queue,world_bottleneck-seed-2232509440464157497,item_0004,0,0.8376744482545002,0.7596982046053012,0.17675903311877927,0.11497362796404004,0.2013888888888889
developmental_synthetic,edge_severe_queue,world_bottleneck-seed-2232509440464157497,item_0005,1,0.8376744482545002,0.7596982046053012,0.17675903311877927,0.11497362796404004,0.2013888888888889
developmental_synthetic,edge_severe_queue,world_bottleneck-seed-2232509440464157497,item_0006,0,0.8376744482545002,0.7596982046053012,0.17675903311877927,0.11497362796404004,0.2013888888888889
developmental_synthetic,edge_severe_queue,world_bottleneck-seed-2232509440464157497,item_0007,1,0.8376744482545002,0.7596982046053012,0.17675903311877927,0.11497362796404004,0.2013888888888889
developmental_synthetic,edge_severe_queue,world_bottleneck-seed-2232509440464157497,item_0008,0,0.8376744482545002,0.7596982046053012,0.17675903311877927,0.11497362796404004,0.2013888888888889
developmental_synthetic,edge_severe_queue,world_bottleneck-seed-2232509440464157497,item_0009,1,0.8376744482545002,0.7596982046053012,0.17675903311877927,0.11497362796404004,0.2013888888888889
developmental_synthetic,edge_severe_queue,world_bottleneck-seed-2232509440464157497,item_0010,0,0.8376744482545002,0.7596982046053012,0.17675903311877927,0.11497362796404004,0.2013888888888889
developmental_synthetic,edge_severe_queue,world_bottleneck-seed-2232509440464157497,item_0011,1,0.8376744482545002,0.7596982046053012,0.17675903311877927,0.11497362796404004,0.2013888888888889
developmental_synthetic,edge_severe_queue,world_bottleneck-seed-2232509440464157497,item_0012,0,0.8376744482545002,0.7596982046053012,0.17675903311877927,0.11497362796404004,0.2013888888888889
developmental_synthetic,edge_severe_queue,world_bottleneck-seed-2232509440464157497,item_0013,1,0.8376744482545002,0.7596982046053012,0.17675903311877927,0.11497362796404004,0.2013888888888889
developmental_synthetic,edge_severe_queue,world_bottleneck-seed-2232509440464157497,item_0014,0,0.8376744482545002,0.7596982046053012,0.17675903311877927,0.11497362796404004,0.2013888888888889
developmental_synthetic,edge_severe_queue,world_bottleneck-seed-2232509440464157497,item_0015,0,0.8376744482545002,0.7596982046053012,0.17675903311877927,0.11497362796404004,0.2013888888888889
developmental_synthetic,edge_severe_queue,world_bottleneck-seed-2232509440464157497,item_0016,0,0.8376744482545002,0.7596982046053012,0.17675903311877927,0.11497362796404004,0.2013888888888889
developmental_synthetic,edge_severe_queue,world_bottleneck-seed-2232509440464157497,item_0017,1,0.8376744482545002,0.7596982046053012,0.17675903311877927,0.11497362796404004,0.2013888888888889
developmental_synthetic,edge_severe_queue,world_bottleneck-seed-2232509440464157497,item_0018,0,0.8376744482545002,0.7596982046053012,0.17675903311877927,0.11497362796404004,0.2013888888888889
developmental_synthetic,edge_severe_queue,world_bottleneck-seed-2232509440464157497,item_0019,1,0.8376744482545002,0.7596982046053012,0.17675903311877927,0.11497362796404004,0.2013888888888889
developmental_synthetic,edge_severe_queue,world_bottleneck-seed-2232509440464157497,item_0020,0,0.8376744482545002,0.7596982046053012,0.17675903311877927,0.11497362796404004,0.2013888888888889
developmental_synthetic,edge_severe_queue,world_bottleneck-seed-2232509440464157497,item_0021,0,0.8376744482545002,0.7596982046053012,0.17675903311877927,0.11497362796404004,0.2013888888888889
developmental_synthetic,edge_severe_queue,world_bottleneck-seed-2232509440464157497,item_0022,0,0.8376744482545002,0.7596982046053012,0.17675903311877927,0.11497362796404004,0.2013888888888889
developmental_synthetic,edge_severe_queue,world_bottleneck-seed-2232509440464157497,item_0023,0,0.8376744482545002,0.7596982046053012,0.17675903311877927,0.11497362796404004,0.2013888888888889
developmental_synthetic,edge_severe_queue,world_bottleneck-seed-2232509440464157497,item_0024,0,0.8376744482545002,0.7596982046053012,0.17675903311877927,0.11497362796404004,0.2013888888888889
developmental_synthetic,edge_severe_queue,world_bottleneck-seed-2232509440464157497,item_0025,0,0.8376744482545002,0.7596982046053012,0.17675903311877927,0.11497362796404004,0.2013888888888889
developmental_synthetic,edge_severe_queue,world_bottleneck-seed-2232509440464157497,item_0026,0,0.8376744482545002,0.7596982046053012,0.17675903311877927,0.11497362796404004,0.2013888888888889
developmental_synthetic,edge_severe_queue,world_bottleneck-seed-2232509440464157497,item_0027,0,0.8376744482545002,0.7596982046053012,0.17675903311877927,0.11497362796404004,0.2013888888888889
developmental_synthetic,edge_severe_queue,world_bottleneck-seed-2232509440464157497,item_0028,0,0.8376744482545002,0.7596982046053012,0.17675903311877927,0.11497362796404004,0.2013888888888889
developmental_synthetic,edge_severe_queue,world_bottleneck-seed-2232509440464157497,item_0029,0,0.8376744482545002,0.7596982046053012,0.17675903311877927,0.11497362796404004,0.2013888888888889
developmental_synthetic,edge_severe_queue,world_bottleneck-seed-2232509440464157497,item_0030,0,0.8376744482545002,0.7596982046053012,0.17675903311877927,0.11497362796404004,0.2013888888888889
developmental_synthetic,edge_severe_queue,world_bottleneck-seed-2232509440464157497,item_0031,0,0.8376744482545002,0.7596982046053012,0.17675903311877927,0.11497362796404004,0.2013888888888889
developmental_synthetic,edge_severe_queue,world_bottleneck-seed-2232509440464157497,item_0032,0,0.8376744482545002,0.7596982046053012,0.17675903311877927,0.11497362796404004,0.2013888888888889
developmental_synthetic,edge_severe_queue,world_bottleneck-seed-2232509440464157497,item_0033,0,0.8376744482545002,0.7596982046053012,0.17675903311877927,0.11497362796404004,0.2013888888888889
developmental_synthetic,edge_severe_queue,world_bottleneck-seed-2232509440464157497,item_0034,0,0.8376744482545002,0.7596982046053012,0.17675903311877927,0.11497362796404004,0.2013888888888889
developmental_synthetic,edge_severe_queue,world_bottleneck-seed-2232509440464157497,item_0035,0,0.8376744482545002,0.7596982046053012,0.17675903311877927,0.11497362796404004,0.2013888888888889
developmental_synthetic,edge_severe_queue,world_bottleneck-seed-2232509440464157497,item_0036,0,0.8376744482545002,0.7596982046053012,0.17675903311877927,0.11497362796404004,0.2013888888888889
developmental_synthetic,edge_severe_queue,world_bottleneck-seed-2232509440464157497,item_0037,0,0.8376744482545002,0.7596982046053012,0.17675903311877927,0.11497362796404004,0.2013888888888889
developmental_synthetic,edge_severe_queue,world_bottleneck-seed-2232509440464157497,item_0038,0,0.8376744482545002,0.7596982046053012,0.17675903311877927,0.11497362796404004,0.2013888888888889
developmental_synthetic,edge_severe_queue,world_bottleneck-seed-2232509440464157497,item_0039,0,0.8376744482545002,0.7596982046053012,0.17675903311877927,0.11497362796404004,0.2013888888888889
developmental_synthetic,edge_severe_queue,world_bottleneck-seed-2232509440464157497,item_0040,0,0.8376744482545002,0.7596982046053012,0.17675903311877927,0.11497362796404004,0.2013888888888889
developmental_synthetic,edge_severe_queue,world_bottleneck-seed-2232509440464157497,item_0041,0,0.8376744482545002,0.7596982046053012,0.17675903311877927,0.11497362796404004,0.2013888888888889
developmental_synthetic,edge_severe_queue,world_bottleneck-seed-2232509440464157497,item_0042,0,0.8376744482545002,0.7596982046053012,0.17675903311877927,0.11497362796404004,0.2013888888888889
developmental_synthetic,edge_severe_queue,world_bottleneck-seed-2232509440464157497,item_0043,0,0.8376744482545002,0.7596982046053012,0.17675903311877927,0.11497362796404004,0.2013888888888889
developmental_synthetic,edge_severe_queue,world_bottleneck-seed-2232509440464157497,item_0044,0,0.8376744482545002,0.7596982046053012,0.17675903311877927,0.11497362796404004,0.2013888888888889
developmental_synthetic,edge_severe_queue,world_bottleneck-seed-2232509440464157497,item_0045,0,0.8376744482545002,0.7596982046053012,0.17675903311877927,0.11497362796404004,0.2013888888888889
developmental_synthetic,edge_severe_queue,world_bottleneck-seed-2232509440464157497,item_0046,0,0.8376744482545002,0.7596982046053012,0.17675903311877927,0.11497362796404004,0.2013888888888889
developmental_synthetic,edge_severe_queue,world_bottleneck-seed-2232509440464157497,item_0047,0,0.8376744482545002,0.7596982046053012,0.17675903311877927,0.11497362796404004,0.2013888888888889
developmental_synthetic,edge_severe_queue,world_bottleneck-seed-2232509440464157497,item_0048,0,0.8376744482545002,0.7596982046053012,0.17675903311877927,0.11497362796404004,0.2013888888888889
developmental_synthetic,edge_severe_queue,world_bottleneck-seed-1318810389743050509,item_0001,1,0.8376744482545002,0.7596982046053012,0.17675903311877927,0.11497362796404004,0.2013888888888889
developmental_synthetic,edge_severe_queue,world_bottleneck-seed-1318810389743050509,item_0002,0,0.8376744482545002,0.7596982046053012,0.17675903311877927,0.11497362796404004,0.2013888888888889
developmental_synthetic,edge_severe_queue,world_bottleneck-seed-1318810389743050509,item_0003,1,0.8376744482545002,0.7596982046053012,0.17675903311877927,0.11497362796404004,0.2013888888888889
developmental_synthetic,edge_severe_queue,world_bottleneck-seed-1318810389743050509,item_0004,0,0.8376744482545002,0.7596982046053012,0.17675903311877927,0.11497362796404004,0.2013888888888889
developmental_synthetic,edge_severe_queue,world_bottleneck-seed-1318810389743050509,item_0005,0,0.8376744482545002,0.7596982046053012,0.17675903311877927,0.11497362796404004,0.2013888888888889
developmental_synthetic,edge_severe_queue,world_bottleneck-seed-1318810389743050509,item_0006,0,0.8376744482545002,0.7596982046053012,0.17675903311877927,0.11497362796404004,0.2013888888888889
developmental_synthetic,edge_severe_queue,world_bottleneck-seed-1318810389743050509,item_0007,1,0.8376744482545002,0.7596982046053012,0.17675903311877927,0.11497362796404004,0.2013888888888889
developmental_synthetic,edge_severe_queue,world_bottleneck-seed-1318810389743050509,item_0008,0,0.8376744482545002,0.7596982046053012,0.17675903311877927,0.11497362796404004,0.2013888888888889
developmental_synthetic,edge_severe_queue,world_bottleneck-seed-1318810389743050509,item_0009,1,0.8376744482545002,0.7596982046053012,0.17675903311877927,0.11497362796404004,0.2013888888888889
developmental_synthetic,edge_severe_queue,world_bottleneck-seed-1318810389743050509,item_0010,0,0.8376744482545002,0.7596982046053012,0.17675903311877927,0.11497362796404004,0.2013888888888889
developmental_synthetic,edge_severe_queue,world_bottleneck-seed-1318810389743050509,item_0011,1,0.8376744482545002,0.7596982046053012,0.17675903311877927,0.11497362796404004,0.2013888888888889
developmental_synthetic,edge_severe_queue,world_bottleneck-seed-1318810389743050509,item_0012,0,0.8376744482545002,0.7596982046053012,0.17675903311877927,0.11497362796404004,0.2013888888888889
developmental_synthetic,edge_severe_queue,world_bottleneck-seed-1318810389743050509,item_0013,1,0.8376744482545002,0.7596982046053012,0.17675903311877927,0.11497362796404004,0.2013888888888889
developmental_synthetic,edge_severe_queue,world_bottleneck-seed-1318810389743050509,item_0014,0,0.8376744482545002,0.7596982046053012,0.17675903311877927,0.11497362796404004,0.2013888888888889
developmental_synthetic,edge_severe_queue,world_bottleneck-seed-1318810389743050509,item_0015,0,0.8376744482545002,0.7596982046053012,0.17675903311877927,0.11497362796404004,0.2013888888888889
developmental_synthetic,edge_severe_queue,world_bottleneck-seed-1318810389743050509,item_0016,0,0.8376744482545002,0.7596982046053012,0.17675903311877927,0.11497362796404004,0.2013888888888889
developmental_synthetic,edge_severe_queue,world_bottleneck-seed-1318810389743050509,item_0017,0,0.8376744482545002,0.7596982046053012,0.17675903311877927,0.11497362796404004,0.2013888888888889
developmental_synthetic,edge_severe_queue,world_bottleneck-seed-1318810389743050509,item_0018,0,0.8376744482545002,0.7596982046053012,0.17675903311877927,0.11497362796404004,0.2013888888888889
developmental_synthetic,edge_severe_queue,world_bottleneck-seed-1318810389743050509,item_0019,1,0.8376744482545002,0.7596982046053012,0.17675903311877927,0.11497362796404004,0.2013888888888889
developmental_synthetic,edge_severe_queue,world_bottleneck-seed-1318810389743050509,item_0020,0,0.8376744482545002,0.7596982046053012,0.17675903311877927,0.11497362796404004,0.2013888888888889
developmental_synthetic,edge_severe_queue,world_bottleneck-seed-1318810389743050509,item_0021,1,0.8376744482545002,0.7596982046053012,0.17675903311877927,0.11497362796404004,0.2013888888888889
developmental_synthetic,edge_severe_queue,world_bottleneck-seed-1318810389743050509,item_0022,0,0.8376744482545002,0.7596982046053012,0.17675903311877927,0.11497362796404004,0.2013888888888889
developmental_synthetic,edge_severe_queue,world_bottleneck-seed-1318810389743050509,item_0023,1,0.8376744482545002,0.7596982046053012,0.17675903311877927,0.11497362796404004,0.2013888888888889
developmental_synthetic,edge_severe_queue,world_bottleneck-seed-1318810389743050509,item_0024,0,0.8376744482545002,0.7596982046053012,0.17675903311877927,0.11497362796404004,0.2013888888888889
developmental_synthetic,edge_severe_queue,world_bottleneck-seed-1318810389743050509,item_0025,0,0.8376744482545002,0.7596982046053012,0.17675903311877927,0.11497362796404004,0.2013888888888889
developmental_synthetic,edge_severe_queue,world_bottleneck-seed-1318810389743050509,item_0026,0,0.8376744482545002,0.7596982046053012,0.17675903311877927,0.11497362796404004,0.2013888888888889
developmental_synthetic,edge_severe_queue,world_bottleneck-seed-1318810389743050509,item_0027,0,0.8376744482545002,0.7596982046053012,0.17675903311877927,0.11497362796404004,0.2013888888888889
developmental_synthetic,edge_severe_queue,world_bottleneck-seed-1318810389743050509,item_0028,0,0.8376744482545002,0.7596982046053012,0.17675903311877927,0.11497362796404004,0.2013888888888889
developmental_synthetic,edge_severe_queue,world_bottleneck-seed-1318810389743050509,item_0029,0,0.8376744482545002,0.7596982046053012,0.17675903311877927,0.11497362796404004,0.2013888888888889
developmental_synthetic,edge_severe_queue,world_bottleneck-seed-1318810389743050509,item_0030,0,0.8376744482545002,0.7596982046053012,0.17675903311877927,0.11497362796404004,0.2013888888888889
developmental_synthetic,edge_severe_queue,world_bottleneck-seed-1318810389743050509,item_0031,0,0.8376744482545002,0.7596982046053012,0.17675903311877927,0.11497362796404004,0.2013888888888889
developmental_synthetic,edge_severe_queue,world_bottleneck-seed-1318810389743050509,item_0032,0,0.8376744482545002,0.7596982046053012,0.17675903311877927,0.11497362796404004,0.2013888888888889
developmental_synthetic,edge_severe_queue,world_bottleneck-seed-1318810389743050509,item_0033,0,0.8376744482545002,0.7596982046053012,0.17675903311877927,0.11497362796404004,0.2013888888888889
developmental_synthetic,edge_severe_queue,world_bottleneck-seed-1318810389743050509,item_0034,0,0.8376744482545002,0.7596982046053012,0.17675903311877927,0.11497362796404004,0.2013888888888889
developmental_synthetic,edge_severe_queue,world_bottleneck-seed-1318810389743050509,item_0035,0,0.8376744482545002,0.7596982046053012,0.17675903311877927,0.11497362796404004,0.2013888888888889
developmental_synthetic,edge_severe_queue,world_bottleneck-seed-1318810389743050509,item_0036,0,0.8376744482545002,0.7596982046053012,0.17675903311877927,0.11497362796404004,0.2013888888888889
developmental_synthetic,edge_severe_queue,world_bottleneck-seed-1318810389743050509,item_0037,0,0.8376744482545002,0.7596982046053012,0.17675903311877927,0.11497362796404004,0.2013888888888889
developmental_synthetic,edge_severe_queue,world_bottleneck-seed-1318810389743050509,item_0038,0,0.8376744482545002,0.7596982046053012,0.17675903311877927,0.11497362796404004,0.2013888888888889
developmental_synthetic,edge_severe_queue,world_bottleneck-seed-1318810389743050509,item_0039,0,0.8376744482545002,0.7596982046053012,0.17675903311877927,0.11497362796404004,0.2013888888888889
developmental_synthetic,edge_severe_queue,world_bottleneck-seed-1318810389743050509,item_0040,0,0.8376744482545002,0.7596982046053012,0.17675903311877927,0.11497362796404004,0.2013888888888889
developmental_synthetic,edge_severe_queue,world_bottleneck-seed-1318810389743050509,item_0041,0,0.8376744482545002,0.7596982046053012,0.17675903311877927,0.11497362796404004,0.2013888888888889
developmental_synthetic,edge_severe_queue,world_bottleneck-seed-1318810389743050509,item_0042,0,0.8376744482545002,0.7596982046053012,0.17675903311877927,0.11497362796404004,0.2013888888888889
developmental_synthetic,edge_severe_queue,world_bottleneck-seed-1318810389743050509,item_0043,0,0.8376744482545002,0.7596982046053012,0.17675903311877927,0.11497362796404004,0.2013888888888889
developmental_synthetic,edge_severe_queue,world_bottleneck-seed-1318810389743050509,item_0044,0,0.8376744482545002,0.7596982046053012,0.17675903311877927,0.11497362796404004,0.2013888888888889
developmental_synthetic,edge_severe_queue,world_bottleneck-seed-1318810389743050509,item_0045,0,0.8376744482545002,0.7596982046053012,0.17675903311877927,0.11497362796404004,0.2013888888888889
developmental_synthetic,edge_severe_queue,world_bottleneck-seed-1318810389743050509,item_0046,0,0.8376744482545002,0.7596982046053012,0.17675903311877927,0.11497362796404004,0.2013888888888889
developmental_synthetic,edge_severe_queue,world_bottleneck-seed-1318810389743050509,item_0047,0,0.8376744482545002,0.7596982046053012,0.17675903311877927,0.11497362796404004,0.2013888888888889
developmental_synthetic,edge_severe_queue,world_bottleneck-seed-1318810389743050509,item_0048,0,0.8376744482545002,0.7596982046053012,0.17675903311877927,0.11497362796404004,0.2013888888888889
developmental_synthetic,edge_severe_queue,world_bottleneck-seed-2672526422288897444,item_0001,1,0.8376744482545002,0.7596982046053012,0.17675903311877927,0.11497362796404004,0.2013888888888889
developmental_synthetic,edge_severe_queue,world_bottleneck-seed-2672526422288897444,item_0002,0,0.8376744482545002,0.7596982046053012,0.17675903311877927,0.11497362796404004,0.2013888888888889
developmental_synthetic,edge_severe_queue,world_bottleneck-seed-2672526422288897444,item_0003,1,0.8376744482545002,0.7596982046053012,0.17675903311877927,0.11497362796404004,0.2013888888888889
developmental_synthetic,edge_severe_queue,world_bottleneck-seed-2672526422288897444,item_0004,0,0.8376744482545002,0.7596982046053012,0.17675903311877927,0.11497362796404004,0.2013888888888889
developmental_synthetic,edge_severe_queue,world_bottleneck-seed-2672526422288897444,item_0005,1,0.8376744482545002,0.7596982046053012,0.17675903311877927,0.11497362796404004,0.2013888888888889
developmental_synthetic,edge_severe_queue,world_bottleneck-seed-2672526422288897444,item_0006,0,0.8376744482545002,0.7596982046053012,0.17675903311877927,0.11497362796404004,0.2013888888888889
developmental_synthetic,edge_severe_queue,world_bottleneck-seed-2672526422288897444,item_0007,1,0.8376744482545002,0.7596982046053012,0.17675903311877927,0.11497362796404004,0.2013888888888889
developmental_synthetic,edge_severe_queue,world_bottleneck-seed-2672526422288897444,item_0008,0,0.8376744482545002,0.7596982046053012,0.17675903311877927,0.11497362796404004,0.2013888888888889
developmental_synthetic,edge_severe_queue,world_bottleneck-seed-2672526422288897444,item_0009,1,0.8376744482545002,0.7596982046053012,0.17675903311877927,0.11497362796404004,0.2013888888888889
developmental_synthetic,edge_severe_queue,world_bottleneck-seed-2672526422288897444,item_0010,0,0.8376744482545002,0.7596982046053012,0.17675903311877927,0.11497362796404004,0.2013888888888889
developmental_synthetic,edge_severe_queue,world_bottleneck-seed-2672526422288897444,item_0011,1,0.8376744482545002,0.7596982046053012,0.17675903311877927,0.11497362796404004,0.2013888888888889
developmental_synthetic,edge_severe_queue,world_bottleneck-seed-2672526422288897444,item_0012,0,0.8376744482545002,0.7596982046053012,0.17675903311877927,0.11497362796404004,0.2013888888888889
developmental_synthetic,edge_severe_queue,world_bottleneck-seed-2672526422288897444,item_0013,0,0.8376744482545002,0.7596982046053012,0.17675903311877927,0.11497362796404004,0.2013888888888889
developmental_synthetic,edge_severe_queue,world_bottleneck-seed-2672526422288897444,item_0014,0,0.8376744482545002,0.7596982046053012,0.17675903311877927,0.11497362796404004,0.2013888888888889
developmental_synthetic,edge_severe_queue,world_bottleneck-seed-2672526422288897444,item_0015,0,0.8376744482545002,0.7596982046053012,0.17675903311877927,0.11497362796404004,0.2013888888888889
developmental_synthetic,edge_severe_queue,world_bottleneck-seed-2672526422288897444,item_0016,0,0.8376744482545002,0.7596982046053012,0.17675903311877927,0.11497362796404004,0.2013888888888889
developmental_synthetic,edge_severe_queue,world_bottleneck-seed-2672526422288897444,item_0017,1,0.8376744482545002,0.7596982046053012,0.17675903311877927,0.11497362796404004,0.2013888888888889
developmental_synthetic,edge_severe_queue,world_bottleneck-seed-2672526422288897444,item_0018,0,0.8376744482545002,0.7596982046053012,0.17675903311877927,0.11497362796404004,0.2013888888888889
developmental_synthetic,edge_severe_queue,world_bottleneck-seed-2672526422288897444,item_0019,1,0.8376744482545002,0.7596982046053012,0.17675903311877927,0.11497362796404004,0.2013888888888889
developmental_synthetic,edge_severe_queue,world_bottleneck-seed-2672526422288897444,item_0020,0,0.8376744482545002,0.7596982046053012,0.17675903311877927,0.11497362796404004,0.2013888888888889
developmental_synthetic,edge_severe_queue,world_bottleneck-seed-2672526422288897444,item_0021,0,0.8376744482545002,0.7596982046053012,0.17675903311877927,0.11497362796404004,0.2013888888888889
developmental_synthetic,edge_severe_queue,world_bottleneck-seed-2672526422288897444,item_0022,0,0.8376744482545002,0.7596982046053012,0.17675903311877927,0.11497362796404004,0.2013888888888889
developmental_synthetic,edge_severe_queue,world_bottleneck-seed-2672526422288897444,item_0023,0,0.8376744482545002,0.7596982046053012,0.17675903311877927,0.11497362796404004,0.2013888888888889
developmental_synthetic,edge_severe_queue,world_bottleneck-seed-2672526422288897444,item_0024,0,0.8376744482545002,0.7596982046053012,0.17675903311877927,0.11497362796404004,0.2013888888888889
developmental_synthetic,edge_severe_queue,world_bottleneck-seed-2672526422288897444,item_0025,0,0.8376744482545002,0.7596982046053012,0.17675903311877927,0.11497362796404004,0.2013888888888889
developmental_synthetic,edge_severe_queue,world_bottleneck-seed-2672526422288897444,item_0026,0,0.8376744482545002,0.7596982046053012,0.17675903311877927,0.11497362796404004,0.2013888888888889
developmental_synthetic,edge_severe_queue,world_bottleneck-seed-2672526422288897444,item_0027,0,0.8376744482545002,0.7596982046053012,0.17675903311877927,0.11497362796404004,0.2013888888888889
developmental_synthetic,edge_severe_queue,world_bottleneck-seed-2672526422288897444,item_0028,0,0.8376744482545002,0.7596982046053012,0.17675903311877927,0.11497362796404004,0.2013888888888889
developmental_synthetic,edge_severe_queue,world_bottleneck-seed-2672526422288897444,item_0029,0,0.8376744482545002,0.7596982046053012,0.17675903311877927,0.11497362796404004,0.2013888888888889
developmental_synthetic,edge_severe_queue,world_bottleneck-seed-2672526422288897444,item_0030,0,0.8376744482545002,0.7596982046053012,0.17675903311877927,0.11497362796404004,0.2013888888888889
developmental_synthetic,edge_severe_queue,world_bottleneck-seed-2672526422288897444,item_0031,0,0.8376744482545002,0.7596982046053012,0.17675903311877927,0.11497362796404004,0.2013888888888889
developmental_synthetic,edge_severe_queue,world_bottleneck-seed-2672526422288897444,item_0032,0,0.8376744482545002,0.7596982046053012,0.17675903311877927,0.11497362796404004,0.2013888888888889
developmental_synthetic,edge_severe_queue,world_bottleneck-seed-2672526422288897444,item_0033,0,0.8376744482545002,0.7596982046053012,0.17675903311877927,0.11497362796404004,0.2013888888888889
developmental_synthetic,edge_severe_queue,world_bottleneck-seed-2672526422288897444,item_0034,0,0.8376744482545002,0.7596982046053012,0.17675903311877927,0.11497362796404004,0.2013888888888889
developmental_synthetic,edge_severe_queue,world_bottleneck-seed-2672526422288897444,item_0035,0,0.8376744482545002,0.7596982046053012,0.17675903311877927,0.11497362796404004,0.2013888888888889
developmental_synthetic,edge_severe_queue,world_bottleneck-seed-2672526422288897444,item_0036,0,0.8376744482545002,0.7596982046053012,0.17675903311877927,0.11497362796404004,0.2013888888888889
developmental_synthetic,edge_severe_queue,world_bottleneck-seed-2672526422288897444,item_0037,0,0.8376744482545002,0.7596982046053012,0.17675903311877927,0.11497362796404004,0.2013888888888889
developmental_synthetic,edge_severe_queue,world_bottleneck-seed-2672526422288897444,item_0038,0,0.8376744482545002,0.7596982046053012,0.17675903311877927,0.11497362796404004,0.2013888888888889
developmental_synthetic,edge_severe_queue,world_bottleneck-seed-2672526422288897444,item_0039,0,0.8376744482545002,0.7596982046053012,0.17675903311877927,0.11497362796404004,0.2013888888888889
developmental_synthetic,edge_severe_queue,world_bottleneck-seed-2672526422288897444,item_0040,0,0.8376744482545002,0.7596982046053012,0.17675903311877927,0.11497362796404004,0.2013888888888889
developmental_synthetic,edge_severe_queue,world_bottleneck-seed-2672526422288897444,item_0041,0,0.8376744482545002,0.7596982046053012,0.17675903311877927,0.11497362796404004,0.2013888888888889
developmental_synthetic,edge_severe_queue,world_bottleneck-seed-2672526422288897444,item_0042,0,0.8376744482545002,0.7596982046053012,0.17675903311877927,0.11497362796404004,0.2013888888888889
developmental_synthetic,edge_severe_queue,world_bottleneck-seed-2672526422288897444,item_0043,0,0.8376744482545002,0.7596982046053012,0.17675903311877927,0.11497362796404004,0.2013888888888889
developmental_synthetic,edge_severe_queue,world_bottleneck-seed-2672526422288897444,item_0044,0,0.8376744482545002,0.7596982046053012,0.17675903311877927,0.11497362796404004,0.2013888888888889
developmental_synthetic,edge_severe_queue,world_bottleneck-seed-2672526422288897444,item_0045,0,0.8376744482545002,0.7596982046053012,0.17675903311877927,0.11497362796404004,0.2013888888888889
developmental_synthetic,edge_severe_queue,world_bottleneck-seed-2672526422288897444,item_0046,0,0.8376744482545002,0.7596982046053012,0.17675903311877927,0.11497362796404004,0.2013888888888889
developmental_synthetic,edge_severe_queue,world_bottleneck-seed-2672526422288897444,item_0047,0,0.8376744482545002,0.7596982046053012,0.17675903311877927,0.11497362796404004,0.2013888888888889
developmental_synthetic,edge_severe_queue,world_bottleneck-seed-2672526422288897444,item_0048,0,0.8376744482545002,0.7596982046053012,0.17675903311877927,0.11497362796404004,0.2013888888888889
developmental_synthetic,edge_severe_queue,world_bottleneck-seed-2184401695212112810,item_0001,1,0.8376744482545002,0.7596982046053012,0.17675903311877927,0.11497362796404004,0.2013888888888889
developmental_synthetic,edge_severe_queue,world_bottleneck-seed-2184401695212112810,item_0002,0,0.8376744482545002,0.7596982046053012,0.17675903311877927,0.11497362796404004,0.2013888888888889
developmental_synthetic,edge_severe_queue,world_bottleneck-seed-2184401695212112810,item_0003,1,0.8376744482545002,0.7596982046053012,0.17675903311877927,0.11497362796404004,0.2013888888888889
developmental_synthetic,edge_severe_queue,world_bottleneck-seed-2184401695212112810,item_0004,0,0.8376744482545002,0.7596982046053012,0.17675903311877927,0.11497362796404004,0.2013888888888889
developmental_synthetic,edge_severe_queue,world_bottleneck-seed-2184401695212112810,item_0005,1,0.8376744482545002,0.7596982046053012,0.17675903311877927,0.11497362796404004,0.2013888888888889
developmental_synthetic,edge_severe_queue,world_bottleneck-seed-2184401695212112810,item_0006,0,0.8376744482545002,0.7596982046053012,0.17675903311877927,0.11497362796404004,0.2013888888888889
developmental_synthetic,edge_severe_queue,world_bottleneck-seed-2184401695212112810,item_0007,1,0.8376744482545002,0.7596982046053012,0.17675903311877927,0.11497362796404004,0.2013888888888889
developmental_synthetic,edge_severe_queue,world_bottleneck-seed-2184401695212112810,item_0008,0,0.8376744482545002,0.7596982046053012,0.17675903311877927,0.11497362796404004,0.2013888888888889
developmental_synthetic,edge_severe_queue,world_bottleneck-seed-2184401695212112810,item_0009,1,0.8376744482545002,0.7596982046053012,0.17675903311877927,0.11497362796404004,0.2013888888888889
developmental_synthetic,edge_severe_queue,world_bottleneck-seed-2184401695212112810,item_0010,0,0.8376744482545002,0.7596982046053012,0.17675903311877927,0.11497362796404004,0.2013888888888889
developmental_synthetic,edge_severe_queue,world_bottleneck-seed-2184401695212112810,item_0011,1,0.8376744482545002,0.7596982046053012,0.17675903311877927,0.11497362796404004,0.2013888888888889
developmental_synthetic,edge_severe_queue,world_bottleneck-seed-2184401695212112810,item_0012,0,0.8376744482545002,0.7596982046053012,0.17675903311877927,0.11497362796404004,0.2013888888888889
developmental_synthetic,edge_severe_queue,world_bottleneck-seed-2184401695212112810,item_0013,1,0.8376744482545002,0.7596982046053012,0.17675903311877927,0.11497362796404004,0.2013888888888889
developmental_synthetic,edge_severe_queue,world_bottleneck-seed-2184401695212112810,item_0014,0,0.8376744482545002,0.7596982046053012,0.17675903311877927,0.11497362796404004,0.2013888888888889
developmental_synthetic,edge_severe_queue,world_bottleneck-seed-2184401695212112810,item_0015,1,0.8376744482545002,0.7596982046053012,0.17675903311877927,0.11497362796404004,0.2013888888888889
developmental_synthetic,edge_severe_queue,world_bottleneck-seed-2184401695212112810,item_0016,0,0.8376744482545002,0.7596982046053012,0.17675903311877927,0.11497362796404004,0.2013888888888889
developmental_synthetic,edge_severe_queue,world_bottleneck-seed-2184401695212112810,item_0017,1,0.8376744482545002,0.7596982046053012,0.17675903311877927,0.11497362796404004,0.2013888888888889
developmental_synthetic,edge_severe_queue,world_bottleneck-seed-2184401695212112810,item_0018,0,0.8376744482545002,0.7596982046053012,0.17675903311877927,0.11497362796404004,0.2013888888888889
developmental_synthetic,edge_severe_queue,world_bottleneck-seed-2184401695212112810,item_0019,1,0.8376744482545002,0.7596982046053012,0.17675903311877927,0.11497362796404004,0.2013888888888889
developmental_synthetic,edge_severe_queue,world_bottleneck-seed-2184401695212112810,item_0020,0,0.8376744482545002,0.7596982046053012,0.17675903311877927,0.11497362796404004,0.2013888888888889
developmental_synthetic,edge_severe_queue,world_bottleneck-seed-2184401695212112810,item_0021,1,0.8376744482545002,0.7596982046053012,0.17675903311877927,0.11497362796404004,0.2013888888888889
developmental_synthetic,edge_severe_queue,world_bottleneck-seed-2184401695212112810,item_0022,0,0.8376744482545002,0.7596982046053012,0.17675903311877927,0.11497362796404004,0.2013888888888889
developmental_synthetic,edge_severe_queue,world_bottleneck-seed-2184401695212112810,item_0023,0,0.8376744482545002,0.7596982046053012,0.17675903311877927,0.11497362796404004,0.2013888888888889
developmental_synthetic,edge_severe_queue,world_bottleneck-seed-2184401695212112810,item_0024,0,0.8376744482545002,0.7596982046053012,0.17675903311877927,0.11497362796404004,0.2013888888888889
developmental_synthetic,edge_severe_queue,world_bottleneck-seed-2184401695212112810,item_0025,0,0.8376744482545002,0.7596982046053012,0.17675903311877927,0.11497362796404004,0.2013888888888889
developmental_synthetic,edge_severe_queue,world_bottleneck-seed-2184401695212112810,item_0026,0,0.8376744482545002,0.7596982046053012,0.17675903311877927,0.11497362796404004,0.2013888888888889
developmental_synthetic,edge_severe_queue,world_bottleneck-seed-2184401695212112810,item_0027,0,0.8376744482545002,0.7596982046053012,0.17675903311877927,0.11497362796404004,0.2013888888888889
developmental_synthetic,edge_severe_queue,world_bottleneck-seed-2184401695212112810,item_0028,0,0.8376744482545002,0.7596982046053012,0.17675903311877927,0.11497362796404004,0.2013888888888889
developmental_synthetic,edge_severe_queue,world_bottleneck-seed-2184401695212112810,item_0029,0,0.8376744482545002,0.7596982046053012,0.17675903311877927,0.11497362796404004,0.2013888888888889
developmental_synthetic,edge_severe_queue,world_bottleneck-seed-2184401695212112810,item_0030,0,0.8376744482545002,0.7596982046053012,0.17675903311877927,0.11497362796404004,0.2013888888888889
developmental_synthetic,edge_severe_queue,world_bottleneck-seed-2184401695212112810,item_0031,0,0.8376744482545002,0.7596982046053012,0.17675903311877927,0.11497362796404004,0.2013888888888889
developmental_synthetic,edge_severe_queue,world_bottleneck-seed-2184401695212112810,item_0032,0,0.8376744482545002,0.7596982046053012,0.17675903311877927,0.11497362796404004,0.2013888888888889
developmental_synthetic,edge_severe_queue,world_bottleneck-seed-2184401695212112810,item_0033,0,0.8376744482545002,0.7596982046053012,0.17675903311877927,0.11497362796404004,0.2013888888888889
developmental_synthetic,edge_severe_queue,world_bottleneck-seed-2184401695212112810,item_0034,0,0.8376744482545002,0.7596982046053012,0.17675903311877927,0.11497362796404004,0.2013888888888889
developmental_synthetic,edge_severe_queue,world_bottleneck-seed-2184401695212112810,item_0035,0,0.8376744482545002,0.7596982046053012,0.17675903311877927,0.11497362796404004,0.2013888888888889
developmental_synthetic,edge_severe_queue,world_bottleneck-seed-2184401695212112810,item_0036,0,0.8376744482545002,0.7596982046053012,0.17675903311877927,0.11497362796404004,0.2013888888888889
developmental_synthetic,edge_severe_queue,world_bottleneck-seed-2184401695212112810,item_0037,0,0.8376744482545002,0.7596982046053012,0.17675903311877927,0.11497362796404004,0.2013888888888889
developmental_synthetic,edge_severe_queue,world_bottleneck-seed-2184401695212112810,item_0038,0,0.8376744482545002,0.7596982046053012,0.17675903311877927,0.11497362796404004,0.2013888888888889
developmental_synthetic,edge_severe_queue,world_bottleneck-seed-2184401695212112810,item_0039,0,0.8376744482545002,0.7596982046053012,0.17675903311877927,0.11497362796404004,0.2013888888888889
developmental_synthetic,edge_severe_queue,world_bottleneck-seed-2184401695212112810,item_0040,0,0.8376744482545002,0.7596982046053012,0.17675903311877927,0.11497362796404004,0.2013888888888889
developmental_synthetic,edge_severe_queue,world_bottleneck-seed-2184401695212112810,item_0041,0,0.8376744482545002,0.7596982046053012,0.17675903311877927,0.11497362796404004,0.2013888888888889
developmental_synthetic,edge_severe_queue,world_bottleneck-seed-2184401695212112810,item_0042,0,0.8376744482545002,0.7596982046053012,0.17675903311877927,0.11497362796404004,0.2013888888888889
developmental_synthetic,edge_severe_queue,world_bottleneck-seed-2184401695212112810,item_0043,0,0.8376744482545002,0.7596982046053012,0.17675903311877927,0.11497362796404004,0.2013888888888889
developmental_synthetic,edge_severe_queue,world_bottleneck-seed-2184401695212112810,item_0044,0,0.8376744482545002,0.7596982046053012,0.17675903311877927,0.11497362796404004,0.2013888888888889
developmental_synthetic,edge_severe_queue,world_bottleneck-seed-2184401695212112810,item_0045,0,0.8376744482545002,0.7596982046053012,0.17675903311877927,0.11497362796404004,0.2013888888888889
developmental_synthetic,edge_severe_queue,world_bottleneck-seed-2184401695212112810,item_0046,0,0.8376744482545002,0.7596982046053012,0.17675903311877927,0.11497362796404004,0.2013888888888889
developmental_synthetic,edge_severe_queue,world_bottleneck-seed-2184401695212112810,item_0047,0,0.8376744482545002,0.7596982046053012,0.17675903311877927,0.11497362796404004,0.2013888888888889
developmental_synthetic,edge_severe_queue,world_bottleneck-seed-2184401695212112810,item_0048,0,0.8376744482545002,0.7596982046053012,0.17675903311877927,0.11497362796404004,0.2013888888888889
